model,kinase,source_pdb,target_pdb,t,distance_to_source,distance_to_target,distance_to_active,distance_to_inactive,distance_matrix_consistency_error,is_observed_structure,supervision_status
aligned_full_conditioning_guidance_0.0,KIT,6gql,8pqf,0.0,0.0,10.4865083694458,10.4865083694458,0.0,0.0,True,observed source endpoint
aligned_full_conditioning_guidance_0.0,KIT,6gql,8pqf,0.25,2.141697883605957,10.230083465576172,10.230083465576172,2.141697883605957,1.2183767557144165,False,latent generated hypothesis
aligned_full_conditioning_guidance_0.0,KIT,6gql,8pqf,0.5,4.534748077392578,10.458532333374023,10.458532333374023,4.534748077392578,2.324507713317871,False,latent generated hypothesis
aligned_full_conditioning_guidance_0.0,KIT,6gql,8pqf,0.75,7.143379211425781,11.256786346435547,11.256786346435547,7.143379211425781,3.481398344039917,False,latent generated hypothesis
aligned_full_conditioning_guidance_0.0,KIT,6gql,8pqf,1.0,9.269465446472168,12.409530639648438,12.409530639648438,9.269465446472168,4.708567142486572,False,generated endpoint prediction supervised against observed target
aligned_full_conditioning_guidance_0.0,KIT,6gql,8pqc,0.0,0.0,9.130705833435059,9.130705833435059,0.0,0.0,True,observed source endpoint
aligned_full_conditioning_guidance_0.0,KIT,6gql,8pqc,0.25,2.1876814365386963,8.918966293334961,8.918966293334961,2.1876814365386963,1.1477117538452148,False,latent generated hypothesis
aligned_full_conditioning_guidance_0.0,KIT,6gql,8pqc,0.5,4.594554424285889,9.261873245239258,9.261873245239258,4.594554424285889,2.1768710613250732,False,latent generated hypothesis
aligned_full_conditioning_guidance_0.0,KIT,6gql,8pqc,0.75,7.221420764923096,10.267935752868652,10.267935752868652,7.221420764923096,3.2818374633789062,False,latent generated hypothesis
aligned_full_conditioning_guidance_0.0,KIT,6gql,8pqc,1.0,9.386552810668945,11.58743953704834,11.58743953704834,9.386552810668945,4.458471298217773,False,generated endpoint prediction supervised against observed target
aligned_full_conditioning_guidance_0.0,MET,3rhk,4iwd,0.0,0.0,9.51522445678711,9.51522445678711,0.0,0.0,True,observed source endpoint
aligned_full_conditioning_guidance_0.0,MET,3rhk,4iwd,0.25,2.1542484760284424,9.424277305603027,9.424277305603027,2.1542484760284424,1.0124822854995728,False,latent generated hypothesis
aligned_full_conditioning_guidance_0.0,MET,3rhk,4iwd,0.5,4.5740065574646,9.81707763671875,9.81707763671875,4.5740065574646,1.977824330329895,False,latent generated hypothesis
aligned_full_conditioning_guidance_0.0,MET,3rhk,4iwd,0.75,7.190398216247559,10.83697509765625,10.83697509765625,7.190398216247559,3.057347059249878,False,latent generated hypothesis
aligned_full_conditioning_guidance_0.0,MET,3rhk,4iwd,1.0,9.367592811584473,12.218985557556152,12.218985557556152,9.367592811584473,4.218337535858154,False,generated endpoint prediction supervised against observed target
aligned_full_conditioning_guidance_0.0,MET,3efj,3efk,0.0,0.0,0.585792064666748,0.585792064666748,0.0,0.0,True,observed source endpoint
aligned_full_conditioning_guidance_0.0,MET,3efj,3efk,0.25,2.2982451915740967,2.4147210121154785,2.4147210121154785,2.2982451915740967,0.7984251976013184,False,latent generated hypothesis
aligned_full_conditioning_guidance_0.0,MET,3efj,3efk,0.5,4.882287502288818,4.961335182189941,4.961335182189941,4.882287502288818,1.517447829246521,False,latent generated hypothesis
aligned_full_conditioning_guidance_0.0,MET,3efj,3efk,0.75,7.542117118835449,7.6049604415893555,7.6049604415893555,7.542117118835449,2.3735721111297607,False,latent generated hypothesis
aligned_full_conditioning_guidance_0.0,MET,3efj,3efk,1.0,9.874393463134766,9.926445960998535,9.926445960998535,9.874393463134766,3.3067944049835205,False,generated endpoint prediction supervised against observed target
