residue_index,generated_vs_source,generated_vs_real_target_neighbor
0,3.2629228,60.701805
1,3.3330362,61.321224
2,3.53342,66.44564
3,4.6517634,4.4570603
4,4.6389914,5.4484544
5,3.9180503,4.278803
6,5.571271,5.5672684
7,8.409742,8.582845
8,9.633833,10.13946
9,9.328989,9.328734
10,8.56436,8.632635
11,6.4096885,6.764949
12,4.868923,5.6700664
13,4.0343466,4.5350447
14,3.6991372,4.3263316
15,2.5666423,2.831708
16,2.7717745,2.905979
17,4.096343,4.127084
18,3.8670483,3.8757439
19,3.5641625,3.644908
20,3.6853807,3.8449273
21,4.2316546,4.348247
22,4.560119,4.582977
23,3.8948019,4.3040833
24,6.2565904,6.1699758
25,10.2687435,9.273254
26,6.9073853,7.26378
27,3.2641633,3.22304
28,3.750375,3.6825478
29,3.8657122,3.44409
30,1.5340885,1.2963219
31,1.588466,1.760354
32,2.55859,2.5451806
33,3.4060268,3.3908114
34,2.0591247,2.0293477
35,1.7484607,1.6932937
36,1.3378494,3.038287
37,0.8509141,0.27502638
38,1.9274719,1.6579174
39,5.0262914,5.696504
40,4.985483,5.0242686
41,2.9727125,2.7099133
42,1.983734,1.7564971
43,0.89156866,0.7128317
44,1.0410738,1.4538333
45,1.030867,0.5052529
46,1.1635568,0.95435035
47,2.2118366,1.2487615
48,2.5950649,1.5564779
49,2.9836905,1.7430727
50,3.205414,2.5552018
51,2.8932078,2.0779097
52,2.7086225,2.2497513
53,2.8749375,2.499373
54,2.960841,2.6432524
55,2.485472,1.7706571
56,1.9299283,1.3636128
57,2.517307,2.0935946
58,2.728639,2.0122805
59,2.8688471,2.149589
60,2.576476,1.8957833
61,2.2173946,1.3285817
62,1.8978213,0.84085
63,2.3548152,1.4964193
64,1.7802551,1.0176977
65,1.6016548,0.8630217
66,2.0386627,1.6291262
67,2.4378014,1.952877
68,2.9251702,2.0563407
69,2.808124,1.871355
70,2.49868,1.5511928
71,1.9557018,1.1776621
72,1.5451682,1.3336076
73,9.013753,11.709777
74,12.118362,12.545705
75,12.314954,12.416947
76,8.976654,9.54119
77,1.7585346,1.2437587
78,3.6330507,8.874844
79,1.1120001,2.328799
80,0.56064564,1.4547045
81,1.8689866,2.6841445
82,0.94419944,1.6043414
83,1.597443,1.7638912
84,1.2747091,1.8280317
85,5.8072085,6.9842353
86,2.27474,2.5372188
87,2.2996614,2.4557605
88,1.4466013,1.7109743
89,1.2652661,1.118688
90,1.1892382,1.4462565
91,1.9097383,1.915031
92,3.4101207,3.7713294
93,1.832592,2.3900893
94,0.83930266,1.2105346
95,0.53153074,1.8938795
96,0.69904983,1.4145827
97,1.2630785,3.0974631
98,2.7204673,1.8307219
99,6.12072,6.835911
100,9.974153,10.730537
101,8.139201,10.158633
102,1.9223994,5.289156
103,1.9674631,3.5718777
104,4.595349,1.5519949
105,8.537604,11.770783
106,7.851285,6.608157
107,1.8307916,1.8916056
108,3.1204531,3.5829225
109,10.053788,10.488235
110,9.296674,9.510961
111,5.250793,5.6895695
112,0.8886165,1.2504568
113,7.2580104,7.4882517
114,10.457947,10.699079
115,8.53546,9.06545
116,7.037385,7.402521
117,3.1832087,3.3141532
118,4.17093,4.8524866
119,5.5455914,5.7098737
120,5.9177675,6.024467
121,6.1652536,6.4662013
122,5.926055,6.0072165
123,4.022294,4.338604
124,1.108067,1.6363788
125,0.8139646,1.0354834
126,2.044711,2.2477474
127,2.2386196,2.424169
128,2.5458224,2.6857417
129,0.8926084,1.1242927
130,0.35278323,0.422715
131,1.1467334,0.9726228
132,1.3294126,1.0838462
133,0.8150662,0.48546064
134,1.2072554,0.38912484
135,0.68836606,0.78597206
136,0.60650975,0.37864512
137,0.87410724,0.5097117
138,1.3698374,0.8950438
139,1.7607664,0.9823211
140,2.0778122,1.336412
141,2.1905062,1.3330051
142,2.003478,1.0335051
143,2.3215766,3.6860585
144,2.5042021,1.5787832
145,1.8831909,0.8930892
146,1.7772866,0.6621926
147,2.03101,0.7971025
148,2.3389447,2.348608
149,1.741,1.3307027
150,2.069214,1.2999312
151,2.6492102,2.176461
152,2.559083,1.7310457
153,2.3999462,3.7223992
154,2.4935038,1.9018744
155,2.5018356,1.3712555
156,2.6619327,2.1829696
157,2.573521,2.3839567
158,2.165098,1.5659106
159,1.6556705,1.5480118
160,1.3380774,1.1469755
161,1.37926,1.3535227
162,1.2982954,1.5587363
163,1.5338491,1.1454191
164,2.192926,2.19114
165,1.7920719,1.4614719
166,1.4983099,1.1877877
167,2.246096,1.8007339
168,3.0338469,2.54692
169,3.754971,3.5733511
170,3.7420676,3.3153107
171,5.257574,4.6725793
172,5.3304486,4.6598277
173,5.1473336,4.3495092
174,4.856631,4.3849545
175,4.4173865,2.8972003
176,3.8290327,3.4986587
177,3.8396363,3.3022957
178,3.4230003,5.6450925
179,4.3302603,3.8967936
180,4.695504,4.6721334
181,5.1476045,4.796868
182,5.6258,5.240322
183,5.945009,5.5352306
184,5.977508,5.776237
185,6.040755,5.49446
186,6.4578977,6.023746
187,6.6738634,6.12898
188,6.758861,6.371099
189,6.650066,6.190247
190,6.8319683,6.2900586
191,7.3182855,6.6710935
