epoch,train_total_loss,train_flow_loss,train_geometry_loss,train_core_preservation_loss,train_target_profile_loss,validation_total_loss,validation_flow_loss,validation_geometry_loss,validation_core_preservation_loss,validation_target_profile_loss,validation_target_probability,validation_accuracy,validation_geometric_validity,validation_broken_geometry,validation_source_generated_rmsd,validation_target_neighbor_distance,train_accuracy,train_target_probability,learning_rate
1,0.046709251353296184,0.04358731240223525,0.006800905801355839,0.008719722369401637,0.008897853324631765,0.02490430363618276,0.02106466018320883,0.0010785793274408206,0.00517352602636332,0.031065753770663458,0.3498243444010821,0.34558823529411764,0.6380686334827367,0.3445550144156989,1.513640110983568,0.2435184054021888,0.59375,0.6030443751467729,0.0002
2,0.0165854381334226,0.014280658988755638,0.004266501931173695,0.00660062956986791,0.007914158683349142,0.024535579442539635,0.020603746285333353,0.0017066083074656919,0.004496089388232897,0.031409029848873615,,,,,,,,,0.0001999980260856137
3,0.014053893401839976,0.012104481955895485,0.003239370170207221,0.005247395244916364,0.007767979652518249,0.024963214062154293,0.02122204115285593,0.0016468210532740854,0.003404707887538654,0.030713381793569115,,,,,,,,,0.00019999210442038165
4,0.013645571427640774,0.01189601857815001,0.002700371580924523,0.004608858716121669,0.007485925380764056,0.024321175180375576,0.020325696725836572,0.0027227239864741396,0.0037916035987162855,0.030717733863960293,,,,,,,,,0.00019998223523808094
5,0.013105695372668364,0.011320522394410129,0.0024825770711778836,0.004214957956287821,0.008671617125539835,0.024173294303610045,0.020150239360244834,0.0026202483842258945,0.003806031367275864,0.031184025848393932,0.3221489777622674,0.3235294117647059,0.6384989763883984,0.344076222356628,1.4774291940471704,0.2621238217415178,0.28125,0.395868888569169,0.00019996841892833004
6,0.01219135413135765,0.010653502063162752,0.002204016677766912,0.004113235317517893,0.006857251308432196,0.024608044118127403,0.020816033925203717,0.002146847113823135,0.003177032960058354,0.030449375948485208,,,,,,,,,0.00019995065603657322
7,0.012554587875256094,0.010868248119318889,0.001849934067064107,0.005162784963909347,0.008000744982243721,0.02410821572822683,0.020240550203358427,0.0013743310641182367,0.004390621663975146,0.03153736637357403,,,,,,,,,0.00019992894726405898
8,0.012266576984676264,0.010853751309973708,0.0018224513219369544,0.00355728399560992,0.006926068959173636,0.023851538953535697,0.020081184229210895,0.0018138262847274104,0.0032091844991287764,0.030866708962575477,,,,,,,,,0.00019990329346781255
9,0.011317750060204732,0.009846069447506788,0.0019164762984550858,0.0033956480102013734,0.00748820496738841,0.024775101364973712,0.020844466326867834,0.0021282414835535318,0.004069170726271456,0.030980699093026275,,,,,,,,,0.00019987369566060184
10,0.011292122659604933,0.009847988524489988,0.0019519915715475583,0.003386674584994503,0.007150684154821339,0.024011599612148368,0.02016289488357656,0.0015172586136031896,0.004378598453887903,0.03107393111157067,0.33407698703489386,0.34558823529411764,0.6405476371155066,0.3436912498710787,1.450383541338584,0.2656607532818966,0.53125,0.5480501919165591,0.00019984015501089758
11,0.012207474599008337,0.010562472266413398,0.0018059362023989908,0.005211325143306058,0.007626825343754332,0.024474355556509075,0.02069521478979903,0.0013773820469128516,0.003922924330896314,0.031113719622440198,,,,,,,,,0.00019980267284282723
12,0.012029716508242033,0.01052789801289722,0.0017557041532107456,0.004579691845781596,0.006927085030622685,0.023844236727146542,0.02013396126601626,0.0019773059483507976,0.0028211556970799234,0.030326986082774753,,,,,,,,,0.00019976125063612257
13,0.011167504335358992,0.009625533473346446,0.0016059863649434962,0.0035356697547486273,0.008672065839518682,0.02362649471444242,0.01994260573102271,0.0010892601430361323,0.004031351890743655,0.030629019499482477,,,,,,,,,0.00019971589002606144
14,0.011160166665785393,0.009685169329266932,0.0015923491752138203,0.0034132180321109246,0.008152056577658849,0.024003341629662934,0.020203231286038372,0.001904928995132008,0.0032946548719123446,0.030896594364415195,,,,,,,,,0.00019966659280340303
15,0.010874269175011728,0.009431904750102657,0.0013549990075940297,0.003701735112295186,0.008011910596258654,0.024092458243317464,0.02026394020546885,0.0019164894226431737,0.0036852361654917546,0.030766964013523915,0.27937632596758283,0.29411764705882354,0.642549484529916,0.3435289463137879,1.4678767989663517,0.2602828070932232,0.375,0.4638938149076834,0.0001996133609143173
16,0.010967923265139935,0.009513958179691837,0.0015630773702731073,0.004148318878201358,0.007265177169633177,0.02408605589367011,0.02033422005308025,0.0018323506065986723,0.003410376752178897,0.030443278963074964,,,,,,,,,0.00019955619646030805
17,0.010888219503212278,0.009451302313009056,0.001549032051116228,0.0036527225649047456,0.007618384739636617,0.02407514802454149,0.020246475633672056,0.0015067823491442729,0.004336270911153406,0.030936885323813734,,,,,,,,,0.00019949510169813006
18,0.010108747369593989,0.00878415611509423,0.001405217196452984,0.0031657898621002246,0.00726968852578173,0.023695330135524273,0.020052378997206688,0.00123051944811938,0.003194688435863046,0.03077378252740292,,,,,,,,,0.00019943007903969992
19,0.010347929506925709,0.009057948898555617,0.0014112601194814858,0.0032990669054215995,0.006778218722270833,0.024488610708538222,0.020578695543329504,0.002049332928008345,0.004077543716822916,0.030922946520149708,,,,,,,,,0.00019936113105200088
20,0.010431550683895662,0.009160025724036208,0.0014122984504279822,0.003631504688617158,0.006259148383031646,0.024107348721693542,0.02035202066797544,0.0013995703278958578,0.0038995662437039703,0.030854574404656887,0.2576225014237755,0.21323529411764705,0.6421343302902054,0.3438754202250172,1.350395704016966,0.2614828426089576,0.3125,0.3905392948621302,0.0001992882604569814
21,0.010953163128283065,0.009572332251375005,0.001497624791227281,0.004629530932091303,0.006183528127267136,0.024613982449997875,0.020759871914325392,0.0018807254536488257,0.004253135987228769,0.03052651580861386,,,,,,,,,0.00019921147013144782
22,0.010448373680523896,0.009111880608913252,0.0013612387859720295,0.004266405203853244,0.0063760479491882785,0.02447969395229045,0.020699113306096372,0.0019601772501653828,0.003466898767168031,0.030418549171265435,,,,,,,,,0.00019913076310695068
23,0.009637669600956774,0.008466453244120388,0.0013560490757700498,0.003034819132585268,0.005965247198789365,0.024440258083974615,0.020640631836345968,0.0020602436441763796,0.0030278594109832365,0.030847913969089005,,,,,,,,,0.00019904614256966512
24,0.00932396259316701,0.00799376638290488,0.0013202364986636124,0.003170539642747302,0.007490949865807463,0.024374551687608745,0.02063006428344285,0.0015723670932108209,0.0035991025061401375,0.030701037386760992,,,,,,,,,0.0001989576118602651
25,0.009773925428231389,0.008497379144053843,0.0013919219589729052,0.003405647912709895,0.006575970058092627,0.024231680066269988,0.020257937968434656,0.001931540948777076,0.004543539554373745,0.03133079771171598,0.25396852960899885,0.21323529411764705,0.64190334695227,0.3412033121704179,1.0474984133068252,0.24958847154972746,0.28125,0.38179103572323997,0.0001988651744737914
26,0.009492631875357385,0.008063339391502283,0.0013938263774912615,0.0035459004792432157,0.007959370607395768,0.024580100112978148,0.02070508461774272,0.0026047162400038145,0.0028862939318915937,0.030654428855461234,,,,,,,,,0.0001987688340595138
27,0.009526829057673023,0.008122374816655608,0.0012792497271498255,0.003370327131143945,0.008115715370908126,0.02419452166513485,0.020351439057027593,0.0013172625536646914,0.005077421302249765,0.030718877774608487,,,,,,,,,0.00019866859442078683
28,0.010281974402398376,0.00886813955286802,0.0013284550218101022,0.004097208753622816,0.007384229473615759,0.024350253810339114,0.02047488874043612,0.002026241717805319,0.003920652831712847,0.030780518810976955,,,,,,,,,0.00019856445951489985
29,0.009468639569388608,0.008033684715312921,0.0013397252167401425,0.00304908905241449,0.008621008818085163,0.024024743805913365,0.020213389221359703,0.0013938121727037737,0.004390463356257361,0.030935456346282187,,,,,,,,,0.0001984564334529206
30,0.00903597476860603,0.007535670461701387,0.001532917311494002,0.003801022798328076,0.008136185403554147,0.024598719716510353,0.020803724141681895,0.0021397773260319166,0.003104000133188332,0.03056639972526361,0.27363560929320996,0.22058823529411764,0.6464366693707073,0.3397631080382887,1.5615596499513178,0.24347521739957087,0.375,0.4778424941922871,0.00019834452049953302
31,0.009578123649234995,0.008199661192720977,0.0012783649963547744,0.004519060350780897,0.006708833953302543,0.02575848750112688,0.021643037852995536,0.0028170887543477446,0.004306805874768864,0.031213514643776065,,,,,,,,,0.00019822872507286893
32,0.009244897521211434,0.00794633409655574,0.00154628605735725,0.003555583384803544,0.006337478953725421,0.024502788779928404,0.020605408970047447,0.001987200649797588,0.003920254153747331,0.031079148380633664,,,,,,,,,0.00019810905174433345
33,0.008640305115446702,0.007208114517536961,0.0015062934786112885,0.0035085351151114296,0.007800784247130219,0.025148637647576192,0.02136349242509288,0.002259100561358911,0.002907713484840796,0.0304255385280532,,,,,,,,,0.00019798550523842474
34,0.008806363229592473,0.007584766042813406,0.0014937560999434504,0.003104370446496848,0.006124089624914262,0.024500012836035562,0.020451248842565453,0.0030338855559581563,0.003563112147864612,0.030856754849938786,,,,,,,,,0.00019785809043254728
35,0.00961278120087365,0.008107908350273462,0.0015784635611067889,0.004314120493876606,0.007577681787690874,0.02437013278112692,0.020329252597601974,0.0029138800883254804,0.0038920363945448224,0.030688999412471756,0.32020833208371885,0.3382352941176471,0.6422346286913928,0.34000240512849655,1.1867292365607094,0.2407837265294374,0.375,0.42887976749057155,0.00019772681235681944
36,0.009533190057944443,0.008118879803756283,0.0015444723125626096,0.0036936837576045578,0.007360474693873045,0.024937704315080363,0.021036060554358887,0.0021645572226535637,0.00362942017176572,0.03105789899606915,,,,,,,,,0.00019759167619387482
37,0.008856654936700301,0.007467505111658977,0.0012307822984501215,0.003913368925183885,0.007516564808241329,0.024098807343227023,0.02036943385267959,0.0013632546431515092,0.0034646665033719994,0.031102556160048526,,,,,,,,,0.0001974526872786578
38,0.008821136452320773,0.007342315791964026,0.0013967785062820855,0.0036417823324327247,0.008352866986277118,0.024370521800044703,0.02049906223135836,0.0017731614284189966,0.003860491286853657,0.03130777848555761,,,,,,,,,0.00019730985109821272
39,0.008763960179857026,0.007462173798989694,0.0013066954512180667,0.0032774849786912485,0.007126988269885907,0.024432141388602117,0.020701961756190834,0.001537110427093199,0.003766419783727649,0.03046115572728655,,,,,,,,,0.00019716317329146745
40,0.008552278174971372,0.007188841980739923,0.0011603738964630008,0.0034419787017691693,0.007871635693768671,0.024500062853536186,0.020617572837235296,0.0021183031820007324,0.003720431759789148,0.03086786002249402,0.32400670207253623,0.33088235294117646,0.6451421388808418,0.3388164932565654,1.133238207329722,0.2386477130383034,0.3125,0.3970718975149219,0.00019701265964901062
41,0.008858687457454911,0.007527252106722128,0.0014905662638908725,0.003925329082156137,0.006407891939319197,0.02418012182940455,0.020310375894255498,0.0019010105204549344,0.004069609471651561,0.030825829489485305,,,,,,,,,0.00019685831611286313
42,0.00990180405235644,0.008404274826269533,0.0013244503021824284,0.0047161752097624335,0.0076102166470156,0.024330281707293847,0.020507455584319198,0.0021357358423034277,0.0032501184135018024,0.03070666958742282,,,,,,,,,0.00019670014877624353
43,0.009251219228352025,0.0077549344504851915,0.0011826758766231144,0.004972678141557943,0.00762481737282064,0.024323790169814053,0.02046948348117225,0.0021388323075370863,0.0035129927632891957,0.03075240845518077,,,,,,,,,0.0001965381638833274
44,0.00818604988961528,0.006992481163529269,0.0011801465722274477,0.0037170662327622207,0.005858327511212615,0.02437141608885106,0.02055349321488072,0.0014746833031120546,0.004241829101160607,0.030988031039562297,,,,,,,,,0.000196372367829001
45,0.008676124981336169,0.007329016904173009,0.0014353785042303725,0.0037276429495127017,0.006872679445284845,0.023989719229147714,0.020349306547466445,0.0013159183384713663,0.0032745753517648313,0.030497714603210196,0.2963436841768864,0.3161764705882353,0.6381741652593893,0.33968857089605403,1.3126507681958817,0.24176683816510966,0.3125,0.4303601704548009,0.00019620276715860861
46,0.008030002909096874,0.006615922671853233,0.0013823823754723042,0.003456854168720291,0.007919182652662808,0.024262418039143085,0.020376314354293486,0.002142727717428523,0.003315386191174826,0.0312601916546769,,,,,,,,,0.00019602936856769434
47,0.00837569567374885,0.007041555292651815,0.0013348480353084535,0.00347986750865071,0.007191840127372909,0.024199886631001446,0.020428816513980135,0.0013042641187305836,0.0035790428108371354,0.03152312798535123,,,,,,,,,0.00019585217890173763
48,0.008305187096377299,0.006972503864159018,0.0013001398065016936,0.003973120115144904,0.006753432004065332,0.024331446846618372,0.02040891393142588,0.002664575901101617,0.003389526726951932,0.030506649903733942,,,,,,,,,0.0001956712051558831
49,0.00885949103098552,0.007479394304613441,0.0012918807155752586,0.0034734587662584955,0.007743747047566951,0.024232350837658432,0.020245675216702855,0.0024353524016024653,0.0042572903980994045,0.030738753677510163,,,,,,,,,0.00019548645447466434
50,0.00822344966532694,0.006705335811001517,0.0013406292527472063,0.003882221098184207,0.008617658781724335,0.024403309559120852,0.02047370215330054,0.002041481065509074,0.004179230593281853,0.0310338792281554,0.32771249964158405,0.34558823529411764,0.6468686514041003,0.3389690387446214,1.1823713284204989,0.23893955711494475,0.4375,0.4665762081624223,0.00019529793415172192
51,0.007710573456834181,0.006321286111754381,0.0014313822918003267,0.003482534524479534,0.00754757438859334,0.02425308125641416,0.020304366206640705,0.0024234999642323922,0.003863407141419456,0.03077674194184296,,,,,,,,,0.0001951056516295154
52,0.009131834345033108,0.007583621482885742,0.001339453011080307,0.0046992115281774835,0.00810401011317558,0.024174211875480765,0.020350404878092164,0.0010947577264981672,0.005148427684188765,0.03090012213215232,,,,,,,,,0.0001949096144990295
53,0.009538157290573848,0.00807540394736738,0.0016352964833505072,0.004321669228374958,0.0070352705118593645,0.02392875200466198,0.019932961146182874,0.0023657998724101004,0.004131475319702397,0.03109483204453307,,,,,,,,,0.00019470983049947442
54,0.008452570772240474,0.0069409892815402,0.001437043547196219,0.00405807871474111,0.008183649170875423,0.024736510918420905,0.020675989525283083,0.0026070042975548215,0.004287027517634937,0.031104184878880486,,,,,,,,,0.00019450630751798048
55,0.009208987056577609,0.007766708913180283,0.0014485162751891223,0.004110872579770068,0.007414875658607836,0.02450216019197422,0.0205173654591336,0.0030843392973217893,0.0031144865172202975,0.030564784811919227,0.32721966588190166,0.34558823529411764,0.648509655805195,0.3378299393088502,0.9658831244005877,0.23859395917422851,0.34375,0.4177058490750094,0.00019429905358928646
56,0.007758025186515208,0.006443861068889372,0.0012236943959763622,0.0033807171532347544,0.007313535013532077,0.024205744047375286,0.020416028797626495,0.0012407315542291412,0.004358413081397028,0.03105727884480182,,,,,,,,,0.00019408807689542257
57,0.008055279690425023,0.006727910138887621,0.0011558382499615772,0.0037036044937479545,0.007258414987364184,0.023972436785697937,0.02026410126949058,0.0014803362137172371,0.0033939562409239657,0.030728729003492522,,,,,,,,,0.00019387338576538744
58,0.008557535163363663,0.007258391201148851,0.0014189921942997282,0.003306117514542983,0.00684733787981667,0.024103182587115204,0.020322164109743693,0.0014070948151022416,0.003960022271391661,0.031035972101723448,,,,,,,,,0.00019365498867481926
59,0.008225242287646664,0.00693114943036778,0.001384830441704746,0.0035416783993842743,0.006629588797203091,0.02404516886043198,0.020155184272238436,0.001636074171127642,0.004742506391587941,0.03088519278475467,,,,,,,,,0.00019343289424566122
60,0.008018149307660632,0.006647433432497842,0.0011695775645390405,0.0034933446776279705,0.007874658690386657,0.024251177742639008,0.02030017939122284,0.0025052985258619577,0.0036561572444899115,0.030843228375648752,0.2765549262151833,0.2867647058823529,0.6466864395667525,0.3382149093839176,1.0581911552478285,0.2389701623880469,0.5625,0.5225750569087024,0.00019320711124582108
61,0.007386464025762121,0.006025115675213984,0.0014338696916129882,0.0034216009297455517,0.007324143682342118,0.024227319778326678,0.02047704075298765,0.0013710654225981083,0.004026760655345724,0.03073389269411564,,,,,,,,,0.00019297764858882514
62,0.008529672268935936,0.0071558925990109976,0.0013378984393488805,0.0039144731462159655,0.007147526188942967,0.023620389621047413,0.019657726892653632,0.0027574791627771713,0.0032608535325647716,0.030850815970231506,,,,,,,,,0.00019274451533346612
63,0.008600010899669034,0.0072450957426769755,0.00137227726902939,0.0034935275167700345,0.007311069195442912,0.023818543947794858,0.02001574747812222,0.0016289090922595385,0.004013007801190457,0.030757139245157734,,,,,,,,,0.00019250772068344577
64,0.008505398565429752,0.007103900855280838,0.0013739367585897573,0.0039532742072370345,0.007313829133882961,0.02390032491701491,0.020122627892038402,0.0016099215632386726,0.004159896278425175,0.030397229718373102,,,,,,,,,0.00019226727398701147
65,0.007581537960381326,0.0062214161064160075,0.0014532178539735407,0.003541943352764188,0.0071528398385468745,0.023779922219760278,0.019932154319523013,0.0015833678651902387,0.004139077524408041,0.031171861762071356,0.336501908801005,0.34558823529411764,0.6424844032701325,0.341186483609764,1.0635096470222754,0.24199926706633584,0.5,0.500200024496827,0.00019202318473658702
66,0.008377416947288281,0.006991166518843275,0.0013771726102647134,0.00397788540665376,0.007130273142770343,0.023923107642023003,0.0201699933694566,0.0017495787863427883,0.0034591214926502504,0.030572865925291005,,,,,,,,,0.0001917754625683981
67,0.00789924763079922,0.006389503162038528,0.0013814378713289182,0.004362517995444142,0.007972051289378492,0.02431176811018411,0.02031507986762068,0.0018136020362897612,0.005006065099116634,0.03133361167548334,,,,,,,,,0.00019152411726209174
68,0.00914027912234414,0.007635579284643597,0.0014473703380090074,0.004716855166006392,0.007435403664110986,0.024595983107300365,0.020713851074962056,0.0011567539828213152,0.0048566488720312275,0.031651168952093404,,,,,,,,,0.00019126915874035028
69,0.008806813299119219,0.007400635866669275,0.0013905665235420279,0.003897678103076957,0.0073829630983725065,0.02409713753663442,0.020244445432634914,0.0023510379251092672,0.0034091501489884276,0.03041569414712927,,,,,,,,,0.00019101059706849957
70,0.007815185508106724,0.006373316921704149,0.0013436400153974102,0.0036365239845462523,0.008094882795792388,0.02397724487544859,0.019986271529513246,0.002356278242693995,0.004482845994917785,0.03071432763381916,0.3683666500308039,0.375,0.6369166952722213,0.34147864848594456,1.0059510156073992,0.24926552962621346,0.5625,0.5515635123202256,0.0001907484424541117
71,0.007276770445691832,0.006058238742683651,0.0013291134964674711,0.003770641272224612,0.005756448759002832,0.024576696950723145,0.020577194607433152,0.001849852635881261,0.005042956203824896,0.03125236306668205,,,,,,,,,0.00019048270524660196
72,0.00745363142420301,0.006022228867257551,0.0016751097371186113,0.003553662693790965,0.00741014313653222,0.02385019642465255,0.019976912559393573,0.002146632602328763,0.0037286492331665665,0.030710927238140034,,,,,,,,,0.00019021339593682028
73,0.007259065841750826,0.005918611346159951,0.0013019268231276992,0.0033740977444922772,0.007426593079275089,0.024332555942237377,0.020240168525453878,0.0022953650862772893,0.005501462215119425,0.030831681098788977,,,,,,,,,0.0001899405251566371
74,0.008422259501797162,0.007098141635405057,0.001340670540723634,0.0035431270104817163,0.0070167111042468665,0.024820406482938456,0.02082353479721967,0.0020766849621021025,0.004327091268565068,0.03148825855596977,,,,,,,,,0.0001896641036785236
75,0.00790098718351732,0.0065705763586496905,0.001257726787471102,0.004234809641552679,0.006553844629413985,0.024207651286440736,0.020421373329180127,0.0015503667082692333,0.003819353577187833,0.03094269291442983,0.3879197816666086,0.375,0.646624315310927,0.3377671178759021,0.9199383587521666,0.23605988270548336,0.53125,0.5440450246693117,0.00018938414241512636
76,0.007160482324375692,0.0058572529933525845,0.0014335177828936633,0.0034956388960797656,0.006669619495060958,0.02408989518880844,0.02019437249092495,0.0019578824199818295,0.004354191601605099,0.030685270424274838,,,,,,,,,0.00018910065241883677
77,0.0075078328155865105,0.006229731489083398,0.0012103097584351139,0.0036423152146892526,0.0067180787998456825,0.023892128182684675,0.020206184236004072,0.0013585399548687478,0.003478629740557688,0.030663732466671395,,,,,,,,,0.00018881364488135445
78,0.008040429266580081,0.006617105648837099,0.0011595574925827273,0.004565093129620714,0.007349028145515565,0.024157938547432423,0.02029923116788268,0.0017617184776634745,0.004430419741444947,0.030633210998905057,,,,,,,,,0.00018852313113324552
79,0.008025113722088478,0.006585143585452589,0.0013453139621622356,0.004383792165445827,0.007325280941154619,0.02406978525002213,0.020331267952261603,0.0016746822597376782,0.003169299818931476,0.03086650776950752,,,,,,,,,0.00018822912264349534
80,0.008373250174572912,0.006825070267827329,0.0012923474847812647,0.005938131012953818,0.006958973957067829,0.02402930646477377,0.020225937450852466,0.001239266782410114,0.004752445945461445,0.030802702476434848,0.25290231866589385,0.2867647058823529,0.6440208843525719,0.3386357228874284,1.1380794350715244,0.23879935217144735,0.375,0.40548335030364063,0.00018793163101905563
81,0.0073883911531607985,0.005958311405758989,0.0012708865066642983,0.0038520317579919506,0.00790699261587934,0.023928676567533436,0.02004362689331174,0.002306432220982114,0.0036746964598184124,0.030562933643951136,,,,,,,,,0.00018763066800438636
82,0.008416872578120585,0.007056920284058078,0.0012976478309749421,0.004180661947229656,0.006823564314784609,0.024137334843330523,0.020161529783816898,0.0028673603459644843,0.003339719451854334,0.030683610999189755,,,,,,,,,0.000187326245480992
83,0.007466074000349489,0.006215627490684895,0.0013571078701623543,0.003856463529469477,0.005933786231838956,0.02404533266363775,0.020263492540620705,0.0015892116900752572,0.0036068837610347304,0.031033091274473595,,,,,,,,,0.00018701837546695256
84,0.008568724325337148,0.007172178058742972,0.0013339053957833577,0.004276327810534355,0.007021324943861593,0.023940770065083224,0.020181155708782813,0.001536149124149233,0.0035251582534435917,0.030998685999828225,,,,,,,,,0.00018670707011644898
85,0.007480538387040971,0.006146362998475463,0.00125119803272093,0.0036436218938048362,0.0071957368439189715,0.024553903926383045,0.020693578729953838,0.00232050456928418,0.0028294685146059186,0.031132775879300693,0.2949077172509887,0.3235294117647059,0.6426734858575989,0.3396465995842043,1.2894166681696386,0.24019102828905864,0.4375,0.38570052039083375,0.0001863923417192835
86,0.007585602678295414,0.006059451798229652,0.0013769055160267627,0.0038810498909866912,0.008626647861832279,0.024078550529392326,0.020265772664809927,0.0018726615457768168,0.0037896420142394215,0.0305928156218108,,,,,,,,,0.00018607420270039436
87,0.008295114420480648,0.00657973735853714,0.0013919005701239458,0.0059723857774446575,0.008397583566089082,0.02352545952753109,0.019810377510593218,0.001420117822229205,0.003968393460929613,0.03034218877334805,,,,,,,,,0.00018575266561936523
88,0.007224095290747739,0.005924961541510992,0.0012012175057414857,0.0036652295424018876,0.006923672863503255,0.023737631957320607,0.020022703033378896,0.001508767346796744,0.0037946581022183902,0.030337097808061278,,,,,,,,,0.0001854277431699295
89,0.00867380627620397,0.007037205353252969,0.0012780898595939122,0.005860196485705042,0.007949632086881863,0.023952967213357195,0.020112718236358726,0.00178866321734591,0.0037987987606731407,0.03102636756375432,,,,,,,,,0.0001850994481794692
90,0.007552399033664773,0.006153835834130266,0.0014411547532999667,0.00389818120668879,0.007205141607624621,0.02356110480340088,0.019726823604501346,0.0016199816848658135,0.004429722136324819,0.030673119896913275,0.30194240454539767,0.3235294117647059,0.6319145349895253,0.3435984465896207,1.361545098835931,0.2587662391118048,0.46875,0.4437860725354135,0.0001847677936085083
91,0.007102895902974879,0.005790561559941556,0.0013065760998623604,0.003930014901463006,0.006580176319279787,0.023879293790634942,0.02010437468176379,0.0017133088309920447,0.004065919058013926,0.030256659175981495,,,,,,,,,0.00018443279255020146
92,0.007397018369066261,0.0058453014846575465,0.0011558640448344965,0.00509235758918448,0.00811308287271551,0.0237122346263598,0.019946195760413128,0.0016896788832074141,0.0037327140966868576,0.030548315002199483,,,,,,,,,0.00018409445822981687
93,0.0076759160748856555,0.006406499660905387,0.0012425102285598798,0.004191023212762834,0.006018120402340003,0.024252571822965845,0.02029898403869832,0.0020052144493948776,0.004753244314890574,0.03077220922226415,,,,,,,,,0.00018375280400421414
94,0.007315854048672117,0.005871074132116164,0.0011846264183000361,0.00456144224844431,0.007517104230720503,0.024049065788002574,0.02013594881795785,0.002355067614082466,0.003794060492723742,0.03062697483555359,,,,,,,,,0.00018340784336131708
95,0.00849215856800645,0.006950360389378995,0.0011746820883225587,0.005747888760120308,0.007320728321693901,0.023853425813071868,0.020132354460656643,0.0014651347437928267,0.0040121361038044975,0.03026830341995639,0.22586833848434637,0.25,0.6342620358747595,0.34141160706605983,1.2675057851216371,0.25311353732831776,0.4375,0.4278235573421779,0.00018305958991958124
96,0.007424494993509882,0.005932575610655723,0.0011867888496746703,0.004669841215156524,0.007875775440864392,0.023498643847072825,0.019690936239545837,0.002384173002450124,0.0028643159414915476,0.03044441230047275,,,,,,,,,0.00018270805742745614
97,0.00686097251630183,0.005529292430965451,0.0013700380548440172,0.004254961907232212,0.006321763427399288,0.024501500432105625,0.020504021441892666,0.0028081250887172404,0.003579724532113794,0.03077881739420049,,,,,,,,,0.0001823532597628427
98,0.007193264792183951,0.005752782779351129,0.001184155423612476,0.004557861469023056,0.0074786476280848035,0.0237942621769274,0.019997729919850826,0.0014139945611960309,0.0041940111242344275,0.03094332336502917,,,,,,,,,0.0001819952109325452
99,0.006933692416523473,0.005608130613405068,0.001308481017585402,0.003982691179124354,0.006655964443965231,0.023802227724124405,0.019979397108887926,0.002202933233895558,0.0034705586936872672,0.030351884115268204,,,,,,,,,0.00018163392507171837
100,0.0070646789311668125,0.005509805068436821,0.001519134010669728,0.004189066292907474,0.0083214035997625,0.02371473199523547,0.019843367257100696,0.0019323289521065924,0.004039318321327514,0.030809674083310014,0.3176074955841722,0.34558823529411764,0.6299652299460243,0.3455944336841212,1.335927710375365,0.24898045053979492,0.65625,0.6020923075549619,0.00018126941644330935
101,0.007081950047858439,0.005538380799530927,0.0013256542132062427,0.004857354493559164,0.007927029949052544,0.023969869622412848,0.02007604146595387,0.0017154319177600829,0.004431009258362739,0.031076406594365835,,,,,,,,,0.0001809016994374947
102,0.006838024574158303,0.005413476839440607,0.001224441390673993,0.004322634824409576,0.007473959562850138,0.023952882353435543,0.020021222833105746,0.0022385326960562345,0.003908018006340545,0.03093151583829347,,,,,,,,,0.00018053078857111214
103,0.007045598211303606,0.005674027747048413,0.001355472226011551,0.004389436765558133,0.006615322551362501,0.023840476703994414,0.019994775025064453,0.002019955885343199,0.0034139367258724045,0.031003168784081936,,,,,,,,,0.00018015669848708761
104,0.006966188731524399,0.005683241500834919,0.001136067157642821,0.004243876674544003,0.006313460850417298,0.024134192122694326,0.02024427300099941,0.0018286931890008204,0.0040932821027715414,0.03114852076396346,,,,,,,,,0.00017977944395385705
105,0.0068313040360176965,0.005319164268735607,0.001207819164107096,0.004527633930793253,0.008178125449329993,0.024241577450405147,0.02020606434191851,0.0022637910040109142,0.004631007672287524,0.031196539071114623,0.2265218477421882,0.27205882352941174,0.6343273143557941,0.33774688954958143,1.1008911851574392,0.24756186723928242,0.34375,0.39834636952622443,0.00017939903986478347
106,0.0068846405641633576,0.005496221205803676,0.0012916422604930477,0.004457402634986882,0.006843506633323791,0.024039419422693113,0.02024392279631951,0.0023166073934750304,0.0025883294600883826,0.030733424019725883,,,,,,,,,0.00017901550123756898
107,0.006242746787177304,0.0049030603998798435,0.0013338793769589294,0.004241160886614757,0.006487944245267407,0.023864887764348704,0.020049118108170873,0.0016460746273343615,0.004184460301664384,0.030681089059833216,,,,,,,,,0.00017862884321366183
108,0.0068120083108670635,0.005408471071366537,0.00130621725160597,0.0042644805882631216,0.0071584568931168675,0.024089669096557534,0.020170291283113116,0.0019717246194726184,0.004687685615328305,0.030562642249552643,,,,,,,,,0.00017823908105765875
109,0.006729398850130581,0.005310103885229614,0.0011559251411739043,0.0046634585004678725,0.0072176407991071875,0.024160100201911786,0.020245211883721984,0.0018798863645369077,0.004477275511496426,0.03091183313004234,,,,,,,,,0.00017784623015670232
110,0.006786458944049427,0.0053824191889330995,0.001238690001566468,0.004883075795941434,0.006679941136468896,0.02387172126156442,0.02010498971075696,0.0012932987755287766,0.0040923337972558595,0.03098838118945851,0.343678025707043,0.375,0.6312583180911401,0.34402191326679554,1.4609276389374453,0.24898717815385146,0.46875,0.47113278929334446,0.00017745030601987337
111,0.006959663735607923,0.005523850466519342,0.0012084596072149984,0.004797317551338445,0.007143895372144594,0.024203847381560242,0.020334737977999097,0.0025640410980593193,0.0029590895111836933,0.030603924519656336,,,,,,,,,0.0001770513242775789
112,0.007768540729973781,0.00620929884598038,0.001166125255344846,0.006282174833497758,0.006977992713396138,0.02348447377410005,0.019556086373460645,0.002571876119712696,0.0035826967693591383,0.030557425583110136,,,,,,,,,0.00017664930068093498
113,0.006759129448841184,0.005364674964319851,0.001165389207633749,0.004499136122985412,0.0071146304026577555,0.023864994154256934,0.020015886190402156,0.0023021905148840126,0.003477050775579889,0.03040965076755075,,,,,,,,,0.0001762442511011448
114,0.00682114861447806,0.0052114498024111834,0.0010975253959659929,0.005612022525599321,0.008289914667484018,0.023265425773227915,0.019482719383257276,0.0017690882548991153,0.0035687050001476615,0.030720187953728086,,,,,,,,,0.0001758361915288722
115,0.006094060025288392,0.004718860561991015,0.001164988376855282,0.004191887024316495,0.007230130494848462,0.023485285996952477,0.019694366410155508,0.0019105261017102748,0.003693167496856083,0.030394977725604,0.33596185834841424,0.36764705882352944,0.6315962794949027,0.3446309917661197,1.1090056580655716,0.24333001711570165,0.5625,0.5616641808796868,0.0001754251380736104
116,0.00788487516880288,0.0063729493649897434,0.0011637534006988092,0.006180647342323752,0.006611104146478761,0.023455890991231975,0.01946443963028929,0.002264782733297633,0.004319492210497093,0.03106546062318718,,,,,,,,,0.00017501110696304596
117,0.006444743041233238,0.005039401212312534,0.00130045164960547,0.004270545485176904,0.007181969690294463,0.023783115231815505,0.019885434495175585,0.00230980762417483,0.0037611280362505246,0.030596064650179708,,,,,,,,,0.00017459411454241822
118,0.006372893765821295,0.004868149455494674,0.001161574758983896,0.004765594754983686,0.007958698990632448,0.023468737764393583,0.01962670116849682,0.0022390725977910575,0.003783854655921459,0.030158365391852224,,,,,,,,,0.00017417417727387391
119,0.0062756654135567155,0.004962077806309118,0.0011645581186512264,0.004274288705408068,0.006532470813076311,0.02365033492884215,0.019684611901860025,0.0021811577779076554,0.003914084127994583,0.03138082581298316,,,,,,,,,0.00017375131173581737
120,0.006491424184355696,0.005160373442222254,0.0011940713778485434,0.004300758447813786,0.0066216057353905575,0.02382073167930631,0.019828147337059763,0.001948292101801866,0.004776442680261372,0.031252815525102264,0.3361341158489363,0.3602941176470588,0.622302995665985,0.3416165023056023,1.3395328675122822,0.24540658152717001,0.53125,0.5765732601099317,0.000173325534622256
121,0.007321349806862615,0.005846430798124333,0.0011345168035003846,0.004682634607888758,0.007797520858298798,0.023568795774789417,0.019713085089974543,0.0021114693595069077,0.0038467606303610783,0.03048740595798282,,,,,,,,,0.00017289686274214115
122,0.006495396657925793,0.004902185785378945,0.0010706593767913469,0.004838927654880967,0.00895186206049649,0.023798013927743715,0.019812811522141975,0.002590172369416584,0.003963375097715899,0.03070830614032114,,,,,,,,,0.00017246531301870466
123,0.006668521083449408,0.005063509951361408,0.001196265738591615,0.006267010581569146,0.0073905689054823845,0.02391167269910083,0.020097302765968966,0.0012846854284255054,0.004585086546071312,0.030989241621950093,,,,,,,,,0.00017203090248879067
124,0.006713061048886028,0.005276294853301498,0.0012333151969222069,0.005175610384667071,0.006725421216056714,0.023971043801044718,0.02009263574419653,0.0015044454545097645,0.004724079400629681,0.03105111140757799,,,,,,,,,0.00017159364830218312
125,0.006501091379767,0.00506406408040074,0.0012895456679023298,0.004849977226991017,0.006941204680469266,0.024090495179681218,0.02017360125832698,0.001499956105630297,0.005060542278977878,0.031108484274762517,0.35108667638285784,0.34558823529411764,0.6327329247313387,0.34191792847259955,1.0745770418468643,0.24264466622844338,0.4375,0.4355545897621926,0.00017115356772092854
126,0.006280916008972011,0.004956977295894492,0.0012078847039601434,0.004884561936181607,0.005939056219777756,0.02345742827610058,0.019641660181257653,0.0014243410225711105,0.004433222590973053,0.03087577738744371,,,,,,,,,0.00017071067811865476
127,0.006273681672795092,0.004876853572599337,0.0011994392261840403,0.004861761630370708,0.006707641057338629,0.023855972706395036,0.019986766637029016,0.002028874273545465,0.0038939390215091407,0.03074037456227576,,,,,,,,,0.00017026499697988496
128,0.0060949165421395985,0.004663385774435128,0.0010744644737392033,0.004345239666921986,0.007821139229374732,0.023814905160928473,0.019811080001732883,0.002154885986408986,0.004826856270322905,0.030901622492820024,,,,,,,,,0.0001698165418993473
129,0.005734981092924284,0.004416874897966193,0.0010748513849941476,0.00511826842754953,0.005913091285777736,0.023717129438677254,0.019698209348408616,0.00280906558584641,0.0037854848196730018,0.030785587780615863,,,,,,,,,0.00016936533058128052
130,0.005497608854735302,0.004092260005378748,0.001099481733744743,0.003916309921512917,0.007938215167703643,0.023821848389856955,0.019936685806469005,0.0013075318424585823,0.00515075443613836,0.03108580974752412,0.2949868291540777,0.3235294117647059,0.625809507773203,0.3414140648811179,1.2604717068812425,0.24243620676262415,0.6875,0.6536131419675139,0.00016891138083873487
131,0.00663612649965463,0.005173006868463451,0.0011453459895673698,0.004850961252163022,0.007489543177791224,0.023614657659302738,0.019717806429766557,0.0013562682735723415,0.00504765658885898,0.031208322493030745,,,,,,,,,0.0001684547105928689
132,0.006530818760284554,0.00521350338644648,0.001102569922449667,0.005093468151891888,0.005874545841233141,0.023177912787479514,0.019374865162021974,0.002117548232062665,0.003123521657578428,0.030671866446295205,,,,,,,,,0.00016799533787224192
133,0.006573227881375006,0.005054453255656033,0.0010770998798484393,0.006400750553377478,0.006632795954474358,0.023716670954052138,0.019917770535411203,0.001819330923300346,0.003695789587629192,0.03065455469357617,,,,,,,,,0.00016753328081210245
134,0.005564442752876272,0.0041822017036315245,0.001235858922019222,0.004145150013678408,0.007205542284991371,0.02357238487285726,0.019853431895813522,0.0012691845254534308,0.004090479821624125,0.030560674091034076,,,,,,,,,0.00016706855765367203
135,0.006049181784550517,0.0047044415516242135,0.0011522158165462315,0.004481828252595486,0.00666114150879952,0.0239949205013759,0.020148952738108003,0.0010746814796755858,0.005203222554615315,0.03110709268709316,0.24206277086689465,0.21323529411764705,0.6317102589151439,0.33917128146790404,1.0409685073091703,0.24369469613713376,0.71875,0.6249856942622034,0.00016660118674342517
136,0.007569336022597627,0.006080841256889625,0.0012920932366781064,0.005024272761055095,0.007276488469037527,0.023403000908301157,0.01956250162466484,0.0021380686255938865,0.0032204460140372463,0.03090840167201617,,,,,,,,,0.00016613118653236518
137,0.006511640403482874,0.005042817518588597,0.0011386580861931256,0.005481072815955948,0.006929839719520977,0.02349159965182052,0.019517127479262212,0.0024586399051579923,0.004112882813548341,0.030714551863424918,,,,,,,,,0.00016565857557529563
138,0.005758217583268376,0.004371397639230146,0.0011123029684837339,0.004471115337811031,0.007172478593035474,0.023399085573413792,0.01953044966520632,0.002182812982937321,0.003900391864590347,0.030420339063686484,,,,,,,,,0.00016518337253008787
139,0.006356458570334619,0.004966958410153955,0.0011288169623447299,0.004562170015868999,0.007075197744613387,0.02330585738972706,0.019489873392397866,0.0011623218751457684,0.004605540546917301,0.031229655367924887,,,,,,,,,0.00016470559615694444
140,0.005430601600368144,0.004080002772290323,0.001106706320631744,0.004028466328883828,0.007264108594380698,0.023517131531501517,0.01961230711244485,0.0013575596573954338,0.00500032418024014,0.031332800877006614,0.3786406330263752,0.3602941176470588,0.6333128367276752,0.34247515377972054,1.1118957799147158,0.24547478230670094,0.5,0.4895576238772292,0.00016422526531765843
141,0.006614121557134441,0.00521394688935982,0.0010805271429767422,0.004832778368697707,0.00700791459530592,0.023773438242428443,0.01979772568515995,0.0019625664366792668,0.0044479638009386905,0.03138402698780684,,,,,,,,,0.00016374239897486896
142,0.005899567871307165,0.004526165736270911,0.0011410171124626393,0.004494020393733882,0.006957966644391891,0.02336469363859471,0.019484678694211385,0.0016698575345799327,0.004549915744813488,0.030910518759971157,,,,,,,,,0.00016325701619131244
143,0.005988023914712466,0.004572789038736689,0.0010527694929328005,0.00494719338327078,0.007099616296403899,0.023555840201237622,0.019573386621606702,0.0021339901003931813,0.004446165074649102,0.03111038959639914,,,,,,,,,0.00016276913612907004
144,0.007233630743477557,0.005750710148585297,0.0010696570576421158,0.006129683157176537,0.00656020821474682,0.023342870011487427,0.01945032661452013,0.0026408588849282,0.0028074206202290952,0.03083629845915472,,,,,,,,,0.00016227877804881124
145,0.006020719319645126,0.004616844556610085,0.0012468220192497059,0.004382034134261815,0.007163069156685181,0.022952898515059668,0.019105576663551962,0.0016199734733056497,0.004571773960967274,0.030661495128536925,0.3239041155148073,0.3235294117647059,0.6291654324706863,0.3433295866912779,1.449330155902049,0.24756731785943403,0.6875,0.713618141783289,0.00016178596130903342
146,0.005679669758399664,0.004401101906373465,0.001084847990383978,0.004297684816943513,0.006318297645598018,0.023279065704521013,0.019449470372980133,0.0021967566555009827,0.003412520300651736,0.030489916967995027,,,,,,,,,0.00016129070536529766
147,0.0071810775760056105,0.005518301431547409,0.0010844624682203314,0.005699110525202448,0.008759725026458786,0.023445378222009716,0.019609771121074173,0.0011700113733668866,0.005112837130368194,0.030903212452197775,,,,,,,,,0.00016079302976946055
148,0.00590150373182812,0.0045472129259921485,0.0011466454963152439,0.004312385691495581,0.0069372310427459494,0.023468040915973046,0.01963614477940342,0.001794436722240575,0.003998563296216375,0.03073152606649434,,,,,,,,,0.00016029295416890248
149,0.006241396152398596,0.004850519899973425,0.0010463182678272537,0.005023936950207009,0.006792188883005342,0.023442800047204775,0.019487122621606377,0.0018439897616832133,0.004634474636986852,0.031234322060995242,,,,,,,,,0.0001597904983057519
150,0.005489392012704985,0.00411643091415576,0.0011597990622680824,0.00489990568869763,0.0065101070854402445,0.023540588534053636,0.019571173251332605,0.0025401765151935466,0.003908471207764438,0.03070532442892299,0.3164416025751182,0.3235294117647059,0.6325195913805681,0.3406884782564114,1.5138492658734322,0.23770852349972463,0.6875,0.6333126325220029,0.00015928568201610595
151,0.0056553055113970725,0.004182887164939006,0.0011421571775749957,0.004167694322196609,0.008272174382740157,0.022839288501178518,0.018994047826922992,0.0022175863007706698,0.0030398572425303213,0.03097737624364741,,,,,,,,,0.00015877852522924735
152,0.005308006787514787,0.003942502256072426,0.0011715666969085775,0.004390928152380354,0.006920983999330251,0.02332811150699854,0.019294576555052224,0.0022062869085108534,0.004354859592721742,0.03156791558927473,,,,,,,,,0.00015826904796685764
153,0.006625262969094566,0.0052132732925494595,0.0011964055484602765,0.00525150806603606,0.006475578389284438,0.023213757695082354,0.019198797095347855,0.002478119086898754,0.004360828439102453,0.03083253914819044,,,,,,,,,0.00015775727034222678
154,0.0061949145214600584,0.004697866773359098,0.0011833645807879077,0.004895683014923233,0.007708065163430963,0.023197229568134334,0.01926967838559957,0.002348616229616763,0.004286262477227651,0.030292015988379717,,,,,,,,,0.0001572432125594591
155,0.005684985885775443,0.004391355489349088,0.0011111912870053519,0.004184755474976185,0.00652916557342998,0.023402502924642143,0.0194502929225564,0.0021461229685776156,0.003995715585701606,0.031234143575763002,0.3455035504758323,0.34558823529411764,0.6333596535465297,0.342404018923202,1.172455665819785,0.2455183002851246,0.5625,0.5170054963217039,0.0001567268949126757
156,0.005575598994964513,0.004201330463559825,0.0010252336811637348,0.004318768048059132,0.007373449936710393,0.022816793828764382,0.019121490528478342,0.0013513387598590378,0.003799630726194557,0.03045072902322692,,,,,,,,,0.0001562083377852131
157,0.005480167657231628,0.004171560550013841,0.0011449922487865817,0.0044339728458800305,0.006362112946374247,0.022842773455469048,0.01890922151505947,0.0028817774984739065,0.0033064076663268838,0.030265553498311955,,,,,,,,,0.00015568756164881885
158,0.005424301364948436,0.003979564147164761,0.0012550642575784507,0.004299546803063634,0.007637696535034515,0.023069500813589376,0.01913795036756817,0.0020189458634430435,0.004711435114800492,0.030566176290021223,,,,,,,,,0.00015516458706284306
159,0.005570686288114826,0.004219280526247191,0.0010919835767708719,0.0045631567047814195,0.0067669338008025815,0.022759645136401933,0.018992377883371186,0.0010974675576161483,0.004582860959036385,0.030894880840445265,,,,,,,,,0.00015463943467342693
160,0.005975956089352652,0.004453537310868249,0.0011408004161933343,0.005001752268349342,0.007940835219322531,0.023077724446706912,0.01903500087449656,0.0031466016576707583,0.00351298158057034,0.030621052253991365,0.2355837876365554,0.27205882352941174,0.6252151008914498,0.34254629082758636,1.552847307832802,0.2487208392635426,0.40625,0.5032069296871442,0.00015411212521268758
161,0.005393684210287312,0.004043527831465511,0.0011465371787642777,0.005264926989862727,0.005943562309119566,0.02266975979813758,0.018830408944803124,0.002337024232153507,0.003333152922363404,0.030386305030654457,,,,,,,,,0.00015358267949789966
162,0.005551810873577655,0.004222234097404121,0.0010528255942656454,0.004740619962892921,0.006449496617710407,0.022875458714278304,0.019035361542859498,0.0016888071207658334,0.004149474888382589,0.030873881817302284,,,,,,,,,0.0001530511184306734
163,0.005388096259054491,0.004021436840264222,0.0011469716703424514,0.0044530910968591094,0.006919559641342642,0.023125950575751418,0.019203922410002527,0.0027119134696583975,0.0032676232033683095,0.03052883450051441,,,,,,,,,0.0001525174629961296
164,0.006430830139572085,0.004932600237287076,0.0011457948140421155,0.005394854720966038,0.007295854580568907,0.02317020872279125,0.019219708930262747,0.001994106955381165,0.004694956943721455,0.03082182797986795,,,,,,,,,0.00015198173426207097
165,0.005353713317348038,0.004032375101568335,0.0011213335121776592,0.004382367526038976,0.0065883473691459495,0.02307449998881887,0.018933311734786806,0.0032488713837023277,0.003935947065816864,0.03097819523228442,0.2461217419877142,0.25735294117647056,0.6266720588592922,0.34076547222759795,1.4512572174563128,0.2495719587211223,0.71875,0.7035937568533068,0.0001514439533781507
166,0.006052443749760672,0.004636494397438305,0.0011131745650653996,0.005564596876896665,0.006368547751493279,0.02299183842671268,0.019079208154888713,0.0021441107622676473,0.004354600315256154,0.03048348002245321,,,,,,,,,0.00015090414157503717
167,0.005824984789241926,0.0043275320342094714,0.0012379432702831672,0.004172859022835806,0.008325781387580812,0.023082627914845943,0.019295018905883327,0.0013855103521457162,0.004535991828614736,0.0305690790855271,,,,,,,,,0.0001503623201635761
168,0.0052877202456406616,0.003949632071021755,0.0010344213105627667,0.004996687536901336,0.006315351525021685,0.023116297855534974,0.019003169748055583,0.003057248116580441,0.004172757582958131,0.030844026464311516,,,,,,,,,0.0001498185105339491
169,0.006748966774035056,0.005251809921099851,0.001089681147092606,0.005078523936760375,0.007713682717205641,0.023146135951666272,0.019232019891633707,0.0016560882470323978,0.00484254932962358,0.030986432835240576,,,,,,,,,0.00014927273415482918
170,0.005680346885159359,0.004209930538910173,0.0010223301064412472,0.005131779291856466,0.007527723525141729,0.02350376661428634,0.019382975694230375,0.003281898729790769,0.003752799752606627,0.030891315518494916,0.3073982287142681,0.3088235294117647,0.634248162893688,0.3410091876216671,1.243066772380296,0.23816593324162944,0.65625,0.6088933751831541,0.00014872501257253326
171,0.0057498457628475915,0.004335283070913185,0.0010651022736456687,0.004733818318789541,0.007281603538766661,0.023431157364564782,0.019480792942511684,0.0026006898791392278,0.0032413148677305262,0.03106094551656176,,,,,,,,,0.00014817536741017155
172,0.0051396460493363565,0.0037601860240101814,0.0010643085381963242,0.004527594306174729,0.007138388772037322,0.023407749393407035,0.019325325676404378,0.0031223462548736923,0.004112546133589657,0.030466993805021048,,,,,,,,,0.00014762382036679394
173,0.005989182910140035,0.004563209237688679,0.0010196964791186658,0.005587090528964744,0.006633252981789726,0.02322751990355113,0.019378843881628093,0.0020713312551379204,0.003302960245705703,0.03104113313533804,,,,,,,,,0.0001470703932165333
174,0.005389654223601949,0.004117000990121042,0.001089658246817604,0.004456494899340353,0.0060907209586052195,0.02315352873547989,0.019203543799984103,0.0021660120983142406,0.004493086852188057,0.0306747362620252,,,,,,,,,0.0001465151078077459
175,0.0054769132846682255,0.004071899030704872,0.0009834493532129643,0.004305760466919864,0.0077774832676306875,0.02327610070214552,0.019261844593155032,0.00201353503165164,0.005215839825241882,0.030899649677688584,0.31776140408421444,0.3235294117647059,0.6293970363981584,0.3401051640839261,1.46169596647515,0.23912985773537965,0.46875,0.47672307076355,0.00014595798606214884
176,0.005082864981239377,0.0037829594438011614,0.0009475848450072867,0.00461738831876635,0.0064864970296739715,0.022997219389414087,0.019014462719068807,0.002516746668227236,0.004211750477278496,0.03058231539805146,,,,,,,,,0.0001453990499739547
177,0.0050238727402510275,0.003773493883673544,0.0010706078610382974,0.004265940789591079,0.006096631959889684,0.022997152553323436,0.019090628169257853,0.0017548892304629965,0.004750093280830804,0.030805369044708854,,,,,,,,,0.0001448383216090033
178,0.005524839921775511,0.004150780407175169,0.0010269942359951466,0.00469031723579234,0.006996289206376709,0.02326938701683984,0.019216841798933113,0.002452502667438239,0.004375538460033781,0.031244909308631632,,,,,,,,,0.0001442758231038902
179,0.00509704823084807,0.0037725573835768185,0.0009571199800613952,0.004232080901925594,0.00709858761535034,0.022961826501962018,0.018934032551067716,0.0030661950826042276,0.0039770817521083005,0.030168466543888346,,,,,,,,,0.00014371157666509332
180,0.005471837320128235,0.004181608251864248,0.0010146829398285787,0.004702904841752123,0.006170019989101201,0.02285572705680833,0.018809615798732814,0.003026628942119286,0.003713714629959534,0.030694141134838846,0.31645272837361155,0.33088235294117646,0.6304289602181491,0.3412332952789524,1.5466991535880987,0.24016226585680508,0.75,0.6609138498200632,0.00014314560456809593
181,0.005170800577123034,0.003837085549987979,0.001078344353719346,0.004459172964759044,0.006721288056539024,0.023187150795231846,0.01927149876513902,0.0018432956541587105,0.004427147748441819,0.0310427810284583,,,,,,,,,0.00014257792915650728
182,0.005419439008712011,0.0040184298680179704,0.0011752772152865843,0.005096889720535127,0.006562647237087269,0.023096140912350488,0.019004244959967977,0.0025696080205414224,0.004754026228671565,0.031025724321165505,,,,,,,,,0.00014200857284118063
183,0.005354685385285293,0.0039829423363020615,0.0011232476109259966,0.004199873139071515,0.0072710616982707725,0.023187199333573088,0.01944825181956677,0.001501717310234466,0.0037622146774083376,0.030623827896573964,,,,,,,,,0.00014143755809932842
184,0.005450188028389367,0.004032804123599524,0.0012337161796325345,0.004483332166890219,0.007223074279540076,0.022949385292389813,0.018895999638035017,0.0029904690899831407,0.0041307920302428745,0.030422125285600916,,,,,,,,,0.0001408649074736349
185,0.0050916583514062025,0.0037549492307165163,0.0010633726152433555,0.004547603811153164,0.0066927423586248085,0.022759767577928657,0.018949069247088012,0.002375295976354905,0.0031273709164987154,0.03022901705630562,0.2553760107056141,0.2647058823529412,0.6339958358336898,0.3396875533439657,1.331905475434135,0.23204603424186215,0.5,0.530715974526639,0.00014029064357136626
186,0.004927788533554491,0.0036123961080023544,0.0011837920558765151,0.005078502510421736,0.005707837204928352,0.022921711754272964,0.01900288903647486,0.0022301188539987538,0.0035483830759082645,0.031179607078871307,,,,,,,,,0.00013971478906347806
187,0.004834992621662253,0.003577587027023783,0.0010144608203811033,0.004854380543801492,0.005690753636526544,0.023275210631682593,0.01922838592573124,0.0030765416330027886,0.00347677364890628,0.030838391031412518,,,,,,,,,0.00013913736668372023
188,0.005776083278390816,0.004315392469387438,0.0012666103538615092,0.00528268521391171,0.006791002579798954,0.023317843237343955,0.019345529596595204,0.0026165329087662567,0.0033879776498960223,0.031102097921949977,,,,,,,,,0.00013855839922773962
189,0.005437539866730823,0.004008499524650811,0.0010410264317909162,0.0044461692549225135,0.007762181333372749,0.0233077907058246,0.01954314854982145,0.0012477754670030931,0.0046520266435383,0.030498843092252228,,,,,,,,,0.0001379779095521801
190,0.005317152868482774,0.003900962236526785,0.0010598537608807496,0.0050556309919772766,0.006986567251368473,0.02288954798132181,0.018999682903728065,0.002599056063712958,0.0032256515833603986,0.030474884901195765,0.24169439810443655,0.23529411764705882,0.6196582895867965,0.3397828150431023,1.6025428346851294,0.23631819507435842,0.53125,0.5121318992407777,0.00013739592057378003
191,0.005431774186791252,0.004027955662222358,0.0012221448814054413,0.004870428167030973,0.006723466668163537,0.023198499070370898,0.01928065763786435,0.0020393011269762237,0.00440808169215041,0.030691729694166604,,,,,,,,,0.00013681245526846777
192,0.005504410350853104,0.0041124704136055405,0.0010942242214835045,0.005704305856883273,0.006026645667280734,0.023238329929025733,0.019376243081162956,0.0021360746399937745,0.003909579889081857,0.030439134002389276,,,,,,,,,0.00013622753667045457
193,0.005266524212024474,0.003865996795959013,0.0011837787815701154,0.005114571775420238,0.0065231444343719315,0.02306176393347628,0.019148168318411884,0.0021776175126433372,0.0036810304599759333,0.03109969152137637,,,,,,,,,0.00013564118787132506
194,0.005900689550691237,0.00437044705287948,0.0013120193537561444,0.006466783979765566,0.006211601952446025,0.023907360292094594,0.02006789080469924,0.002525971009163186,0.0029930947451194856,0.03034965680254733,,,,,,,,,0.0001350534320191259
195,0.006269546711059697,0.0047912329230141845,0.001297860533606766,0.005114423468219653,0.007072992920796624,0.022909901324002183,0.019018055158941186,0.0018192429972045561,0.004453358514343991,0.030826620264526677,0.22978617614575075,0.19852941176470587,0.6296205231372047,0.33642967401401086,1.4111080336220123,0.24634097972610855,0.53125,0.4878574451189637,0.00013446429231745173
196,0.005455629462060534,0.003992731978927376,0.0011848296705728113,0.004472437665908266,0.007786877768043176,0.022567396600018528,0.0186913768925211,0.0023909860525129583,0.003365879994817078,0.030612342853975648,,,,,,,,,0.00013387379202452917
197,0.0053626776720255105,0.003950590131630711,0.0012152422065609845,0.005158527935776165,0.006531863025946038,0.022996971493258196,0.019156463663367665,0.001841316934373668,0.004145392565988004,0.03057704967282274,,,,,,,,,0.00013328195445229868
198,0.005039070006775654,0.003618911303327245,0.0010556734691894913,0.004420007328439693,0.007670232721296597,0.023026858072947052,0.01920179187265389,0.0019083761110189645,0.004241647883592283,0.030192261643926886,,,,,,,,,0.00013268880296549428
199,0.005085678921096911,0.0036216116060455474,0.0010718851581105362,0.005453873303387377,0.007043029264284503,0.02259710885803489,0.018614959163481697,0.0028160783729296833,0.003978308447746231,0.030211031382136485,,,,,,,,,0.00013209436098072095
200,0.004988708742499604,0.0035727748714418986,0.0011386088967733716,0.005136035824731245,0.006746084635023628,0.02270468625733081,0.01872588277739637,0.0019425276644623784,0.004845618105986539,0.03105736551258494,0.3048444360083049,0.3161764705882353,0.6273837904719746,0.34024334145600305,1.3898544633651482,0.23575006347313962,0.78125,0.6825902748731387,0.0001314986519655305
201,0.004856983322050359,0.003519541473459389,0.001038822226060586,0.005212003136274673,0.0060847705186707745,0.022673328407108784,0.01888868322267252,0.0012775118366869934,0.00450239864671055,0.030789032715427524,,,,,,,,,0.00013090169943749476
202,0.0049116128653098464,0.0034961643317019788,0.0012202912022091321,0.004186829585597803,0.0075270729292365645,0.022698499262332916,0.018883216934388176,0.0017196628237690996,0.0039699200321646295,0.030743575490572873,,,,,,,,,0.0001303035269632774
203,0.004937887379220861,0.0035974188605165584,0.0012120801395089445,0.004281696610910408,0.006698828246799629,0.022990640910232767,0.019174424986190656,0.0018348558206686422,0.004012516158742502,0.030479929190786445,,,,,,,,,0.0001297041581577035
204,0.004776721922838587,0.0033406953335250334,0.0010928775902079829,0.004347503506894208,0.007827007123940008,0.022936628309681135,0.018966631333836737,0.0024986958203097698,0.00397403071880998,0.030728548710398814,,,,,,,,,0.0001291036166828272
205,0.005191111854293337,0.003699421282794516,0.0010504653791786503,0.005343282978066196,0.00747269216354668,0.022749443812405363,0.018996906384606573,0.0014016286586411297,0.004142977519864764,0.030579143039443913,0.25401427340556093,0.25,0.6253019720315933,0.34033954587271986,1.441173540756983,0.2339700041064883,0.5625,0.6226933424998828,0.00012850192624699763
206,0.00535446876991477,0.003775325441985565,0.0011405347031541169,0.004862269599748365,0.008648094098612476,0.02346370413022883,0.0195711957400336,0.0015644413035582094,0.004491790646331056,0.03130441865719417,,,,,,,,,0.00012789911060392297
207,0.005364311093432924,0.0039229066628110355,0.001059644642459639,0.00544100519174994,0.006853749593759303,0.02330008099841721,0.019436235649182516,0.0018409694740137853,0.004328548278221313,0.03062796518754433,,,,,,,,,0.00012729519355173256
208,0.0049996852610354955,0.003595562464305026,0.0011566393758107166,0.004923606283520743,0.006804343145755041,0.023132303510518634,0.01917321122634937,0.002152163073119214,0.00476921591496862,0.030517388984341833,,,,,,,,,0.0001266901989320376
209,0.0051265265753145444,0.0036286421621344604,0.001150123900299797,0.005049904516377187,0.0076286915336514554,0.02319717960541739,0.019379060030640924,0.001637867425897104,0.0044662925236694075,0.03043917106354938,,,,,,,,,0.00012608415062898972
210,0.004761442621001753,0.003380775060978229,0.0010389386147450087,0.004724564269516554,0.0070042341076413765,0.023280252483399475,0.019395862842964774,0.002601913280908347,0.0035196605193264343,0.03012041380519376,0.24937833289695172,0.22794117647058823,0.6304254843031659,0.3373243653708521,1.2415494736941421,0.23210557029746912,0.5625,0.5654171456923605,0.00012547707256833828
211,0.0053324910567410415,0.00397794507641219,0.0011476251993217837,0.005203644910795709,0.006046564285682862,0.02341528669657076,0.01948813138091389,0.002700163532555213,0.0034187304349068332,0.03045248840113773,,,,,,,,,0.0001248689887164855
212,0.005568737270689364,0.004136773842481612,0.0011751245316591555,0.0051333652927650734,0.006836019480064259,0.02382727975354475,0.01983527937794433,0.0025908199056763857,0.0041144476477604575,0.030623913715210033,,,,,,,,,0.0001242599230795408
213,0.00564312380817482,0.004019122182044311,0.0010185475565761455,0.007936559668821046,0.006266360412355733,0.023248000234803733,0.019287656554404425,0.002160430591389099,0.004057793843779056,0.031224782441687936,,,,,,,,,0.00012364989970237253
214,0.005200791658075936,0.0037691709841996177,0.001048076187528796,0.005252829812056685,0.006967224541289921,0.023550932131269398,0.019743176286711413,0.001218339815215372,0.0046496223726802885,0.030991258537944627,,,,,,,,,0.0001230389426676591
215,0.0061638863457335255,0.004620221029114672,0.0010450572689000707,0.006270665914151754,0.007075872748273314,0.023554887786945877,0.019592263078426615,0.002263920732623185,0.004556558676995337,0.030541846720392212,0.3449583832736985,0.3382352941176471,0.6286146824850756,0.33889934371280317,1.368202203336884,0.23918129359235002,0.59375,0.548438425024334,0.00012242707609493817
216,0.005455598562671724,0.004067673544217911,0.0010337098728533897,0.0049834842990957575,0.006828345562591833,0.023001835955416456,0.019109869047122842,0.001792555270880899,0.004605720826315091,0.030728837557356146,,,,,,,,,0.00012181432413965432
217,0.00482882282665094,0.003399397017655231,0.0009976183212267518,0.004450926008650055,0.007848095359927896,0.02319832666612723,0.019229788963189897,0.0020987256652648177,0.0044013707254848934,0.031086553463383633,,,,,,,,,0.00012120071099220553
218,0.005439474010619067,0.00395759879966598,0.0011787753161516482,0.005648763956880923,0.006812437851341062,0.023220811093993047,0.019238027579644146,0.002146515967872213,0.004800522741039886,0.030734281302155816,,,,,,,,,0.00012058626087698818
219,0.005103922752916055,0.003661767615131655,0.0011318570290992068,0.004373427285118249,0.00778441025206614,0.02335274822133429,0.019502084236592054,0.002469902140814263,0.003297000144170049,0.03026983654126525,,,,,,,,,0.00011997099805144076
220,0.0044960068357256,0.003204108042232061,0.0010112443528438018,0.004743563021154348,0.006152936154818636,0.023365710478495148,0.019594211596995592,0.0017422314815442352,0.0036726443727007683,0.03055788472513942,0.24767226715876256,0.21323529411764705,0.6262228239108535,0.33789740343961644,1.5703484481748413,0.23643051197423653,0.6875,0.6212183183379166,0.00011935494680508607
221,0.00504014904460854,0.0037116339110564124,0.0009967684933236973,0.004488437284589193,0.006803176975986621,0.023536663228536352,0.019635638687759638,0.002544593144728638,0.0039114432327230185,0.030009611674091396,,,,,,,,,0.0001187381314585725
222,0.004637743354285673,0.0032996507637771005,0.001044358490863657,0.004505576368547597,0.006786632301262185,0.02338503596975523,0.01946875370819779,0.0017231047822861,0.0049574235522681295,0.030759188620483175,,,,,,,,,0.00011812057636271378
223,0.0047791911510087675,0.003329339802217812,0.0010533365213817333,0.004447109689462488,0.007944730502134978,0.02387139480561018,0.019727867589715647,0.0031671789312146276,0.004278477815472905,0.030822431202977896,,,,,,,,,0.00011750230589752766
224,0.005461423395406771,0.003946173006779183,0.0010858098236386175,0.005447411017839686,0.007533472403785277,0.022986559909494483,0.019212478963548645,0.0016330364776556106,0.0037286991924595308,0.030746036620043656,,,,,,,,,0.00011688334447127342
225,0.004786193654951402,0.0034293924414915806,0.0010383607083694789,0.004286281890788321,0.007205009079139711,0.0234951897907783,0.019544886699055925,0.0021220021042288005,0.004605582449585199,0.03065344480359379,0.23635100808529236,0.18382352941176472,0.6373341127353556,0.33839888207833557,1.1763812879867412,0.22567290289546638,0.8125,0.6886633031983986,0.0001162637165194884
226,0.005586931663486412,0.004152078775420658,0.0009875095388220654,0.005418575242540594,0.006954934545674251,0.023162111968678588,0.019168300691115504,0.0027857551416245233,0.0034091982696041025,0.030957403702332693,,,,,,,,,0.00011564344650402313
227,0.004789320021962463,0.003312996444608069,0.0010331279688940967,0.004873214311250564,0.007823765443606396,0.023687154821613255,0.019713993430795038,0.0021511572259067394,0.004674577387049794,0.030754725558354574,,,,,,,,,0.00011502255891207574
228,0.005036258197910452,0.0036842801758103956,0.0011708552720246174,0.004268927112916264,0.006909142664418619,0.023450577083755943,0.019684629460029742,0.001333888412987375,0.004486867206116372,0.030504837330869016,,,,,,,,,0.00011440107825522526
229,0.004572902565380022,0.00326845700797325,0.0011032706006209097,0.0044973601263521585,0.006340554415177301,0.023284137522911325,0.01954375538865433,0.0017279065333936801,0.0034196878687533386,0.0305283164660282,,,,,,,,,0.00011377902906846385
230,0.005068738376563888,0.0037168063069456967,0.0010575978993043556,0.005365881954430271,0.006038243449993542,0.02333074331502704,0.019444543046548086,0.002086034667787745,0.0038317696581704214,0.03085816010613652,0.27821476408503387,0.25,0.6310256982550901,0.3408015116720515,1.3360067334245234,0.23875834899680579,0.53125,0.5385493305007778,0.00011315643590922828
231,0.005052416806377597,0.003811623161200876,0.001026375299138096,0.004459756588310761,0.0058954292745526755,0.022978012888308835,0.019077634192345774,0.0019720763015999075,0.004513645154314444,0.030545990585404283,,,,,,,,,0.00011253332335643045
232,0.005120591635389601,0.0036606079488361288,0.001013497729249046,0.0052322451798718864,0.007340596069806745,0.02350181105601437,0.01973706653670353,0.001428306190064177,0.003758382860242444,0.03103244600488859,,,,,,,,,0.000111909716009487
233,0.00514013218788146,0.003697357837000262,0.0011293931234770027,0.005711596283540761,0.0064573603755226205,0.02320420621510814,0.019415432422914925,0.0018401008239700733,0.003529503010213375,0.030678032185224927,,,,,,,,,0.00011128563848734817
234,0.005003562102378425,0.0036022193252377337,0.0011322240718103693,0.004895745689775479,0.006853233648452244,0.023042473120286185,0.019314226639621398,0.0015738562703036757,0.0035940937232226133,0.03054065638057449,,,,,,,,,0.00011066111542752601
235,0.004919118646500727,0.00353497469805623,0.0010424309717964823,0.004961639774915904,0.00679493771068815,0.02356581433730967,0.019548271645737046,0.002574287776095683,0.004148822510614991,0.030878028065404472,0.2969432813318739,0.29411764705882354,0.6312230260056608,0.3393327656256802,1.2920901093851118,0.2396376249517369,0.6875,0.5821902471560978,0.0001100361714851215
236,0.004457636126632787,0.003189335165790014,0.0010354727145552762,0.0046097521682001525,0.006002311960308639,0.022772230098352712,0.019033069941489136,0.0015196197714163538,0.0036279716912437886,0.030724389642915306,,,,,,,,,0.00010941083133185145
237,0.0046582427586160475,0.003240653142033113,0.001095704124624825,0.004530283219922902,0.007454204353330247,0.02321864976821577,0.019231429871390846,0.0030446712848702993,0.003189240993164918,0.03059361666879233,,,,,,,,,0.00010878511965507435
238,0.0054309355939533245,0.003830029889625513,0.0010401788355103867,0.005588363291758855,0.00834033597098916,0.023179526002529788,0.019367883283206645,0.0017036237712839946,0.0041833751054261535,0.030525803620762685,,,,,,,,,0.00010815906115681578
239,0.004783211990212232,0.0033426157739486987,0.001011463751329772,0.00464020530945795,0.007742828993872597,0.023569182985845732,0.01969742531175999,0.0014221662508241612,0.004672799601822215,0.031200445147559923,,,,,,,,,0.00010753268055279329
240,0.004432790411509953,0.003099896510968269,0.001003896374594799,0.004674744334513858,0.006646401426948259,0.022988167153123545,0.01914139771286179,0.001965450403718826,0.004084044122411048,0.030452746815760347,0.251887538847607,0.21323529411764705,0.6301159446730333,0.33928431444527474,1.4004742693813408,0.23341275042142062,0.625,0.6320095802913879,0.00010690600257144061
241,0.005253830608927598,0.0037943500417710867,0.001132127716427006,0.0055986244815512225,0.006731925705364921,0.023523976861992302,0.01971487531109768,0.001391106194419348,0.0043167119763572424,0.030992093386457246,,,,,,,,,0.00010627905195293135
242,0.0044731470022224265,0.003073620757924677,0.001052446114846458,0.004477726891478997,0.007412643600018474,0.02313645457958474,0.019380354295101238,0.001414992695893435,0.0037101161707302228,0.031020902535494638,,,,,,,,,0.00010565185344820244
243,0.005305510708841227,0.003973057722451829,0.0010821042943477503,0.004568760608859613,0.006591560339290744,0.02335256666821592,0.019434842828880337,0.0024478674647124376,0.0037602766567622035,0.030521223759826493,,,,,,,,,0.00010502443181797695
244,0.0049515682888233055,0.003621788352128055,0.0010443027545619062,0.005185476401662927,0.006023717094094382,0.023615817594177583,0.019515362650375154,0.002270098331363817,0.005385595661423662,0.03107875240418841,,,,,,,,,0.00010439681183178647
245,0.004974772443331905,0.0036840684479102492,0.0010740944663836162,0.004682403349838519,0.006076448037135178,0.023554115337045753,0.019631590146352264,0.0029457176809527855,0.0027000713641481366,0.030633745057617918,0.36715196189962557,0.375,0.629243865609169,0.3394324444782208,1.2640299437677158,0.24339883982696953,0.65625,0.5835175642619178,0.00010376901826699343
246,0.004261418831755675,0.0029655110398780996,0.0010129144036416281,0.004460066260959385,0.0064731824943811585,0.023573519333320504,0.019504664465785027,0.002577555530211505,0.004979562301955679,0.030553875518414902,,,,,,,,,0.00010314107590781281
247,0.0050989075591472,0.003732469092691475,0.0010532895330008182,0.00462990820849851,0.00692789727043542,0.022879076299860197,0.019016696496264023,0.0019028916996081963,0.004119047374628922,0.03069897154893945,,,,,,,,,0.00010251300954433373
248,0.004994580908915249,0.0035308976993122594,0.001083091752785179,0.005122015647337598,0.0073486322658412725,0.023402481449439246,0.019498817923971835,0.0026741430372246265,0.0029833435204208772,0.030704999835613894,,,,,,,,,0.00010188484397154081
249,0.004606876340773651,0.0033308349320885994,0.0010985566561615443,0.004550614915156769,0.006012685793763721,0.023142730871982434,0.019436066915445468,0.001163574291721863,0.004222111303961891,0.030517379671116087,,,,,,,,,0.00010125660398833525
250,0.004877461771622805,0.003452475516172915,0.0010910310320777156,0.005699315546396173,0.006368484868474652,0.023508264683187008,0.01956721129553283,0.002381035125033711,0.0037942608640364863,0.030854203902623233,0.32061420498632726,0.29411764705882354,0.6320799164035741,0.33843397814780474,1.2576022722265299,0.23416739814531276,0.8125,0.7356877943926632,0.00010062831439655588
251,0.00444382732592018,0.003201718290210149,0.0010676013090710897,0.004833388162019141,0.005452499618868233,0.023702244164750856,0.019670748562716386,0.0030149099868996177,0.00355476002647158,0.030730378868825296,,,,,,,,,9.999999999999998e-05
252,0.004694196796123633,0.0031893505750350275,0.000997767812311965,0.005796507819776691,0.007256418237683631,0.02344557736068964,0.019565409432877514,0.0017955566564684406,0.004511990988462725,0.030698572778526473,,,,,,,,,9.937168560344409e-05
253,0.004602552699398691,0.003280176978432021,0.0010853166952413524,0.005332022711981909,0.005721100747597136,0.02326856290592867,0.019429274204680148,0.0019042776548303664,0.004047373549410087,0.030536959331263516,,,,,,,,,9.874339601166472e-05
254,0.004967976945562888,0.0033524257182222556,0.0009709643900504936,0.006084609843822101,0.008128973012158678,0.02310738285236499,0.019312753725577805,0.0019577639023362495,0.003493714372298735,0.030537051751333123,,,,,,,,,9.811515602845916e-05
255,0.005305804162270437,0.003936345215444848,0.001117788124987382,0.005533754507916332,0.0059252582585154956,0.02269180683309541,0.018790400696589667,0.0021155024091165293,0.0040948861552511946,0.030688175986356595,0.1897008504932445,0.16176470588235295,0.6327999654938193,0.34047330680358057,1.4733626154415749,0.2309990224072381,0.59375,0.592683275331126,9.748699045566625e-05
256,0.004538300664211481,0.0031532824031566663,0.0010923287856897687,0.005446484320307687,0.006219040399212074,0.023217099116129035,0.019340931300950402,0.0020478714423541747,0.0039749224601751745,0.030691011397935012,,,,,,,,,9.685892409218717e-05
257,0.004984058899473462,0.003636475591288911,0.0010502990917302668,0.005051772496899811,0.006323462340811078,0.023201334016288027,0.019468982293106177,0.0015516677162582602,0.00395167139632737,0.030268514063209295,,,,,,,,,9.623098173300654e-05
258,0.00514654602492386,0.003686922665495994,0.001103327721081106,0.005379110622077675,0.007010467857086904,0.02348401874084683,0.019620377186904934,0.0019312254529829848,0.003970225725103827,0.030803734299672002,,,,,,,,,9.560318816821354e-05
259,0.004538029949259707,0.0031609326853590494,0.001144357350205024,0.0045409310861664305,0.00694132652242226,0.023210294380345765,0.019525973975439283,0.0011065569569301955,0.004122521207832238,0.030507565174690065,,,,,,,,,9.497556818202307e-05
260,0.004694794912396346,0.003374577444678141,0.001014096442396926,0.004891218013777319,0.006282763496944997,0.022837406407822582,0.018949363298495028,0.0021042206687578824,0.003982787027352434,0.030689205097801545,0.27668841375378683,0.25,0.6334519596660838,0.34105907813371983,1.4210040183628307,0.23036785956526942,0.59375,0.5875948843623613,9.434814655179757e-05
261,0.004586363558546971,0.003282279963999734,0.0010064762653940816,0.004184897949571832,0.006842985380267314,0.02317524663008311,0.01936089455643121,0.0015000682717928773,0.004310186966048444,0.030833201318540993,,,,,,,,,9.37209480470687e-05
262,0.0048475976050752455,0.0035016743754336644,0.0011651906701815077,0.00471896682352901,0.006409884113285659,0.022989136605140043,0.019110422088381124,0.0013531504159533035,0.004894236195147695,0.03118660585845218,,,,,,,,,9.309399742855945e-05
263,0.004870658821300051,0.0033949041340531685,0.0010259150708946637,0.0055755191853554065,0.007130197143789886,0.023179028018870774,0.01939325891982983,0.0013822956175050314,0.004400574139949372,0.030692526769331274,,,,,,,,,9.246731944720673e-05
264,0.004476414125223281,0.0032747802166741783,0.0010689294076193187,0.00464599501238978,0.005232485008753552,0.023045090848908704,0.0191389400347629,0.00205591505201643,0.0046036610763300866,0.030346015468239784,,,,,,,,,9.184093884318425e-05
265,0.004833221017240973,0.003328260458548064,0.0011161203107449337,0.005771922204106794,0.007045442215758928,0.023175758474013385,0.01948427310323014,0.001432857955532039,0.0037729370284496863,0.030276197337490672,0.3688308218152121,0.39705882352941174,0.6332209776429569,0.34010352566838264,1.3929548973546308,0.23566449177451432,0.625,0.6129461475774349,9.12148803449257e-05
266,0.004637615224425444,0.003190163749869976,0.001040681538574587,0.005320566781338746,0.007072584660155541,0.023444212753983104,0.019518303493147388,0.002158569894484518,0.003996013903387767,0.030945936546606177,,,,,,,,,9.058916866814859e-05
267,0.004352239576184144,0.003007822103751034,0.0010117855587958406,0.00448847023012527,0.006932133273517524,0.023418853278545773,0.019475205171415034,0.001904767264290165,0.0046209632898406945,0.031005981570000157,,,,,,,,,8.996382851487854e-05
268,0.0052910492838344585,0.0036514091218616497,0.0009287443669055099,0.007369026829788493,0.0071698858602943245,0.023355973062708098,0.01943588599233943,0.002597758347024758,0.003472162242841852,0.03053319380235146,,,,,,,,,8.933888457247402e-05
269,0.0048384303424381095,0.0032686513663127514,0.0011249965834194573,0.005479898536577821,0.007967897419525721,0.023076624116476846,0.01912691046976868,0.002617785700268167,0.003949830993352567,0.030311735127778613,,,,,,,,,8.871436151265184e-05
270,0.004560603756236576,0.003249679703928404,0.0010603253455374832,0.004773150217893012,0.006215440098026578,0.023205813513520884,0.019289678839199683,0.0017342984287739348,0.004661599365884767,0.031031146262060192,0.3033545146936556,0.27941176470588236,0.631201804122504,0.33843643651069966,1.335701769546551,0.23144161349217243,0.75,0.7023636335785512,8.809028399051305e-05
271,0.004953313046687488,0.0035374740284662377,0.0011053618262679774,0.0047779307242924885,0.007169735703274008,0.023212290533325252,0.019445531125016072,0.0018909142895341467,0.003441528369234327,0.030444232390864807,,,,,,,,,8.746667664356959e-05
272,0.004503193958583525,0.0031600306540632904,0.0011639784403950355,0.0044305863143023795,0.006673089234983169,0.02297551727251095,0.01922571856309386,0.0016476442106068134,0.003718702875844696,0.030483995756024822,,,,,,,,,8.684356409077176e-05
273,0.004767042272960988,0.003368718074082192,0.0010842250983656967,0.004646439294693834,0.007168352990154714,0.023152219131588936,0.019302384927868843,0.0017808577814481825,0.004077008589828277,0.03085961814641076,,,,,,,,,8.62209709315362e-05
274,0.004570775183896392,0.0031166689734811247,0.0010234499340324458,0.004542332257033657,0.007951829833041687,0.02356413286179304,0.01966218636645114,0.002030962877838379,0.004461395773379242,0.03049614403725547,,,,,,,,,8.559892174477477e-05
275,0.004970262407214712,0.0036008574336893477,0.001076079371298458,0.005452946487466915,0.006088944403079765,0.02336539958110627,0.019479128915597412,0.0016350841170231648,0.004671185585560606,0.03092134987716289,0.28733001906944594,0.23529411764705882,0.6340209052843206,0.3379695558482233,1.2387153694734854,0.22789783211534514,0.59375,0.5930116588273724,8.497744108792428e-05
276,0.004310796112295682,0.003054677049029555,0.0009755867324232803,0.004687817419989635,0.005922199439521784,0.023272265077513808,0.0194957633228863,0.0011613038145964418,0.004463693846071906,0.030978716115522033,,,,,,,,,8.43565534959769e-05
277,0.0048025240292930505,0.0033452241914346814,0.0010494535573821325,0.005509519876549178,0.006964570961071778,0.023440119974753437,0.01941848491482875,0.003247157860588392,0.003162357641164871,0.030559676699340343,,,,,,,,,8.373628348051163e-05
278,0.004034231996984552,0.0027591497696525715,0.000991158945075536,0.0045849954220071685,0.006183508952775718,0.022573776817058817,0.018790569402934873,0.0020134494569741517,0.003641758209970944,0.030163420446436193,,,,,,,,,8.31166555287266e-05
279,0.004553158266343556,0.0032272240328523566,0.000995648281956565,0.005732696901975295,0.005535348756061235,0.023375637938871104,0.01949641349561074,0.0024402938228484023,0.003716597819755621,0.030195058350834775,,,,,,,,,8.24976941024724e-05
280,0.0045184366468150735,0.003018814764553839,0.0010654740489356347,0.005066131882890427,0.007799138485698693,0.023259537184939665,0.019282618510153365,0.0015310591090169242,0.0054193823529845656,0.03128768632407574,0.3501504964767605,0.35294117647058826,0.6316124130697811,0.33820053841918707,1.2898027007194126,0.22522227572249798,0.625,0.608927818939392,8.187942363728627e-05
281,0.004735036881372206,0.003327491030223289,0.001059199457443556,0.005789474619678774,0.006167584825484714,0.023355163798174438,0.019595888470683026,0.001606378703881466,0.003947001464171883,0.03043299921623924,,,,,,,,,8.126186854142753e-05
282,0.004658349833088153,0.0031330110051400835,0.000991168410233143,0.005752076623740338,0.007518974505266238,0.023370903752305928,0.019589748123989385,0.001872988960445475,0.0036083370077368967,0.030457240995019674,,,,,,,,,8.0645053194914e-05
283,0.004452043027474971,0.003094278562072096,0.0010514904052350608,0.004913116830906247,0.00656154703978307,0.02318623656516566,0.01934373680063907,0.0020475174593122896,0.00411326446406105,0.030216701849199393,,,,,,,,,8.00290019485593e-05
284,0.004148924289176525,0.0027684720047607514,0.000931972115876753,0.0045119006013087295,0.007428677892213751,0.023580824298893705,0.019692869391292334,0.002445566759835107,0.0034623685162788365,0.030526038834496456,,,,,,,,,7.941373912301184e-05
285,0.004181565336046456,0.0028546008723393337,0.0009804550238679778,0.005049717261345457,0.006259016830264985,0.023470967788906658,0.01947044430519728,0.0027022163096048378,0.003931755056221257,0.030669046072837186,0.27026957298955073,0.22058823529411764,0.6360568299013025,0.33746909322764945,1.184469963916961,0.2253751093932592,0.4375,0.5200927085243017,7.879928900779453e-05
286,0.004371731048765577,0.0029928519911432672,0.0009865889560541738,0.004439385205317857,0.007376227366059261,0.023527848205583936,0.019538395380710855,0.002959577923962463,0.0035806534955661524,0.030394716653972864,,,,,,,,,7.818567586034574e-05
287,0.004563457514080456,0.0031238802160152186,0.0010099905065529176,0.004891595396734142,0.007484196104164535,0.023489409400259748,0.01961698109174476,0.0012135797228171106,0.005258550703087274,0.031038568848196196,,,,,,,,,7.757292390506187e-05
288,0.004595742667472716,0.003155767720318952,0.0009915982649298543,0.005289948600644277,0.0071266043252485286,0.023392415495918077,0.01945460620610153,0.002529357566826922,0.0036273702554514304,0.030692005475216052,,,,,,,,,7.696105733234095e-05
289,0.004564972389173709,0.003129454818948851,0.000996312290288003,0.005368977733808807,0.006993573070188068,0.023453181226025608,0.019606813404928234,0.0013748835327158518,0.005080709733781131,0.030633203192230535,,,,,,,,,7.635010029762753e-05
290,0.004359493738482312,0.002986743105022963,0.0009431449649066238,0.005091035462347633,0.0067501804866370255,0.02336533647030592,0.01931291520047714,0.0028667017382651787,0.0038762073005166125,0.030914603349040535,0.2594856847981955,0.21323529411764705,0.6322032265803393,0.3373594600159456,1.3243671414606712,0.22694908153703985,0.59375,0.5802166486786857,7.574007692045925e-05
291,0.004650505786461724,0.003232134504133236,0.0010369980976111808,0.0051600942822267945,0.006949621923090258,0.02311259102733696,0.019369297140442273,0.0013508808222147362,0.004253898445955094,0.030477275031016153,,,,,,,,,7.513101128351454e-05
292,0.004475684939110178,0.0030646898322028377,0.0009803810295988253,0.0045859813808574006,0.0075632079600127635,0.023343342465951163,0.01927569678381962,0.002241101158741752,0.004937535319614279,0.0312567222315599,,,,,,,,,7.45229274316618e-05
293,0.004201073231080831,0.002822282430084454,0.0010342121043368795,0.004493651367029396,0.0072258322206681,0.023108195732621586,0.019076341297477484,0.0025544167061418515,0.004577088929877123,0.03063261670553509,,,,,,,,,7.39158493710103e-05
294,0.004414543410826285,0.0030619683024331423,0.001151807447382391,0.004671271919998956,0.006550864138940381,0.02351014650262454,0.019505486960577613,0.002576863465091104,0.003898626576889964,0.030994243481579947,,,,,,,,,7.330980106796246e-05
295,0.004522126168012619,0.003151069999025282,0.0011778504457482595,0.004721189513644677,0.006633671075825864,0.02332374475458089,0.019425813409992877,0.0020880179928259596,0.003993188503527027,0.030810086933128974,0.2776035373985793,0.27205882352941174,0.634207530056729,0.3383184870266739,1.3190983652192003,0.22727466563639395,0.34375,0.43877370133595783,7.270480644826746e-05
296,0.004412776952356858,0.003066941539330755,0.000996127637829316,0.004756663578672935,0.0067094355171459525,0.023378891815595767,0.01940290506600457,0.0017040575330611318,0.005291127572383951,0.031060623443301988,,,,,,,,,7.210088939607705e-05
297,0.005139233220873748,0.0034022324055559554,0.0009979688152039455,0.007576572243124247,0.0077974982470889595,0.02339439483030754,0.019552017836009756,0.002067662190015921,0.003624786530374823,0.0306636613300618,,,,,,,,,7.149807375300237e-05
298,0.005194672111074551,0.0035817876450275465,0.0010388897765443612,0.00696236564840932,0.007088699199010665,0.023356303682222086,0.019469246870892888,0.0018232027257053072,0.004327596822643981,0.030896570533514023,,,,,,,,,7.089638331717281e-05
299,0.004484867639602872,0.003065126802046168,0.0010247339565559463,0.004677894112843452,0.007470045960902915,0.023561853805885595,0.019678835948819622,0.001955612947794554,0.004545154077384402,0.03037379903937964,,,,,,,,,7.029584184229649e-05
300,0.004510966066460488,0.003276180071456326,0.0009787318107308978,0.004761803885369356,0.005628592444690324,0.02341311167487327,0.01952132527880809,0.0017993793179116706,0.004562736529966488,0.030756372164058333,0.22534877757486174,0.18382352941176472,0.6316800783662235,0.3377000756890458,1.458552896976471,0.22884284552898915,0.71875,0.686236941955753,6.96964730367226e-05
301,0.004257642541680548,0.0029257663399359936,0.0010124281161243759,0.004677433325214532,0.006616472179302946,0.023238750558127377,0.019304320873583063,0.0018196417196818134,0.00481610799975255,0.030888906926574075,,,,,,,,,6.909830056250524e-05
302,0.004728315832188069,0.0032843207009136677,0.001047101129296283,0.005282363903677186,0.007063385209668491,0.023086755481712958,0.019237077575834358,0.0012837520386229323,0.005041618263075019,0.030887654927723548,,,,,,,,,6.85013480344695e-05
303,0.004647762757347171,0.003214782112775276,0.0010116099127394668,0.0059196971617323365,0.006386889206438909,0.023496416945229557,0.019574310767519122,0.0017088620593045454,0.004548200899187256,0.031255132573492383,,,,,,,,,6.790563901927904e-05
304,0.005036796855550828,0.0037230436524407842,0.0009784071619417202,0.00537271970898797,0.00580799808702037,0.023226217914591816,0.0192549145397018,0.00226290036302731,0.004668497980353148,0.0305187378955238,,,,,,,,,6.731119703450574e-05
305,0.004446938582617095,0.0031672973023980098,0.0011124528966196892,0.00484655061499926,0.005724956260271907,0.0231212634483681,0.019218317780862835,0.002292788019129897,0.003393041860202656,0.031050835708704067,0.22247520995894463,0.18382352941176472,0.6350968607208308,0.33781556790585027,1.2914921005859095,0.22893138692769058,0.65625,0.6172345243224091,6.671804554770132e-05
306,0.004546345758125565,0.0031228951924338433,0.0010240376212681502,0.005873566179662564,0.006312864005340705,0.02322575663599898,0.019408821785712942,0.0017860650447854662,0.00377215795657214,0.03082505810786696,,,,,,,,,6.612620797547084e-05
307,0.0043257675133645535,0.002973617861536726,0.0010963168697652676,0.005194240190499163,0.006134622283398284,0.022989720325259602,0.019241454189314562,0.0019116033183629898,0.0033383939880877733,0.030321060652461124,,,,,,,,,6.553570768254827e-05
308,0.004755010903355176,0.0032407793579465253,0.0010192904491135378,0.007098572372095817,0.006005161923308999,0.023000785094850203,0.01912539841278511,0.0024796741430798326,0.0035466079545371674,0.03024790874298881,,,,,,,,,6.494656798087407e-05
309,0.00454930148592566,0.0031540060190925912,0.00106187321450877,0.004711409411156329,0.007117798175047136,0.023304940146558425,0.0193270591142423,0.0030798830720253616,0.0031514627900084153,0.03046757774427533,,,,,,,,,6.435881212867492e-05
310,0.004139635958550971,0.0027623948132050997,0.0010349200170297744,0.004684628316958956,0.007017942880461845,0.023213714251623434,0.019388395115075743,0.00152231622761225,0.004422446945682168,0.030786116936189288,0.28265343417739425,0.2426470588235294,0.6378276966073934,0.33704222404562373,1.1671208151999641,0.22917176328380318,0.625,0.6142368372519661,6.377246332954542e-05
311,0.004721369045802345,0.0032606259347492104,0.0009935897887463413,0.006970486011734958,0.005649764646708934,0.023254077333737824,0.019449534935548025,0.0020307013901936658,0.0035720685948891673,0.030411952010848942,,,,,,,,,6.31875447315322e-05
312,0.0046550151813080755,0.0031882070687646834,0.0011374870851888494,0.004721910167895889,0.00767119633136475,0.023205620948882663,0.01923908178201493,0.002498241954633747,0.003955955391147119,0.030712951659498847,,,,,,,,,6.260407942621995e-05
313,0.004224759410135448,0.002822293448104065,0.000999336282848933,0.00532365500753335,0.0067023318374363735,0.02348104338435566,0.019562196616521654,0.002287440740688266,0.0041675156886305876,0.030446065452826375,,,,,,,,,6.202209044781988e-05
314,0.0042501304188143395,0.0029171377211272462,0.0009761838404209179,0.005429350630916908,0.0059482085309386,0.023493074483292943,0.019460671416976872,0.0031577672908657834,0.0034668595968362164,0.03054163237924085,,,,,,,,,6.144160077226033e-05
315,0.004489144535293266,0.0030110450145804275,0.0010268412139740283,0.005343493829891717,0.007383819227994783,0.023105703020358786,0.019402405822320896,0.0015230331782196812,0.003260847256409333,0.03072605939472423,0.2549589512060759,0.22058823529411764,0.6365933330620036,0.33743059651597457,1.2668787552153362,0.22720012780936324,0.59375,0.6295396513851488,6.086263331627976e-05
316,0.004098176573387394,0.0028149359208389613,0.0009986366366304584,0.004588128032036505,0.006247005031258657,0.02328564489589018,0.019437887870213565,0.002394185839768718,0.0033012412228238057,0.03038795744342839,,,,,,,,,6.02852109365219e-05
317,0.004404649280516778,0.003023076725539641,0.0010091734327912583,0.005004466682972418,0.006792911619906929,0.0235369224101305,0.019719436819500783,0.0022689956531394273,0.0032000634613830376,0.030436797779710853,,,,,,,,,5.9709356428633706e-05
318,0.0047841915166226484,0.0032486724489668418,0.0010075085516229776,0.0056477235274989225,0.007692449593470606,0.023358159205492807,0.0194610849242,0.0018016126910772394,0.004485879223519827,0.030881635488613564,,,,,,,,,5.913509252636508e-05
319,0.004929766313457009,0.0035638668854578825,0.0010319563177398454,0.00483515121484712,0.006759930827252378,0.0234912379151758,0.019562357434016818,0.0023646980245008737,0.0037772958029938094,0.030782110605608013,,,,,,,,,5.856244190067156e-05
320,0.004500396952222464,0.0030814226306343485,0.0010106411912494291,0.005758108934229713,0.006410351411786751,0.023622720611884314,0.019719754920943695,0.0014213851074386826,0.005636173649691045,0.03055071156910237,0.2992593748702359,0.27205882352941174,0.6357765793800354,0.3376230817178593,1.3357353600509025,0.2277048497515566,0.6875,0.610520636857568,5.7991427158819344e-05
321,0.004274546918538162,0.0028551322254115495,0.0009389696534233704,0.005775157123472605,0.006541050332736508,0.02328429918955354,0.01935913082321777,0.002092965622603729,0.003981179146863082,0.031084573389414477,,,,,,,,,5.742207084349271e-05
322,0.004587348096735649,0.003025869868490529,0.001068521007871792,0.005455123848613288,0.008022615906064226,0.023252872037975228,0.019400353707811412,0.0019059757263783146,0.0040489165454774215,0.030664317693342182,,,,,,,,,5.68543954319041e-05
323,0.004212170373648405,0.002907722667491032,0.0009607366972871251,0.004542239691067676,0.0065807639150110755,0.02350962978294667,0.0196551069179002,0.0011539514833951697,0.004856096820303184,0.03138123104787048,,,,,,,,,5.628842333490671e-05
324,0.004644858567991247,0.0031214259284690527,0.0009681169275131266,0.0058695837042404934,0.007428508838914903,0.02347793139736442,0.01945734108962557,0.003086222462383482,0.0038724888444823377,0.030160968493231955,,,,,,,,,5.5724176896109845e-05
325,0.004254551280795013,0.0029119135243660314,0.0009828675153538964,0.004802003554147431,0.006658638970555453,0.023435567560441354,0.01938936916892143,0.0028316093196147397,0.004066932330127148,0.030731833485119483,0.2378866601282685,0.16176470588235295,0.6343305172289119,0.33817281415138173,1.2557209011386423,0.22681162710411146,0.71875,0.6891493114881573,5.5161678390996775e-05
326,0.004674787159567162,0.0032716134140836233,0.0009950839142883355,0.005299534250082353,0.006742035068366361,0.023408402195748162,0.019572506494381848,0.001744736999492435,0.004454990253126358,0.030414495343232855,,,,,,,,,5.4600950026045305e-05
327,0.004388634829734594,0.0029283374394053372,0.001038244564354546,0.005532010517604017,0.006994473965447869,0.02313269839129027,0.019318060785093728,0.002252734269645503,0.0032392721554702695,0.03040163405239582,,,,,,,,,5.40420139378512e-05
328,0.004118466211119824,0.0028077970945544666,0.0011505801536505884,0.004500805735745925,0.00630472519610598,0.022987598498516223,0.019103287280920672,0.0012824199956786983,0.0054832463741631195,0.030795026515774867,,,,,,,,,5.348489219225414e-05
329,0.004778591383216998,0.0034746266506864862,0.0009863256926695675,0.005553506894857954,0.005513489443189227,0.02341837901622057,0.019370803499923032,0.0022609519262058553,0.004886797779951902,0.031067050116903642,,,,,,,,,5.2929606783466755e-05
330,0.0043856092862848,0.002830405303245505,0.0010627712886701576,0.006461052441085547,0.006965444984616933,0.02318559948574094,0.01933181518688798,0.0014739343301591683,0.004385465098654523,0.03120451168540646,0.2329764332882043,0.16911764705882354,0.6313799190170625,0.3372741510872455,1.3686320707201958,0.23003800127052648,0.6875,0.6696159827582375,5.237617963320606e-05
331,0.0039000428021269836,0.0025926619645807955,0.0009963559036111553,0.004860170294088706,0.006220926366395207,0.02351705603958929,0.019326359690988764,0.0032412378829629984,0.00434754797093132,0.031076940653078696,,,,,,,,,5.1824632589828485e-05
332,0.004403133541187745,0.0029767359216239745,0.001140317786879585,0.004615504748456307,0.0073678358359325485,0.023665960385080648,0.01964470382560702,0.0019463445410913076,0.004721238948952626,0.031598636880517006,,,,,,,,,5.1274987427466775e-05
333,0.003975288459036688,0.0026943070293104243,0.0009979928904844417,0.004511255214495932,0.0063025734569360425,0.023148288019001484,0.019341134493622708,0.0016359764190650929,0.003939351005315343,0.030860230271868846,,,,,,,,,5.0727265845170805e-05
334,0.0047299033820124,0.0032651475068355387,0.0010300267554851155,0.006125619696153296,0.00646188559446689,0.023425414172165534,0.0194191583980094,0.0017170307760619942,0.005315985304632169,0.031312517876572465,,,,,,,,,5.018148946605091e-05
335,0.004189905264588483,0.002681290837383624,0.0009975396037512159,0.005532347755033081,0.007558717124037824,0.02380934784955838,0.01963831571971669,0.002596025384264067,0.005316556041019366,0.031201711253208274,0.2524323454665926,0.19117647058823528,0.6345540022148806,0.3382390345830251,1.375240209786331,0.22731389929814375,0.71875,0.6519739197874852,4.9637679836423904e-05
336,0.004560598645801261,0.003136541501034872,0.001033048726563042,0.005448551402600892,0.006725922623013888,0.02342649773858926,0.01960713104070986,0.001562612978673047,0.004389158093973118,0.03067928147228325,,,,,,,,,4.909585842496285e-05
337,0.004089533189564186,0.002704102749210167,0.0010353627464718233,0.004991118484413472,0.006792460452327189,0.023549904444200152,0.019771240514648313,0.0017224359326064587,0.003848152926794308,0.030493616729098207,,,,,,,,,4.8556046621849326e-05
338,0.004418755042903378,0.002986446622822244,0.0010457322774928505,0.005590038798291678,0.006641580680556895,0.023430633632575765,0.01963362382615314,0.0018212621422101032,0.0035868006046204004,0.030740770566112855,,,,,,,,,4.801826573792906e-05
339,0.004224331609478568,0.0028203167119931617,0.0009773769198869497,0.00589203267058326,0.006193362498533581,0.02359012152780505,0.019740282859214964,0.0022382912339868628,0.0033212975626263548,0.030700506039840335,,,,,,,,,4.74825370038704e-05
340,0.005232730677146149,0.00369151676334125,0.00101733839009115,0.00618749791835198,0.0071899638189618495,0.023678065770689177,0.019722115905845865,0.0019663966103347346,0.004808347302434199,0.030818366226466262,0.23436603489275773,0.18382352941176472,0.6343106097158264,0.33806236049927335,1.2944883901406736,0.22934952686431215,0.75,0.7110030137822652,4.69488815693266e-05
341,0.004191802806710288,0.0027603636045892867,0.0009501602538166789,0.00534971359864635,0.007064357680619805,0.023710370008998057,0.019668993403149003,0.0024405982626109,0.004886853138861411,0.030645716825828832,,,,,,,,,4.6417320502100336e-05
342,0.004361645026542878,0.002879337638506066,0.001066617409193541,0.005737760686315596,0.006952078442752235,0.023697474642711526,0.01967094641397981,0.0025972375570906,0.004133956554784056,0.03093684955007013,,,,,,,,,4.58878747873124e-05
343,0.003926179261278298,0.002651365975044289,0.000978391339323657,0.005026278451037735,0.005765071540273789,0.0235527470598326,0.019675158840768477,0.002440383749404539,0.00302808711935273,0.030867028762312496,,,,,,,,,4.536056532657308e-05
344,0.004100897538838751,0.002834800763008327,0.0010237535096752316,0.005048491175175976,0.00556496953516725,0.023506451672052637,0.019627749563797432,0.0014721628651707707,0.004704857601181549,0.031137837124440598,,,,,,,,,4.483541293715696e-05
345,0.004231884219225938,0.002934049106581863,0.0009644048099043006,0.005169515975482635,0.00588002552868309,0.023673368234406498,0.019664812011315543,0.0022118742785738397,0.004797277081867351,0.030864532105624676,0.2978508988329288,0.25,0.6358994412071565,0.337732714272159,1.1638094432213728,0.22963079286958366,0.6875,0.6365554489176657,4.431243835118118e-05
