epoch,train_denoising_loss,validation_denoising_loss,validation_rmsd,validation_mae,validation_mse,validation_accuracy,learning_rate
1,0.19754611026193644,0.17641360983252524,13.813916196425756,6.175856927037239,74.16392868359884,0.4708333333333333,0.0003
2,0.14793610552678238,0.1752133034169674,,,,,0.00029999703912842054
3,0.1465499880346092,0.17505903653800486,,,,,0.00029998815663057245
4,0.14561881618322553,0.17470837123692035,,,,,0.0002999733528571214
5,0.14499125780688749,0.17527825571596622,13.65553463101387,6.0885076999664305,72.45325896739959,0.32916666666666666,0.000299952628392495
6,0.14446757169994148,0.17591155767440797,,,,,0.0002999259840548598
7,0.14423008957827413,0.18059201799333097,,,,,0.0002998934208960884
8,0.14239446043565468,0.17606752291321753,,,,,0.00029985494020171873
9,0.1413201706332935,0.17566087432205676,,,,,0.00029981054349090264
10,0.13856016844511032,0.17476719319820405,13.79413573940595,6.19237092534701,73.34379577239355,0.3875,0.0002997602325163463
11,0.13659378503625458,0.1783014412969351,,,,,0.00029970400926424077
12,0.13070851634885813,0.17527928799390793,,,,,0.0002996418759541838
13,0.1253982531661923,0.17690021656453608,,,,,0.00029957383503909215
14,0.12046269800614666,0.16123294234275817,,,,,0.0002994998892051045
15,0.12296537773029224,0.17899617217481137,15.772829671700796,7.138216082255045,92.70524531205496,0.5,0.0002994200413714759
16,0.11719570711657808,0.16598681099712848,,,,,0.00029933429469046203
17,0.11387140525353921,0.18084631487727165,,,,,0.00029924265254719506
18,0.11284101321487813,0.18472603522241116,,,,,0.00029914511855954983
19,0.10951613081065384,0.17535823695361613,,,,,0.0002990416965780013
20,0.1084878317306976,0.1707418031990528,15.73225297133128,7.088738438487053,91.00197673638662,0.5,0.00029893239068547206
21,0.10621897961843658,0.17001834101974964,,,,,0.00029881720519717175
22,0.10523456843519532,0.1766161322593689,,,,,0.00029869614466042604
23,0.10595595771195115,0.16954589001834391,,,,,0.00029856921385449774
24,0.10246014292981173,0.18841837346553802,,,,,0.0002984364177903977
25,0.09928201486331385,0.1799454167485237,19.89400024016698,9.076843536893527,150.02310733000436,0.5,0.0002982977617106872
26,0.09630355973904198,0.17348647564649583,,,,,0.0002981532510892708
27,0.0946424448409596,0.1856441456824541,,,,,0.00029800289163118036
28,0.09460038233649086,0.179807261005044,,,,,0.0002978466892723499
29,0.09039217223589485,0.1949008021503687,,,,,0.00029768465017938103
30,0.09101950387294228,0.19971298687160016,22.09667622645696,10.081343827644984,174.06982469558716,0.5,0.0002975167807492997
31,0.08769103376245177,0.1963525377213955,,,,,0.00029734308760930354
32,0.08748488435270013,0.18588213250041008,,,,,0.00029716357761650034
33,0.08590001376295411,0.19568928107619285,,,,,0.0002969782578576373
34,0.08581870613065926,0.18360769897699356,,,,,0.0002967871356488211
35,0.08201822643545834,0.19193968512117862,21.634488340218862,9.825793806711832,172.06107765833536,0.5,0.0002965902185352293
36,0.07886020587505521,0.19214342832565307,,,,,0.00029638751429081236
37,0.07984606856228532,0.1860339716076851,,,,,0.00029617903091798685
38,0.07664652415425391,0.1847519088536501,,,,,0.0002959647766473192
39,0.07502288144786616,0.19882626160979272,,,,,0.00029574475993720135
40,0.07690956277420392,0.21927252188324928,26.957964913050333,12.44962678750356,255.7260244210561,0.5,0.00029551898947351613
41,0.07334041766620972,0.18926892541348933,,,,,0.0002952874741692949
42,0.0706058697825348,0.20287044830620288,,,,,0.0002950502231643655
43,0.07166213144523066,0.19826115630567073,,,,,0.0002948072458249913
44,0.07043060675464771,0.19962731897830963,,,,,0.0002945585517435017
45,0.06718134346443254,0.19531987570226192,20.177800532182058,9.223965760072073,153.00024433135985,0.5,0.0002943041507379131
46,0.06730330725376671,0.17903215624392033,,,,,0.0002940440528515417
47,0.06582095846533775,0.19138998985290528,,,,,0.0002937782683526066
48,0.06245213787297945,0.18960979729890823,,,,,0.00029350680773382483
49,0.06580192832326567,0.17926406264305114,,,,,0.0002932296817119967
50,0.06372480144774592,0.20071701258420943,21.311537965138754,9.666060729821522,170.29389548301697,0.5,0.00029294690122758305
51,0.06045960861484747,0.18858277164399623,,,,,0.00029265847744427325
52,0.06229705104251971,0.19137202873826026,,,,,0.0002923644217485444
53,0.05864118895417935,0.19424629658460618,,,,,0.0002920647457492118
54,0.059357836087410513,0.19850590638816357,,,,,0.0002917594612769709
55,0.05580899431496053,0.18727625906467438,20.68510696490606,9.387928519646326,155.88394157091776,0.5,0.00029144858038392986
56,0.05842518217458918,0.18861495107412338,,,,,0.000291132115343134
57,0.05650222427337556,0.2024639993906021,,,,,0.0002908100786480813
58,0.05775273399981293,0.20015992671251298,,,,,0.000290482483012229
59,0.05530685196454461,0.1932501971721649,,,,,0.0002901493413684919
60,0.054229160217014516,0.19132709093391895,22.79079194466273,10.433485372861226,192.62405977249145,0.5,0.0002898106668687317
61,0.054663281585719134,0.19895920269191264,,,,,0.0002894664728832378
62,0.05348782498087432,0.20840778090059758,,,,,0.0002891167730001993
63,0.052744371564807116,0.19680012129247187,,,,,0.0002887615810251688
64,0.05140282233824601,0.18169075734913348,,,,,0.00028840091098051733
65,0.05019506107310991,0.19565632492303847,22.45368746519089,10.315339990456899,187.95717967351277,0.5,0.00028803477710488066
66,0.0493292432228053,0.1932004764676094,,,,,0.0002876631938525973
67,0.04896952028109415,0.21541125290095806,,,,,0.00028728617589313777
68,0.04913218649154579,0.19964604303240777,,,,,0.0002869037381105256
69,0.04992691827686252,0.19682614430785178,,,,,0.0002865158956027495
70,0.04870443395968225,0.19267621338367463,22.38971362511317,10.242735415697098,182.70941689809163,0.5,0.0002861226636811677
71,0.047742596802276535,0.20452733896672726,,,,,0.00028572405786990305
72,0.04944881409205295,0.2083822637796402,,,,,0.00028532009390523053
73,0.047412803547607886,0.20779907405376435,,,,,0.0002849107877349558
74,0.045838155934738146,0.20667739100754262,,,,,0.0002844961555177855
75,0.04640992481664226,0.20974109545350075,24.279273883501688,11.152977230151494,220.00145926475525,0.5,0.0002840762136226897
76,0.04547541742087216,0.2038175217807293,,,,,0.0002836509786282553
77,0.04202353679952589,0.21624189391732215,,,,,0.0002832204673220318
78,0.042841165452390105,0.22587342076003553,,,,,0.00028278469669986843
79,0.04428662948713109,0.20916906408965588,,,,,0.00028234368396524317
80,0.043926714919507504,0.21982981450855732,24.114591813087465,11.089504589637121,219.7741618315379,0.5,0.0002818974465285836
81,0.04197015792030741,0.21253690533339978,,,,,0.0002814460020065797
82,0.041644772388846486,0.20835776180028914,,,,,0.00028098936822148823
83,0.04227207885501352,0.21283586621284484,,,,,0.00028052756320042904
84,0.044953896261348915,0.20134741626679897,,,,,0.00028006060517467366
85,0.04435561015899923,0.2143242724239826,22.788118743896483,10.452936780452728,194.56434200604755,0.5,0.0002795885125789254
86,0.03964995945224891,0.20217899456620217,,,,,0.0002791113040505917
87,0.041592272652967555,0.2014632411301136,,,,,0.000278628998429048
88,0.039956992693446776,0.20889047682285308,,,,,0.00027814161475489443
89,0.04046208210088111,0.20120915919542312,,,,,0.00027764917226920393
90,0.03940558989809172,0.20103520415723325,21.520353853702545,9.83832183877627,176.8587850411733,0.5,0.0002771516904127626
91,0.037670219442932994,0.21567923501133918,,,,,0.00027664918882530236
92,0.0363967591091185,0.21574729382991792,,,,,0.00027614168734472545
93,0.03723646134037424,0.2134459286928177,,,,,0.0002756292060063213
94,0.03799665696616914,0.20158872418105603,,,,,0.0002751117650419757
95,0.03923961688839906,0.21206562891602515,23.511443118254345,10.742964551846187,203.73030947049457,0.5,0.0002745893848793719
96,0.03770566900336259,0.2185755416750908,,,,,0.0002740620861411843
97,0.03558484744280577,0.22155235521495342,,,,,0.00027352988964426413
98,0.03678474056761007,0.20790245123207568,,,,,0.0002729928163988179
99,0.03444811815043559,0.22159671261906624,,,,,0.00027245088760757764
100,0.03586820427429031,0.189356941729784,20.296657971541087,9.222249112526576,158.34233128229778,0.5,0.0002719041246649641
101,0.03701770917285938,0.22399746552109717,,,,,0.00027135254915624217
102,0.036267273958671735,0.22516655772924424,,,,,0.0002707961828566683
103,0.03774371131549816,0.2031318712979555,,,,,0.00027023504773063153
104,0.03551938404908051,0.19788090288639068,,,,,0.00026966916593078565
105,0.03460636309574585,0.2459467865526676,26.907613535722096,12.25585270722707,266.539613866806,0.5,0.00026909855979717525
106,0.03626843222190399,0.21023725718259811,,,,,0.00026852325185635354
107,0.034164824019614105,0.21009970046579837,,,,,0.0002679432648204928
108,0.03348376498733823,0.2126365214586258,,,,,0.0002673586215864882
109,0.03404517829216815,0.2169490210711956,,,,,0.0002667693452350535
110,0.03273232613463659,0.218462098762393,23.95319282611211,10.838093137741089,212.36529717445373,0.5,0.0002661754590298101
111,0.034201221439886735,0.21442437618970872,,,,,0.00026557698641636835
112,0.03161260417687732,0.21445570401847364,,,,,0.00026497395102140247
113,0.031104541006120475,0.2074362736195326,,,,,0.0002643663766517172
114,0.031926454170732886,0.21407151222229004,,,,,0.0002637542872933083
115,0.03356916960832235,0.21081130392849445,21.06091456015905,9.59946040312449,169.0138511498769,0.5,0.00026313770711041556
116,0.031179777900310787,0.21227402836084366,,,,,0.0002625166604445689
117,0.03321937733405345,0.21254180409014226,,,,,0.0002618911718136273
118,0.034128487210821463,0.18250080831348897,,,,,0.00026126126591081083
119,0.03457382371699488,0.20590955018997192,,,,,0.000260626967603726
120,0.030899341293686145,0.22014683559536935,24.405519223213197,11.05435776313146,215.60980505943297,0.5,0.00025998830193338395
121,0.030862527396026497,0.2298043616116047,,,,,0.00025934529411321167
122,0.03424318532484609,0.2113194864243269,,,,,0.0002586979695280569
123,0.03266048529562918,0.22652937099337578,,,,,0.0002580463537331859
124,0.03130851904987483,0.20257844142615794,,,,,0.0002573904724532746
125,0.03251671181941355,0.20848870426416397,23.89777986208598,10.907305957873662,213.89353076616922,0.5,0.00025673035158139273
126,0.028492850050128794,0.20875772498548031,,,,,0.00025606601717798207
127,0.03056115027819131,0.23094052635133266,,,,,0.00025539749546982736
128,0.029627133613905392,0.21297202855348588,,,,,0.0002547248128490209
129,0.028788554884896084,0.22164690345525742,,,,,0.0002540479958719207
130,0.02983022025610144,0.20214522629976273,25.020623127619427,11.317253043254217,230.86934054692586,0.5,0.00025336707125810223
131,0.030087877492848282,0.1977133072912693,,,,,0.0002526820658893033
132,0.029469663554148096,0.21687620952725412,,,,,0.00025199300680836284
133,0.03047933099741066,0.23278126120567322,,,,,0.00025129992121815365
134,0.028608459828270448,0.22116204909980297,,,,,0.000250602836480508
135,0.030700938046179915,0.22775556668639182,24.29023327032725,11.064590634902318,225.51778372128805,0.5,0.00024990178011513776
136,0.029698271556077776,0.2170953169465065,,,,,0.00024919677979854776
137,0.028425248868360713,0.21118405647575855,,,,,0.00024848786336294346
138,0.028181649241093044,0.2302326988428831,,,,,0.00024777505879513184
139,0.027383850849661474,0.21265246234834195,,,,,0.0002470583942354167
140,0.027873104513698333,0.24521681144833565,26.59718853632609,12.128970368703206,259.66544383366903,0.5,0.00024633789797648767
141,0.030236818878030456,0.2301046747714281,,,,,0.00024561359846230347
142,0.029197242085796757,0.20441423840820788,,,,,0.0002448855242869687
143,0.028811759239918477,0.20837464556097984,,,,,0.00024415370419360506
144,0.024859655598128163,0.21114272214472293,,,,,0.00024341816707321688
145,0.027493866399635334,0.22241625413298607,24.648106769720712,11.199681427081426,220.0185395081838,0.5,0.00024267894196355015
146,0.027076184246185665,0.22456651590764523,,,,,0.00024193605804794652
147,0.02752894763457211,0.2108883760869503,,,,,0.00024118954465419083
148,0.027092185626561578,0.20037557519972324,,,,,0.00024043943125335373
149,0.02790182871693695,0.2106934033334255,,,,,0.00023968574745862785
150,0.0276643962196603,0.21347058191895485,24.398785622914634,11.078923761844635,218.154456504186,0.5,0.0002389285230241589
151,0.028265096876468207,0.19897096194326877,,,,,0.000238167787843871
152,0.028774204374467198,0.1958882085978985,,,,,0.00023740357195028644
153,0.02730706225879289,0.2193576917052269,,,,,0.00023663590551334013
154,0.026327293089314086,0.2327762559056282,,,,,0.0002358648188391886
155,0.030380177387111896,0.1974510010331869,23.370458165804546,10.51027816136678,202.96410436630248,0.5,0.00023509034236901348
156,0.03055680520530488,0.21942560151219367,,,,,0.00023431250667781958
157,0.02722139740866181,0.22482840716838837,,,,,0.0002335313424732282
158,0.028252897809284763,0.23033819608390332,,,,,0.00023274688059426454
159,0.02520433673635125,0.22200980186462402,,,,,0.00023195915201014035
160,0.025590052538727585,0.22681120783090591,26.308286809921263,11.905800555149714,249.12477900187176,0.5,0.00023116818781903134
161,0.026411813520197128,0.21850390508770942,,,,,0.00023037401924684946
162,0.031220624575743806,0.20971279293298722,,,,,0.00022957667764601008
163,0.025064074912586727,0.22741665691137314,,,,,0.00022877619449419433
164,0.02657637214036407,0.2219802677631378,,,,,0.00022797260139310635
165,0.02809944193860566,0.23972381874918938,26.003184270858764,11.803954702615737,248.7997513930003,0.5,0.00022716593006722596
166,0.025468990131205804,0.23596740439534186,,,,,0.00022635621236255567
167,0.025051173615596584,0.2336697459220886,,,,,0.00022554348024536407
168,0.024027979718772945,0.23390674442052842,,,,,0.0002247277658009236
169,0.025007013684591732,0.22604965716600417,,,,,0.0002239091012322437
170,0.02735316869173501,0.21486226543784143,24.06201067765554,10.935633371273676,207.84517375628153,0.5,0.0002230875188587998
171,0.026359309442341328,0.22420548908412458,,,,,0.00022226305111525723
172,0.02477811021428253,0.22246695570647718,,,,,0.00022143573055019081
173,0.025972198191526776,0.22205763272941112,,,,,0.00022060558982479983
174,0.02486244202717333,0.2133420340716839,,,,,0.0002197726617116187
175,0.02322733003293743,0.2266150213778019,24.558609147866566,11.129592295487722,223.97936361630758,0.5,0.00021893697909322314
176,0.023757875418743572,0.22524705715477467,,,,,0.00021809857496093196
177,0.0255421499495168,0.19487126506865024,,,,,0.00021725748241350484
178,0.02415248380369834,0.2060083419084549,,,,,0.00021641373465583518
179,0.02408126799540745,0.2137210700660944,,,,,0.00021556736499763986
180,0.023656892590224743,0.19775774665176868,21.848812782764433,9.899591728051503,179.86940496762594,0.5,0.0002147184068521438
181,0.02407072374999926,0.2057958636432886,,,,,0.00021386689373476084
182,0.024037430163573573,0.2392699360847473,,,,,0.00021301285926177087
183,0.02349246368818992,0.20908925160765648,,,,,0.00021215633714899258
184,0.0227413269112239,0.21253786310553552,,,,,0.0002112973612104523
185,0.023391520176586265,0.21662007309496403,23.490977410475413,10.652378022670746,203.44076816240946,0.5,0.00021043596535704934
186,0.025684242615023174,0.2233650829643011,,,,,0.00020957218359521706
187,0.02571365687794782,0.20878466293215753,,,,,0.00020870605002558032
188,0.022295703016523574,0.21583047285676002,,,,,0.0002078375988416094
189,0.025346592433649947,0.22141536921262742,,,,,0.0002069668643282701
190,0.02274908570925126,0.23124845363199711,24.851868387063345,11.199030329783758,224.81246159871418,0.5,0.00020609388086067
191,0.0224546980540696,0.2372518554329872,,,,,0.00020521868290270163
192,0.02240252575358829,0.21945734694600105,,,,,0.00020434130500568182
193,0.02423428650945425,0.22581223770976067,,,,,0.00020346178180698755
194,0.021359238836511567,0.22142426669597626,,,,,0.0002025801480286888
195,0.022147804410574404,0.23067540004849435,25.55801171461741,11.610780505339305,235.3473973274231,0.5,0.00020169643847617756
196,0.024280390853213298,0.21165691129863262,,,,,0.00020081068803679371
197,0.023090833546342077,0.20233598947525025,,,,,0.000199922931678448
198,0.02158599952235818,0.206193707883358,,,,,0.00019903320444824142
199,0.021421456747260446,0.23256369382143022,,,,,0.00019814154147108142
200,0.021701354420164954,0.21401817426085473,23.785770881175996,10.759224359194437,214.78219650586445,0.5,0.00019724797794829573
201,0.022026706927430792,0.21514892354607582,,,,,0.00019635254915624213
202,0.021493711987057247,0.22159131318330766,,,,,0.0001954552904449161
203,0.022208116671724898,0.23360867314040662,,,,,0.00019455623723655524
204,0.02150428426024076,0.19718026593327523,,,,,0.0001936554250242408
205,0.02365844852819636,0.20580956749618054,23.27601223786672,10.498897274335226,204.41219372749327,0.5,0.00019275288937049644
206,0.022662023006862885,0.21784094199538231,,,,,0.00019184866590588444
207,0.023761449293611018,0.21314027197659016,,,,,0.00019094279032759882
208,0.02565735236213014,0.21057503372430803,,,,,0.00019003529839805637
209,0.02240809000323753,0.20650750771164894,,,,,0.00018912622594348454
210,0.02194571341513782,0.2400081478059292,26.501248931884767,11.99678952495257,254.53158764839174,0.5,0.00018821560885250735
211,0.022587573684349254,0.22290228344500065,,,,,0.00018730348307472821
212,0.02148520801770123,0.2265245221555233,,,,,0.00018638988461931115
213,0.0210442519495012,0.2035399593412876,,,,,0.00018547484955355875
214,0.021136928324562473,0.19739489816129208,,,,,0.0001845584140014886
215,0.021690970613948396,0.1965900097042322,23.763598930835723,10.782285769780477,210.84959654808046,0.5,0.0001836406141424072
216,0.02282042052546466,0.20012483112514018,,,,,0.00018272148620948142
217,0.021087135062427133,0.2168825726956129,,,,,0.00018180106648830823
218,0.024269042624714406,0.1930103037506342,,,,,0.00018087939131548222
219,0.02133790372140907,0.20486633777618407,,,,,0.00017995649707716109
220,0.021997483145143534,0.22159034311771392,24.269846347967782,10.956833444039027,224.04947379430135,0.5,0.00017903242020762906
221,0.021838626371243515,0.2213239811360836,,,,,0.00017810719718785873
222,0.022458849877521798,0.20523783527314662,,,,,0.00017718086454407065
223,0.020005238720694103,0.2217953573912382,,,,,0.00017625345884629147
224,0.022830547525773983,0.2178464338183403,,,,,0.00017532501670691013
225,0.02185794342359578,0.19882330633699893,20.68251218398412,9.302021658420562,166.91606465180715,0.5,0.0001743955747792326
226,0.020842120114311174,0.2160210408270359,,,,,0.00017346516975603468
227,0.018956036722237193,0.22178927548229693,,,,,0.0001725338383681136
228,0.02161551863458511,0.21682579815387726,,,,,0.00017160161738283787
229,0.02091473889713352,0.20573927015066146,,,,,0.00017066854360269575
230,0.020073555498006376,0.20584715120494365,22.273431384563445,10.050825970371564,190.68334827423095,0.5,0.00016973465386384238
231,0.020632631887958663,0.20597961731255054,,,,,0.00016879998503464561
232,0.019123914085227896,0.20450601801276208,,,,,0.00016786457401423045
233,0.02153616589871613,0.21504552625119686,,,,,0.00016692845773102222
234,0.018792337863831908,0.2069649465382099,,,,,0.00016599167314128896
235,0.021047336452112004,0.19561097584664822,21.075942623615266,9.560076318184535,172.59513041973113,0.5,0.0001650542572276822
236,0.020238540374447365,0.21169944629073142,,,,,0.00016411624699777712
237,0.019998414026623643,0.21463191397488118,,,,,0.00016317767948261145
238,0.020932607604442415,0.18586711175739765,,,,,0.0001622385917352236
239,0.02287607958439637,0.2015031509101391,,,,,0.00016129902082918986
240,0.01862378675188567,0.2127110954374075,23.772803930441537,10.778545767068863,212.11142792701722,0.5,0.00016035900385716085
241,0.02005202228807517,0.2151546012610197,,,,,0.00015941857792939695
242,0.019070095432972587,0.21759698837995528,,,,,0.0001584777801723036
243,0.018716562350557464,0.2086151096969843,,,,,0.00015753664772696536
244,0.019378568800921377,0.20731471292674541,,,,,0.00015659521774767963
245,0.02034106388738429,0.21517779119312763,24.30267834266027,10.96822830438614,217.0653087933858,0.5,0.00015565352740049007
246,0.021728217752801406,0.189809250831604,,,,,0.00015471161386171914
247,0.019899781579403458,0.21556890532374381,,,,,0.00015376951431650052
248,0.01936235237312881,0.2270756673067808,,,,,0.00015282726595731113
249,0.019136775486372614,0.21425952017307281,,,,,0.00015188490598250278
250,0.018621390811293513,0.21493842229247093,23.07479881445567,10.426292433341343,200.10089565912884,0.5,0.00015094247159483373
251,0.020815599168575293,0.19729491509497166,,,,,0.00014999999999999988
252,0.0196570479311049,0.20476747006177903,,,,,0.00014905752840516602
253,0.01898580724121751,0.21792024187743664,,,,,0.00014811509401749695
254,0.017990304119381552,0.20704845301806926,,,,,0.0001471727340426886
255,0.019525914918631315,0.21466141194105148,24.605180128415427,11.163966097434361,221.28729367256165,0.5,0.00014623048568349924
256,0.017810469279317436,0.21887467801570892,,,,,0.00014528838613828062
257,0.017786310230557982,0.21545470245182513,,,,,0.00014434647259950966
258,0.018621143985640357,0.20384697131812574,,,,,0.00014340478225232015
259,0.017806345609494963,0.2126093726605177,,,,,0.00014246335227303445
260,0.0192894606498649,0.2050920844078064,24.42856136163076,11.050338757038116,220.70604974428812,0.5,0.0001415222198276962
261,0.021800366683384857,0.22129485979676247,,,,,0.00014058142207060292
262,0.018926554737058846,0.22377132549881934,,,,,0.00013964099614283904
263,0.0192144499663767,0.22332991547882558,,,,,0.00013870097917080998
264,0.018150952644646168,0.2267600528895855,,,,,0.00013776140826477626
265,0.01939149821378492,0.22877451591193676,25.09866729180018,11.383643078804017,232.31429985364278,0.5,0.0001368223205173884
266,0.018516386103992526,0.2317412331700325,,,,,0.00013588375300222275
267,0.01846364520590853,0.22363811917603016,,,,,0.00013494574277231767
268,0.017266968202248618,0.22383677028119564,,,,,0.0001340083268587109
269,0.01800948488400192,0.2127145819365978,,,,,0.00013307154226897765
270,0.017782067364031397,0.2117921482771635,24.62833816210429,11.145344907045365,225.56350668271384,0.5,0.00013213542598576947
271,0.020284854479738185,0.21768972091376781,,,,,0.00013120001496535428
272,0.018112528376986046,0.22405132725834848,,,,,0.00013026534613615754
273,0.018038603288398403,0.22644332349300383,,,,,0.0001293314563973042
274,0.017702021069724013,0.2196775685995817,,,,,0.00012839838261716207
275,0.017788086413733056,0.21748495176434518,23.318714451789855,10.57566985487938,209.06408206621805,0.5,0.00012746616163188633
276,0.018149504576482484,0.21102753207087516,,,,,0.00012653483024396527
277,0.017727699281798827,0.2112731460481882,,,,,0.00012560442522076737
278,0.018029096032920723,0.21630726642906667,,,,,0.00012467498329308982
279,0.017827865151638114,0.20780662558972834,,,,,0.0001237465411537085
280,0.01696166329438219,0.21172589994966984,23.25496711730957,10.53403218984604,200.9943418820699,0.5,0.0001228191354559293
281,0.016684540975335484,0.22220245003700256,,,,,0.00012189280281214119
282,0.0176458343284557,0.2296791583299637,,,,,0.00012096757979237089
283,0.017238440810123812,0.2079156719148159,,,,,0.00012004350292283886
284,0.01622146652457682,0.2110111866146326,,,,,0.00011912060868451768
285,0.01894569196864157,0.22069824375212194,23.203425705432892,10.471754296620686,201.4118158340454,0.5,0.00011819893351169172
286,0.017703151154155668,0.21309109330177306,,,,,0.00011727851379051854
287,0.019101229345274938,0.23818289786577224,,,,,0.00011635938585759272
288,0.016813139292738727,0.22157297134399415,,,,,0.00011544158599851133
289,0.017304503711292874,0.22016103230416775,,,,,0.0001145251504464412
290,0.01700137705365951,0.21338178627192975,25.756258567174275,11.68922644853592,245.30111020406088,0.5,0.00011361011538068879
291,0.01742521336151136,0.21179661937057973,,,,,0.0001126965169252717
292,0.017531600881468604,0.2284110017120838,,,,,0.0001117843911474926
293,0.01745976204354618,0.2197638936340809,,,,,0.00011087377405651536
294,0.017838690341827838,0.2117010734975338,,,,,0.00010996470160194358
295,0.016623354466581666,0.21326404474675656,23.715195246537526,10.730954305330913,209.04326837857565,0.5,0.00010905720967240107
296,0.01879025930287065,0.2016801554709673,,,,,0.00010815133409411547
297,0.016081323079462792,0.20775506645441055,,,,,0.00010724711062950345
298,0.01633001019473414,0.21707616932690144,,,,,0.0001063445749757591
299,0.017414737744508562,0.21773238852620125,,,,,0.00010544376276344462
300,0.0183102996591982,0.19512750767171383,23.61950975259145,10.695430827140807,208.95053663253785,0.5,0.0001045447095550838
301,0.01631876713017354,0.20347296223044395,,,,,0.00010364745084375777
302,0.01721841172390693,0.21324871256947517,,,,,0.00010275202205170417
303,0.017285100813653018,0.2117857091128826,,,,,0.00010185845852891847
304,0.01678694525381198,0.2060658548027277,,,,,0.00010096679555175854
305,0.018050688255981013,0.21885173432528973,25.050179763635,11.428304495414098,231.81572262446085,0.5,0.0001000770683215519
306,0.017108152708592447,0.21676854975521564,,,,,9.918931196320618e-05
307,0.015440919423928938,0.21728284880518914,,,,,9.830356152382232e-05
308,0.016926633194088936,0.2148668013513088,,,,,9.741985197131103e-05
309,0.01618194466809163,0.21187763661146164,,,,,9.65382181930123e-05
310,0.016315904987120145,0.21040230020880699,23.530151311556498,10.649170372883479,205.13186705907185,0.5,9.565869499431805e-05
311,0.0163139305329202,0.20736336819827555,,,,,9.478131709729821e-05
312,0.01779815019737627,0.22250870950520038,,,,,9.390611913932985e-05
313,0.017175951909676596,0.21902106404304506,,,,,9.303313567172974e-05
314,0.017022938920638046,0.21261184215545653,,,,,9.216240115839042e-05
315,0.016189201558763917,0.22536831125617027,24.922002919514973,11.285653700431189,227.57041217486065,0.5,9.129394997441956e-05
316,0.01697662686677398,0.20214933790266515,,,,,9.042781640478277e-05
317,0.016299899302523683,0.21252505257725715,,,,,8.956403464295048e-05
318,0.015666399767773377,0.2125537820160389,,,,,8.870263878954755e-05
319,0.015166320309445664,0.22465551570057868,,,,,8.784366285100727e-05
320,0.015525314604511132,0.21959300711750984,25.434220174948376,11.528875889380773,237.75580282211303,0.5,8.698714073822894e-05
321,0.015421386455764642,0.22225137576460838,,,,,8.613310626523898e-05
322,0.014386511955259217,0.2363946944475174,,,,,8.528159314785607e-05
323,0.015486365989656062,0.22507270872592927,,,,,8.443263500235999e-05
324,0.015033953898661846,0.22011708170175553,,,,,8.358626534416469e-05
325,0.015249852191757512,0.230223186314106,24.47135274807612,11.059384608268738,224.9267126083374,0.5,8.274251758649508e-05
326,0.016455737206883526,0.22204464673995972,,,,,8.190142503906788e-05
327,0.01525512385509304,0.2225905954837799,,,,,8.106302090677672e-05
328,0.01610769336489407,0.222494987398386,,,,,8.022733828838114e-05
329,0.01546593481121031,0.22057277858257293,,,,,7.939441017520006e-05
330,0.015069521523105938,0.22058051973581314,24.951297012964883,11.276608661810558,230.55911189715067,0.5,7.856426944980901e-05
331,0.015272079929206017,0.22648563981056213,,,,,7.773694888474265e-05
332,0.014602521786818633,0.22591412290930749,,,,,7.691248114120008e-05
333,0.014487107435392367,0.22449968978762627,,,,,7.609089876775613e-05
334,0.014502599785054053,0.22410890869796277,,,,,7.527223419907628e-05
335,0.016368685843976768,0.21550236716866494,25.0637926141421,11.335352689027786,231.610759305954,0.5,7.445651975463578e-05
336,0.01551504249407633,0.20907072611153127,,,,,7.36437876374442e-05
337,0.015194086244682202,0.2298287931829691,,,,,7.283406993277391e-05
338,0.014949695760937961,0.2211445163935423,,,,,7.202739860689351e-05
339,0.016794147989335092,0.22448564246296882,,,,,7.122380550580552e-05
340,0.01525765804674577,0.21355030052363871,24.766291332244872,11.189184306065242,228.39960927963256,0.5,7.042332235398983e-05
341,0.014793646131717676,0.21117346808314325,,,,,6.962598075315044e-05
342,0.015541869706499416,0.224689157679677,,,,,6.883181218096855e-05
343,0.01488515971908094,0.22072604708373547,,,,,6.804084798985956e-05
344,0.015374317538697977,0.22814329899847507,,,,,6.725311940573538e-05
345,0.014414737781358732,0.22650969736278057,24.38233697017034,11.03146687746048,223.70471690495808,0.5,6.64686575267717e-05
346,0.01428337416586441,0.22210243493318557,,,,,6.568749332218032e-05
347,0.015350622955609012,0.2149705681949854,,,,,6.490965763098648e-05
348,0.01502143803077775,0.22070045731961727,,,,,6.413518116081127e-05
349,0.014853438777798737,0.2162674732506275,,,,,6.336409448665981e-05
350,0.015446756148358455,0.20730549283325672,23.607890284061433,10.691996870438258,208.2327404975891,0.5,6.259642804971352e-05
351,0.01508554194525287,0.21532967388629914,,,,,6.183221215612897e-05
352,0.01701693727660018,0.20904816165566445,,,,,6.107147697584104e-05
353,0.015950121526681894,0.2104293093085289,,,,,6.031425254137215e-05
354,0.014631526683129975,0.2183856349438429,,,,,5.956056874664621e-05
355,0.015036612900125014,0.21336511559784413,24.004057935873668,10.8829172929128,214.75185774167377,0.5,5.881045534580911e-05
356,0.015069929958396667,0.2182922877371311,,,,,5.8063941952053496e-05
357,0.015133063346650955,0.21115310229361056,,,,,5.732105803644975e-05
358,0.015600779207070937,0.21730707287788392,,,,,5.658183292678308e-05
359,0.014442071243113763,0.21777041330933572,,,,,5.584629580639486e-05
360,0.014566008001565933,0.23119283132255078,24.535892379283904,11.115056055784226,225.04390813509625,0.5,5.5114475713031265e-05
361,0.015184497372624842,0.22088311575353145,,,,,5.438640153769647e-05
362,0.014653726594170203,0.2121400646865368,,,,,5.366210202351232e-05
363,0.014643425952542472,0.21015932708978652,,,,,5.294160576458327e-05
364,0.013716431825446922,0.21271244920790194,,,,,5.22249412048681e-05
365,0.014491123612970114,0.2144379023462534,24.564318259557087,11.139307570457458,224.06289639472962,0.5,5.151213663705649e-05
366,0.014047638588660472,0.22381462305784225,,,,,5.080322020145213e-05
367,0.014160161032467275,0.2198023058474064,,,,,5.0098219884862204e-05
368,0.01415761250599816,0.21476343497633935,,,,,4.939716351949194e-05
369,0.01515516558208981,0.22648512497544288,,,,,4.870007878184627e-05
370,0.014992313597955415,0.22418726198375225,24.06459549268087,10.917089847723643,215.2852480093638,0.5,4.8006993191637054e-05
371,0.014263121964963706,0.21745654679834842,,,,,4.7317934110696685e-05
372,0.013897918592635039,0.20831260569393634,,,,,4.6632928741897655e-05
373,0.014325373906742883,0.2127673551440239,,,,,4.595200412807922e-05
374,0.015497641927386457,0.22825836651027204,,,,,4.527518715097907e-05
375,0.014152405670265088,0.22489190399646758,25.16481605768204,11.411016118526458,233.27569961547852,0.5,4.4602504530172534e-05
376,0.01418610366464064,0.21613101549446584,,,,,4.393398282201783e-05
377,0.014439041524924137,0.213906392455101,,,,,4.3269648418607146e-05
378,0.014065360814030911,0.21803550533950328,,,,,4.260952754672526e-05
379,0.014025442818230068,0.20847336165606975,,,,,4.1953646266813905e-05
380,0.013578894497776354,0.21539664268493652,24.119784291585287,10.930953725179036,216.23637970288596,0.5,4.1302030471942974e-05
381,0.013424776595186544,0.21530920080840588,,,,,4.06547058867882e-05
382,0.013832062042343456,0.2137829590588808,,,,,4.001169806661597e-05
383,0.014189673549923542,0.2102281466126442,,,,,3.937303239627387e-05
384,0.014334452665738157,0.22225706614553928,,,,,3.873873408918908e-05
385,0.014541332156875648,0.21969966329634188,24.99859651327133,11.314171290397644,229.7600435892741,0.5,3.810882818637263e-05
386,0.01382762095513376,0.22320939525961875,,,,,3.748333955543101e-05
387,0.015768123601840156,0.21618845053017138,,,,,3.6862292889584365e-05
388,0.013968441522101293,0.2196259383112192,,,,,3.624571270669166e-05
389,0.013769544862412117,0.21657609567046165,,,,,3.563362334828279e-05
390,0.013915682790448537,0.2205020636320114,24.209681554635367,10.930967229604722,217.36162797609964,0.5,3.502604897859745e-05
391,0.013616488680142808,0.22336062081158162,,,,,3.4423013583631574e-05
392,0.0141010646003525,0.2285374693572521,,,,,3.382454097018989e-05
393,0.014351234293064556,0.2089334785938263,,,,,3.323065476494644e-05
394,0.01347225092703829,0.2292647272348404,,,,,3.264137841351173e-05
395,0.014477720597406497,0.21980629563331605,24.810272999604543,11.191923648118973,226.21321365038554,0.5,3.2056735179507156e-05
396,0.013452813419437892,0.20849157311022282,,,,,3.147674814364639e-05
397,0.013840048171177104,0.2215004850178957,,,,,3.0901440202824646e-05
398,0.013791056500898825,0.2108843993395567,,,,,3.0330834069214322e-05
399,0.013809303199318616,0.20670281015336514,,,,,2.9764952269368443e-05
400,0.014217695712137062,0.21684665307402612,24.079081571102144,10.853424175580342,213.14912192026773,0.5,2.9203817143331673e-05
401,0.013570368516485434,0.21461209878325463,,,,,2.8647450843757857e-05
402,0.013780119747074472,0.22052751965820788,,,,,2.8095875335035867e-05
403,0.013581620648855696,0.2059974741190672,,,,,2.754911239242237e-05
404,0.01372239093069692,0.22465118691325187,,,,,2.700718360118214e-05
405,0.01320476463769336,0.21596187427639962,24.339411254723867,11.005253877242406,218.69698948860167,0.5,2.6470110355735843e-05
406,0.01345518749912043,0.21423748657107353,,,,,2.5937913858815704e-05
407,0.013409985934157629,0.22004400417208672,,,,,2.5410615120628078e-05
408,0.01367403198083913,0.22007137015461922,,,,,2.4888234958024258e-05
409,0.013353023061377776,0.21970437690615655,,,,,2.4370793993678716e-05
410,0.013054014095482794,0.2177311085164547,23.41167444785436,10.5783103009065,206.28436312675476,0.5,2.3858312655274606e-05
411,0.013467806580199583,0.22424162738025188,,,,,2.33508111746977e-05
412,0.013333510129234276,0.22110631838440895,,,,,2.2848309587237474e-05
413,0.01378627650666277,0.22239712364971637,,,,,2.235082773079622e-05
414,0.012893871303547072,0.2289195019751787,,,,,2.1858385245105673e-05
415,0.013171831460518611,0.2222132060676813,24.272720845540366,10.97367565234502,219.12685920397442,0.5,2.137100157095215e-05
416,0.01358078737315294,0.22139018177986144,,,,,2.088869594940843e-05
417,0.013592564840675206,0.2326252583414316,,,,,2.0411487421074637e-05
418,0.012993708139637837,0.22391557469964027,,,,,1.993939482532646e-05
419,0.013069726419760971,0.22916429564356805,,,,,1.947243679957111e-05
420,0.013514993592744341,0.2184071984142065,24.104653664429982,10.892287123203278,214.50450455347698,0.5,1.9010631778511945e-05
421,0.01335548551602138,0.22893930710852145,,,,,1.855399799342043e-05
422,0.012773855123668909,0.22320058681070803,,,,,1.8102553471416553e-05
423,0.013018966086108136,0.22144270949065686,,,,,1.7656316034756963e-05
424,0.013961519139844019,0.22367550283670426,,,,,1.72153033001317e-05
425,0.013297264816591868,0.22086503654718398,24.113245236873627,10.890082456668218,214.67583357493083,0.5,1.67795326779683e-05
426,0.013586956781108637,0.23079933747649192,,,,,1.6349021371744806e-05
427,0.013988858944660908,0.22666717655956745,,,,,1.592378637731041e-05
428,0.013369669344880292,0.2221290409564972,,,,,1.5503844482214596e-05
429,0.01272092415397433,0.21385054402053355,,,,,1.5089212265044316e-05
430,0.013062236150978384,0.22538782395422458,24.079260555903115,10.896048100789388,215.38241108258566,0.5,1.467990609476955e-05
431,0.012796925833901844,0.22009914517402648,,,,,1.4275942130097074e-05
432,0.013135697768145316,0.22098395749926567,,,,,1.387733631883243e-05
433,0.013760129518404201,0.2174414224922657,,,,,1.348410439725063e-05
434,0.013952148801370247,0.2203429151326418,,,,,1.3096261889474565e-05
435,0.013251814280158362,0.21458944752812387,23.817992448806763,10.770623449484507,210.09012649854023,0.5,1.271382410686235e-05
436,0.013164324025195595,0.21755930855870248,,,,,1.233680614740281e-05
437,0.013545570618196114,0.21481603384017944,,,,,1.1965222895119457e-05
438,0.013019356090021698,0.21908584125339986,,,,,1.159908901948275e-05
439,0.012439760681543802,0.2204141467809677,,,,,1.123841897483126e-05
440,0.012411202480261391,0.21335836946964265,23.616937454541524,10.68023340702057,207.73946002324422,0.5,1.0883226999800795e-05
441,0.012956085413493015,0.2122314941138029,,,,,1.0533527116762266e-05
442,0.01320916840907287,0.21434293277561664,,,,,1.0189333131268343e-05
443,0.0129439722671098,0.20800771303474902,,,,,9.850658631508182e-06
444,0.01346614258363843,0.22090027071535587,,,,,9.517516987771143e-06
445,0.013038593671611837,0.21665461733937263,23.885362156232198,10.797004705667495,211.73249626159668,0.5,9.189921351918875e-06
446,0.013010701277872195,0.2120741069316864,,,,,8.867884656866183e-06
447,0.013283337642614907,0.22225468568503856,,,,,8.551419616070306e-06
448,0.01325594205912706,0.21364247612655163,,,,,8.24053872302928e-06
449,0.012892866721125069,0.2065971229225397,,,,,7.93525425078835e-06
450,0.013058601991852393,0.21236593276262283,23.812694124380748,10.761833423376084,210.21154158910116,0.5,7.63557825145578e-06
451,0.012590985443141009,0.20930701941251756,,,,,7.341522555726956e-06
452,0.013181769037367525,0.2229632470756769,,,,,7.053098772417174e-06
453,0.013035614446208283,0.2189660657197237,,,,,6.7703182880035445e-06
454,0.013211678940098028,0.21647498831152917,,,,,6.493192266175406e-06
455,0.012656301725655794,0.2224554643034935,23.829276688893636,10.76623241106669,210.7503011862437,0.5,6.221731647393613e-06
456,0.013372385559754597,0.22379990741610528,,,,,5.955947148458529e-06
457,0.012911906434424423,0.21943372040987014,,,,,5.695849262087116e-06
458,0.013094709342899354,0.21102444007992743,,,,,5.441448256498533e-06
459,0.012909365490683028,0.2132156163454056,,,,,5.192754175008908e-06
460,0.01354432913374055,0.21746191568672657,23.8975346048673,10.800348446766536,212.27220125198363,0.5,4.9497768356347415e-06
461,0.012861239598006816,0.2177129190415144,,,,,4.71252583070533e-06
462,0.012711176422198076,0.2166489202529192,,,,,4.481010526484123e-06
463,0.013133830554481293,0.22057249806821347,,,,,4.255240062798897e-06
464,0.013536328663797798,0.22157685197889804,,,,,4.035223352681015e-06
465,0.01334177522064262,0.2140498973429203,23.535489662488303,10.62804717818896,206.78690195083618,0.5,3.8209690820134075e-06
466,0.013046877924352884,0.2184528760612011,,,,,3.6124857091878946e-06
467,0.012806300841573928,0.21632250547409057,,,,,3.409781464770971e-06
468,0.012963054877882069,0.21115536019206047,,,,,3.2128643511791836e-06
469,0.012906557779658484,0.21861727721989155,,,,,3.021742142362965e-06
470,0.012807235599973717,0.22546174861490725,23.753351708253224,10.731981283426284,209.7843343893687,0.5,2.836422383499898e-06
471,0.012651669327169657,0.2181338794529438,,,,,2.656912390696687e-06
472,0.012573009470125308,0.21591185219585896,,,,,2.483219250700537e-06
473,0.012615114727334396,0.21720187328755855,,,,,2.315349820619196e-06
474,0.01320459956705973,0.22509878799319266,,,,,2.1533107276502886e-06
475,0.012566996838998151,0.21969763822853566,23.75256278514862,10.729471705357234,209.884476741155,0.5,1.9971083688197904e-06
476,0.01295771759406135,0.21089898198843002,,,,,1.8467489107293475e-06
477,0.013547939172870404,0.22335263900458813,,,,,1.702238289312904e-06
478,0.013353245509033268,0.21218300200998783,,,,,1.5635822096023568e-06
479,0.013804933182089715,0.21437592767179012,,,,,1.4307861455023189e-06
480,0.013027886646120129,0.21135549433529377,23.819962612787883,10.75682362318039,210.84556465148927,0.5,1.3038553395740088e-06
481,0.012945909644602923,0.2156470138579607,,,,,1.1827948028283327e-06
482,0.013051174039876944,0.2171507716178894,,,,,1.0676093145279595e-06
483,0.012601824345167828,0.2219315566122532,,,,,9.583034219987385e-07
484,0.012440729282192281,0.21203205548226833,,,,,8.548814404501594e-07
485,0.013372565883941747,0.2192032787948847,23.782379925251007,10.740379623572032,210.3653186003367,0.5,7.573474528049722e-07
486,0.012830201932858373,0.22094375379383563,,,,,6.657053095379989e-07
487,0.013063041480711184,0.2238101702183485,,,,,5.799586285241228e-07
488,0.012765718013601931,0.22762423008680344,,,,,5.001107948955185e-07
489,0.012541303499224218,0.22425440922379494,,,,,4.2616496090790883e-07
490,0.012767478924345326,0.2190863449126482,23.8186167995135,10.757553005218506,210.84719265302022,0.5,3.581240458162151e-07
491,0.012809404367077592,0.21954572163522243,,,,,2.959907357592654e-07
492,0.013000484977571948,0.21991733834147453,,,,,2.397674836537461e-07
493,0.012866661191691418,0.216779400780797,,,,,1.894565090973794e-07
494,0.013005767206384524,0.21439919732511042,,,,,1.4505979828129364e-07
495,0.012445199605379556,0.22065191380679608,23.81672829389572,10.757075200478235,210.78669697443644,0.5,1.0657910391161902e-07
496,0.013224699899453568,0.22035777419805527,,,,,7.401594514025981e-08
497,0.012671725446912082,0.2145844429731369,,,,,4.73716075050089e-08
498,0.013145422361589767,0.2143955159932375,,,,,2.6647142878655148e-08
499,0.013149629032390343,0.2128282692283392,,,,,1.1843369427583209e-08
500,0.012627173227736273,0.22083113789558412,23.817036151885986,10.757350186506907,210.7901058514913,0.5,2.9608715794326926e-09
