kinase,active_pdb,inactive_pdb,active_probability_active,inactive_probability_active,prediction_gap,active_predicted_active,inactive_predicted_inactive,pair_prediction_correct,global_rmsd,distance_matrix_error,alignment_coverage,sequence_identity,compared_residues,DFG_rmsd,alphaC_rmsd,activation_loop_rmsd,Lys_Glu_difference
ABL1,2f4j,2g1t,0.9932672,0.0073602917,0.9859069083,True,True,True,4.401745121901517,3.0103086486176274,0.9581881533101045,1.0,275,3.643450928476008,6.702351555081556,10.712495345390916,-11.896196572240505
AKT1,4gv1,7nh5,0.98958546,0.01515495,0.97443051,True,True,True,4.680482080312247,2.687947732188765,0.7232375979112271,1.0,277,5.7523964300970425,7.520419469003939,13.982554930846545,3.6225596637445285
ALK,3lcs,5iug,0.98630464,0.13870148,0.84760316,True,True,True,1.5133715067020888,0.9187487017173234,0.9111842105263158,0.9963898916967509,277,5.001246379414449,1.283792658633553,3.6798906378198835,-0.4128193400957385
BRAF,4e26,6v2v,0.9961985,0.00094484456,0.99525365544,True,True,True,2.931769485611743,2.0549575727510145,0.9746376811594203,1.0,269,3.556199009925181,4.47119862545241,6.841665987912236,-9.613013334858756
CDK4,7sj3,3g33,0.8858628,0.0001618906,0.8857009093999999,True,True,True,4.4253078809469235,2.820392824038021,0.9278350515463918,1.0,270,3.1340149614186554,5.43547012683591,11.884761547936005,-9.793358977439812
CDK6,2euf,1blx,0.9770964,0.008865923,0.968230477,True,True,True,5.713869628055069,3.156238767923446,0.9245901639344263,1.0,282,3.2785353363814824,5.288848047835437,15.998920167413171,-9.181895862349498
EGFR,8d73,5hg8,0.99163955,0.0022601204,0.9893794296,True,True,True,3.303240697226584,2.630132516850867,0.9611650485436893,1.0,297,2.4456511617941663,7.533950462926928,2.2663116106082093,-8.285725151777296
ERBB2,3pp0,3rcd,0.98872596,0.0036378582,0.9850881018000001,True,True,True,1.9961374012167548,1.5466305027077767,0.9125874125874126,1.0,261,2.197266563245078,2.284455513309567,2.0450904536690744,-5.2914215951928005
FGFR1,8jmz,4v01,0.9970061,0.64832073,0.34868537,True,False,False,1.169457381261545,0.8333560719986494,0.8986928104575164,1.0,275,4.283145302320888,0.5003514203089161,2.9213201770114603,0.02879660604380785
KIT,8pqd,6gql,0.94318086,0.0380347,0.90514616,True,True,True,5.2475849230487395,2.9980109411610165,0.9899328859060402,1.0,295,6.285249827681195,1.708197731347758,16.276766046308033,0.021533233453278733
MET,3q6w,8ouv,0.94487095,0.0010185995,0.9438523504999999,True,True,True,2.9640240621110854,1.9230753152806404,0.9696969696969697,0.9965277777777778,288,5.125087313496205,0.5748025712649691,7.893516718756231,0.12675896686864796
PDGFRA,8pqh,8pqk,0.9621612,0.0030613844,0.9590998156,True,True,True,6.6007168218998125,4.8409354376513205,0.968944099378882,1.0,312,6.548956715303396,2.8617417026866425,16.008369945921316,0.6659917440346224
PIK3CA,4jps,7myn,0.97927356,0.9236479,0.05562566000000002,True,False,False,1.2895004930386709,0.9152704923458379,0.9679679679679679,1.0,967,0.629127782578682,2.9585352332238672,1.0570246458433792,-3.1741576906335345
