kinase,source_pdb_id,target_pdb_id,residue_count,sequence_identity,rmsd_source_target,rmsd_prediction_target,rmsd_source_prediction,rmsd_improvement,successful_translation,mean_displacement_per_residue,coordinate_mean,coordinate_std,coordinate_min,coordinate_max,has_nan,vectorfield_magnitude,prediction_difference,baseline
EGFR,1xkk,4zau,272,0.9889705882352942,3.2255202291623704,16.533695902453953,16.03482930012178,-13.308175673291583,False,39.547576904296875,0.0,4.295010089874268,-11.39382266998291,10.94246768951416,False,2210237241.4178004,234438034.6741593,guidance_0.0
EGFR,2gs7,7a6i,278,0.9964028776978417,4.232799285723246,16.28548456847917,15.839872458683018,-12.052685282755924,False,38.481727600097656,7.684282081754645e-07,5.025584697723389,-13.835389137268066,14.440423011779785,False,2480838449.768868,251623691.82057825,guidance_0.0
EGFR,2jit,2jit,299,1.0,4.796636706078211e-15,16.087593144398763,16.087593144398763,-16.08759314439876,False,39.68121337890625,-5.103273679196718e-07,4.676896572113037,-12.235652923583984,13.037256240844727,False,2681596731.3206596,167681389.80936983,guidance_0.0
EGFR,2jiu,2jiu,309,1.0,4.706641034282811e-15,16.54141299237702,16.54141299237702,-16.541412992377015,False,39.9190788269043,-2.7982675874227425e-06,4.306719779968262,-12.683430671691895,10.216707229614258,False,2660595263.6883163,235446079.88191274,guidance_0.0
EGFR,2jiv,5gnk,270,0.9962962962962963,1.55815883383276,16.02654288290575,16.074266178292707,-14.468384049072991,False,39.42189407348633,-6.593303965019004e-07,4.744558334350586,-11.133529663085938,17.69574546813965,False,2801763627.569857,286715464.46340084,guidance_0.0
EGFR,2rf9,5jeb,280,0.9928571428571429,2.4723953375649064,15.819919272693765,15.62345578434347,-13.347523935128859,False,38.371456146240234,3.2697406027182296e-07,5.238837718963623,-12.87208080291748,17.06052589416504,False,2340769845.5079093,199198545.6059297,guidance_0.0
EGFR,2rfd,7a6i,270,0.9888888888888889,3.3736605384301805,14.286141364450941,13.684079300545456,-10.912480826020762,False,38.660343170166016,-4.5211226051833364e-07,5.28180456161499,-14.499011039733887,14.82937240600586,False,2539184186.5138974,311533969.041785,guidance_0.0
EGFR,2rfe,4zau,256,0.9921875,2.392035867413167,15.895157459171973,15.651017248254368,-13.503121591758806,False,39.182621002197266,-1.9868215517249155e-08,5.365848064422607,-16.965513229370117,15.647176742553711,False,2328292399.0006256,367596558.9200242,guidance_0.0
EGFR,2rgp,4zau,271,0.988929889298893,3.241475764909284,15.939914553419621,15.516895181059882,-12.698438788510337,False,39.46596908569336,-1.313794882662478e-06,4.716909885406494,-13.50916576385498,12.607831954956055,False,2246763322.7554474,373191986.6090139,guidance_0.0
EGFR,3bel,4zau,270,0.9851851851851852,3.354587009857668,16.36729017626866,15.980178530913644,-13.012703166410994,False,39.602256774902344,1.507040963133477e-07,4.159830570220947,-13.736128807067871,12.236835479736328,False,2071908542.4114118,217274912.86899003,guidance_0.0
EGFR,3gop,6s9d,281,0.9537366548042705,7.459308882896612,15.39514541784197,14.834203088913178,-7.935836534945358,False,40.745426177978516,3.6201160469317983e-07,5.276514053344727,-15.586027145385742,17.411943435668945,False,2358172214.44747,282713070.88729256,guidance_0.0
EGFR,3gt8,5jeb,286,1.0,4.007771303930349,15.639872427969957,15.802451971011825,-11.632101124039607,False,40.222015380859375,3.5568271528063633e-07,4.973564624786377,-14.511636734008789,15.275976181030273,False,2406955830.3226166,229243984.50114274,guidance_0.0
EGFR,3ika,3ika,310,1.0,7.257409967992514e-15,16.285300147411252,16.285300147411252,-16.285300147411245,False,40.04216384887695,-1.115696363740426e-06,4.29576301574707,-12.396455764770508,11.940264701843262,False,2127829431.5901527,203314702.6844287,guidance_0.0
EGFR,3lzb,7a6i,261,0.9961685823754789,2.007562351217643,16.632946916013275,16.57628872791711,-14.625384564795631,False,39.930519104003906,3.0205777079572727e-07,4.383775234222412,-12.173274993896484,14.82435131072998,False,2040783028.0281456,167783437.79584444,guidance_0.0
EGFR,3poz,7t4j,265,0.9962264150943396,3.3243167015498494,15.926376327448121,15.768053350393634,-12.602059625898272,False,38.966773986816406,-5.182230324862758e-07,4.475299835205078,-13.211535453796387,11.101686477661133,False,2037177787.980609,319659632.71076274,guidance_0.0
EGFR,3w2r,4zau,274,0.9927007299270073,2.4919392927780692,15.304698453840388,15.42094033549716,-12.812759161062319,False,40.5876350402832,1.3365362292461214e-06,4.396065711975098,-14.22979736328125,13.558188438415527,False,2714035259.163726,203709759.6571534,guidance_0.0
EGFR,3w2s,6jx0,277,0.9963898916967509,3.0727899099503238,15.822755767054295,15.592487607896931,-12.749965857103971,False,39.621341705322266,3.6723920970871404e-07,4.720348358154297,-11.742541313171387,14.703447341918945,False,2297080620.5312185,293899532.1667607,guidance_0.0
EGFR,3w32,6jx0,289,0.9965397923875432,3.9502238708448436,15.466502074786296,14.997508436759889,-11.516278203941454,False,38.41203689575195,-7.391801091216621e-07,5.425061225891113,-12.46963882446289,13.814736366271973,False,2304132147.4353504,233468366.25234693,guidance_0.0
EGFR,3w33,6jx0,272,0.9963235294117647,2.9240280557436606,16.572601831948212,16.20478151731522,-13.648573776204552,False,39.77449035644531,9.630240356273134e-07,4.042411804199219,-11.714248657226562,12.22557258605957,False,2622203696.8779435,287616048.85825795,guidance_0.0
EGFR,4g5p,4g5p,303,1.0,6.151004452865055e-15,15.947520772634698,15.947520772634698,-15.947520772634693,False,40.27809143066406,-6.043084681550681e-07,4.818167686462402,-14.48151683807373,12.229328155517578,False,2278875182.8045487,262805582.59730017,guidance_0.0
EGFR,4hjo,7a6i,278,0.9964028776978417,3.928931530999957,16.41665194809627,15.936525859127935,-12.487720417096313,False,38.52055358886719,4.0251001109936624e-07,4.546053409576416,-11.954026222229004,12.493545532226562,False,2163335995.5213213,293973839.1011548,guidance_0.0
EGFR,4i1z,6jx0,287,0.9930313588850174,3.1729166668008366,14.67389003272371,14.2579819436064,-11.500973365922874,False,37.76838684082031,-3.54443415062633e-07,5.84620475769043,-13.526784896850586,14.914884567260742,False,2773763633.324373,388213805.70288473,guidance_0.0
EGFR,4i20,6jx0,287,0.9895470383275261,3.1507658214633847,15.995972876253326,15.59415739476703,-12.845207054789942,False,38.2315673828125,2.1266605187975074e-07,4.6691508293151855,-13.09276294708252,15.651039123535156,False,2369721658.5829473,244765378.49343196,guidance_0.0
EGFR,4i21,8d73,302,0.9635761589403974,4.254068870223882,16.890373007132474,17.059147061321188,-12.636304136908592,False,40.487857818603516,2.863128258923098e-07,4.699228286743164,-12.67279052734375,12.523197174072266,False,2365264949.9118285,235383294.58467397,guidance_0.0
EGFR,4i22,5cau,288,0.9930555555555556,5.511060314775265,15.672147636276689,15.741599897209834,-10.161087321501423,False,40.43087387084961,-8.123892598632665e-07,5.062339782714844,-13.237079620361328,12.50640869140625,False,2733181240.2105236,239983152.35106218,guidance_0.0
EGFR,4i24,8hv4,286,0.993006993006993,5.824233121346485,17.117566525163017,16.773576486768945,-11.293333403816533,False,40.18603515625,-1.9562550335194828e-07,4.21815299987793,-11.338271141052246,11.601707458496094,False,2246343732.4336877,309122507.89187205,guidance_0.0
EGFR,4wd5,4wd5,304,1.0,7.729775897147185e-15,16.20767022995779,16.20767022995779,-16.207670229957785,False,39.957733154296875,2.1081220893393038e-06,5.113539695739746,-15.229475021362305,12.96423053741455,False,2435813427.8838077,240513055.06298593,guidance_0.0
EGFR,4zjv,7a6i,281,0.9928825622775801,2.2419291067939477,15.098177258618454,14.638231411979461,-12.856248151824506,False,38.03843688964844,1.4480464471944288e-07,5.38242769241333,-15.504070281982422,13.579379081726074,False,2525563188.971451,222600736.4565359,guidance_0.0
EGFR,4zse,6jx0,275,0.9963636363636363,2.7407706278821,16.08918628176259,15.779930225530853,-13.34841565388049,False,39.79457473754883,-4.808830453839619e-07,5.341128349304199,-15.985708236694336,14.151861190795898,False,2158414127.742442,231062267.10290635,guidance_0.0
EGFR,5cnn,5jeb,285,0.9859649122807017,3.889736105346049,15.753965919498865,16.150221186269075,-11.864229814152816,False,40.57582473754883,6.246287966860109e-07,4.9742021560668945,-14.000510215759277,14.735803604125977,False,2169188404.8979273,275971472.6902484,guidance_0.0
EGFR,5cno,6s9d,289,0.986159169550173,4.592180113525527,16.143087932055334,15.869613516825256,-11.550907818529808,False,40.357112884521484,1.161568661700585e-06,5.019988059997559,-14.979521751403809,13.62980842590332,False,2537969972.7556653,248014433.12780592,guidance_0.0
EGFR,5d41,4zau,268,0.9925373134328358,5.090509085286492,16.734778241524445,16.436066446081764,-11.644269156237954,False,40.176841735839844,-9.489296814990666e-08,4.47872257232666,-11.972347259521484,14.152045249938965,False,2179054895.114249,233429768.5148285,guidance_0.0
EGFR,5gty,6jx0,272,1.0,2.529522319016106,15.84691286561132,15.49257659967144,-13.317390546595213,False,39.86201095581055,3.7398994123805096e-08,4.115695476531982,-13.328075408935547,12.45400619506836,False,1962712757.121327,222435392.30845878,guidance_0.0
EGFR,5hg5,5x27,293,0.9590443686006825,5.6576036929609925,16.429872026351745,16.523962302427833,-10.772268333390752,False,41.5846061706543,6.943703567685588e-08,5.102461814880371,-13.981112480163574,13.033885955810547,False,2531412278.718834,264559533.5446258,guidance_0.0
EGFR,5hg7,4zau,269,0.9888475836431226,1.839072587072795,14.475489507707733,14.480614839303511,-12.636416920634938,False,39.7490234375,-7.941377475617628e-07,5.141374111175537,-16.817829132080078,14.740042686462402,False,2860152122.3063893,271318194.51451117,guidance_0.0
EGFR,5hg8,6s9d,287,0.9825783972125436,4.996596868588472,15.500864322202546,15.739986342890951,-10.504267453614073,False,41.28936767578125,3.54443415062633e-07,4.872905254364014,-15.336472511291504,13.664292335510254,False,2445843002.4850483,221543633.56223845,guidance_0.0
EGFR,5hg9,4zau,270,0.9851851851851852,2.984683505496462,14.872525978783324,14.792028930879136,-11.887842473286863,False,39.75617218017578,3.767602265725145e-07,4.862855434417725,-16.744903564453125,11.660322189331055,False,2709685051.624865,253077857.98868793,guidance_0.0
EGFR,5u8l,4zau,275,0.9672727272727273,4.659926678119294,14.915423634192468,14.606116300918055,-10.255496956073173,False,39.75693130493164,-8.138021030390519e-07,5.414714813232422,-16.179025650024414,14.31525707244873,False,2693943614.1998596,264281699.27758607,guidance_0.0
EGFR,5ug8,4zau,270,0.9851851851851852,2.958046496075948,14.452111278403232,14.413784226235816,-11.494064782327284,False,39.84234619140625,-5.274642944641528e-07,5.135091781616211,-17.771968841552734,13.390981674194336,False,2559320116.5394325,243751758.52277514,guidance_0.0
EGFR,5ug9,4zau,270,0.9851851851851852,2.9432140822831356,13.884564908987354,13.795792468014135,-10.941350826704218,False,39.61759567260742,-3.014081926266954e-07,5.680811882019043,-19.473251342773438,14.133712768554688,False,2641143097.7929506,232145599.57841986,guidance_0.0
EGFR,5uga,8d73,283,1.0,2.5056725716268855,15.46231206377929,15.375984737470672,-12.956639492152405,False,39.51654815673828,5.03234502957639e-07,5.8167901039123535,-17.55549430847168,17.172958374023438,False,2612266801.5196023,225112814.30098182,guidance_0.0
EGFR,5ugc,4zau,270,0.9851851851851852,2.924024987835655,14.012411649140414,13.88335033307963,-11.08838666130476,False,39.65123748779297,-3.767602265725145e-07,5.971127510070801,-19.562219619750977,16.02996826171875,False,2503503408.4034147,229418445.60216713,guidance_0.0
EGFR,5uwd,4zau,262,0.9885496183206107,1.9595535303835705,13.9259039204569,13.83590837214946,-11.96635039007333,False,39.721763610839844,2.3295861240058002e-07,5.319314479827881,-15.599581718444824,14.154204368591309,False,2755327545.2018237,271792815.33981866,guidance_0.0
EGFR,5x2a,7zym,316,0.9841772151898734,7.195147424760461,15.342371473926637,14.957070963456063,-8.147224049166176,False,40.6024284362793,-3.219153938971431e-07,5.7701287269592285,-14.361562728881836,14.86080551147461,False,2074165549.3348863,242211387.1128005,guidance_0.0
EGFR,5x2c,8hv4,286,0.9895104895104895,6.063981556254585,16.920232210473337,16.733311973215468,-10.856250654218751,False,40.38671875,1.7784135764031817e-07,4.562078475952148,-12.651371955871582,13.918959617614746,False,1767725232.6746516,218635932.39299333,guidance_0.0
EGFR,5x2f,5jeb,299,0.9966555183946488,5.4772726783557735,15.613832959134502,15.253640437476125,-10.136560280778728,False,39.31850814819336,-3.7424010201903e-07,4.706174850463867,-11.30241584777832,12.143928527832031,False,2688692292.409861,212796256.7150892,guidance_0.0
EGFR,5yu9,6s9d,287,0.9965156794425087,4.11512383344322,16.48882044511894,16.2950303085323,-12.373696611675719,False,40.44515609741211,0.0,5.326857566833496,-15.369296073913574,14.909143447875977,False,2781076275.549953,268452205.2838,guidance_0.0
EGFR,5zwj,4zau,258,0.9844961240310077,2.808050213545576,15.522591060349335,15.520207832284887,-12.714540846803759,False,40.0579833984375,1.222280275214871e-06,4.388662815093994,-12.389144897460938,11.996344566345215,False,2814282551.8292437,226709102.54968032,guidance_0.0
EGFR,6duk,5jeb,286,0.9965034965034965,3.8717804283077775,15.943366038588943,16.409134591554423,-12.071585610281165,False,40.56208801269531,6.757971959814313e-07,5.026901721954346,-15.74605941772461,14.971658706665039,False,2555592503.976543,268871376.414774,guidance_0.0
EGFR,6jxt,5gnk,274,0.9963503649635036,1.7989040189068974,17.933298880940807,18.006748126768162,-16.13439486203391,False,40.38140106201172,1.8563003578719872e-08,4.768551349639893,-16.890186309814453,10.7075777053833,False,2069052213.1273458,374668818.6302129,guidance_0.0
EGFR,6p1d,4zau,268,0.9888059701492538,4.811010849447473,15.908334312501866,15.407986211194665,-11.097323463054394,False,39.58066940307617,1.5182874335550878e-07,4.766270160675049,-12.580581665039062,16.14891242980957,False,2212390190.3127666,273837390.6526848,guidance_0.0
EGFR,6p1l,6jx0,270,0.9962962962962963,2.219144307579655,16.034046588745497,15.783110277081999,-13.814902281165843,False,39.910400390625,3.014081926266954e-07,4.948064804077148,-13.644365310668945,15.011969566345215,False,2396596521.1474905,315241193.66154915,guidance_0.0
EGFR,6p8q,5jeb,287,0.9965156794425087,4.049326391105225,15.100252570440967,15.38494824183,-11.050926179335741,False,40.33980178833008,-2.4102153020066908e-06,4.900174140930176,-13.64097785949707,11.969295501708984,False,2472106802.9361787,247186607.60661632,guidance_0.0
EGFR,6tfu,5gnk,260,0.9961538461538462,1.1385724985718917,16.290531603205554,16.414457020062333,-15.151959104633663,False,40.22581100463867,-5.868765029504175e-08,4.437989711761475,-11.490806579589844,12.925440788269043,False,1917603759.2380362,187681840.0499745,guidance_0.0
EGFR,6tfv,4zau,262,0.9923664122137404,2.272132629730192,16.015925941656604,16.01431866132659,-13.743793311926412,False,40.222999572753906,1.1647930620029001e-07,4.322483539581299,-12.830321311950684,15.188880920410156,False,2162357562.922253,185469980.67166847,guidance_0.0
EGFR,6tfw,5gnk,266,0.9924812030075187,1.5118063522676344,14.822759337522067,15.007134222897758,-13.310952985254433,False,39.549339294433594,-1.4532180330206756e-06,4.854828357696533,-10.092226028442383,16.230911254882812,False,2262989883.5975122,242770735.71729463,guidance_0.0
EGFR,6tfy,5jeb,264,0.9924242424242424,1.9615467063610725,14.159207702414825,14.406120280682172,-12.197660996053752,False,39.69174575805664,6.165167292238038e-07,4.684860706329346,-12.280961990356445,13.928994178771973,False,2492968252.3609033,240502655.58984786,guidance_0.0
EGFR,6tfz,6jx0,264,0.9962121212121212,1.5216034531892084,14.508176300143335,14.627481176394134,-12.986572846954127,False,39.736778259277344,6.935813416930614e-07,5.088949680328369,-15.748177528381348,14.293371200561523,False,2193418032.3341613,237038091.78272593,guidance_0.0
EGFR,6tg0,5gnk,267,0.9962546816479401,1.7938107725534131,15.192198023519675,15.37170097285105,-13.39838725096626,False,39.81281661987305,-9.905830893330858e-07,4.957547187805176,-11.037790298461914,16.027616500854492,False,2874409513.3121986,242467579.14342338,guidance_0.0
EGFR,6tg1,5jeb,266,0.9962406015037594,2.1078784681028093,15.504135966040637,15.831001914939877,-13.396257497937828,False,40.029422760009766,1.4914605799276615e-06,4.605048656463623,-11.417193412780762,16.12224578857422,False,2752331305.5237284,380136234.4495862,guidance_0.0
EGFR,6v5n,6jx0,276,0.9963768115942029,2.5985797892147744,15.273827558310174,15.129528202506684,-12.6752477690954,False,39.65547180175781,-1.474279116564503e-07,5.125772953033447,-16.190147399902344,13.391677856445312,False,2143256630.5271254,258922269.27962628,guidance_0.0
EGFR,6v5p,6jx0,289,0.9965397923875432,3.9318402059462505,15.017236602360867,14.210358335784665,-11.085396396414616,False,38.52348327636719,0.0,5.598949909210205,-14.626788139343262,13.549761772155762,False,2688102962.3443146,360255152.80039924,guidance_0.0
EGFR,6v66,6jx0,289,0.9965397923875432,3.876587876484436,15.49239825122239,14.889348728599565,-11.615810374737954,False,38.63323211669922,-9.151753488367831e-07,5.1650495529174805,-13.104147911071777,13.636398315429688,False,2867820606.9032083,254517939.600886,guidance_0.0
EGFR,6v6k,8kfq,294,0.9897959183673469,5.798466313727941,16.550845105151737,16.481990877211736,-10.752378791423796,False,41.37443542480469,-6.920085979800206e-07,4.294491767883301,-12.578675270080566,13.990013122558594,False,2101469626.6550734,282433614.7596555,guidance_0.0
EGFR,6v6o,6jx0,277,0.9963898916967509,2.7877895275815296,15.186965545867155,14.691406042968229,-12.399176018285626,False,39.018253326416016,3.6723920970871404e-07,5.41738748550415,-13.36739444732666,17.681825637817383,False,2537711148.999069,232229660.25417072,guidance_0.0
EGFR,6wa2,6jx0,289,0.9965397923875432,3.9571876831370223,15.78113608389437,15.199516847374193,-11.823948400757349,False,38.752830505371094,2.815924062815611e-07,5.418705940246582,-15.328350067138672,14.052077293395996,False,2714610998.051084,246110544.4329859,guidance_0.0
EGFR,6wak,4zau,270,0.9777777777777777,4.412151479664506,16.53517841110888,16.14322213374425,-12.123026931444375,False,39.778076171875,-2.2605613025916682e-07,3.8884479999542236,-11.096324920654297,10.132652282714844,False,2407849263.5414743,274260878.02152294,guidance_0.0
EGFR,6wxn,5jeb,283,0.9964664310954063,3.7388959658832577,15.190251847178832,15.694210556410072,-11.451355881295575,False,40.72386932373047,4.672891691370751e-07,5.164082050323486,-14.095587730407715,16.639589309692383,False,2343331113.2823687,303812842.2166428,guidance_0.0
EGFR,6xl4,8f1y,277,0.9530685920577617,5.071000329116155,16.607858682909296,16.58443389242658,-11.53685835379314,False,40.796932220458984,2.0198156391870725e-07,3.9221718311309814,-10.164214134216309,13.672415733337402,False,2019074108.5608275,188226704.79046,guidance_0.0
EGFR,6z4b,5gnk,271,0.992619926199262,1.5722533675948434,15.08267113874793,15.253639434079163,-13.510417771153087,False,39.51182556152344,3.3783297226364084e-07,4.657617092132568,-12.93176555633545,13.04893684387207,False,2281345581.495966,219382861.4033917,guidance_0.0
EGFR,6z4d,6jx0,269,0.9962825278810409,1.9891046231242229,16.001439055515206,16.022882077495098,-14.012334432390983,False,39.648250579833984,3.781608199915354e-07,4.816852569580078,-13.776735305786133,15.526905059814453,False,2114291762.5702937,241630317.43382466,guidance_0.0
EGFR,7a2a,5gnk,266,0.9962406015037594,1.6588419513410533,14.314021797802326,14.564475285508069,-12.655179846461273,False,39.945560455322266,-2.2945548039388086e-07,5.107501029968262,-13.83197021484375,15.186748504638672,False,2391406897.9780407,248300316.07766712,guidance_0.0
EGFR,7a6j,5jeb,268,0.996268656716418,2.2059217116719694,14.84917707704432,15.01772118024586,-12.643255365372351,False,39.47114181518555,-8.350581310878624e-07,5.33922004699707,-13.465932846069336,14.577235221862793,False,2345495096.0971646,218943293.98279744,guidance_0.0
EGFR,7a6k,5gnk,266,0.9924812030075187,1.559354193080263,16.33466285233202,16.467479267878222,-14.775308659251756,False,39.91483688354492,-1.0755725554645323e-07,4.458512306213379,-12.200013160705566,14.874086380004883,False,2158410810.5055647,213526817.1126918,guidance_0.0
EGFR,7jxi,7ukv,275,0.9527272727272728,5.280264105714308,16.339335598864714,16.06524996872973,-11.059071493150405,False,40.39544677734375,-1.1097301211293598e-07,4.697798728942871,-12.809805870056152,13.993147850036621,False,2064264244.1288307,270083274.6068837,guidance_0.0
EGFR,7jxk,8f1y,277,0.9530685920577617,5.127322509909422,15.495880396576181,15.219855078799444,-10.36855788666676,False,40.302757263183594,0.0,4.2149810791015625,-10.913334846496582,10.934294700622559,False,2028220990.4747539,270947214.7481693,guidance_0.0
EGFR,7jxl,6jx0,270,0.9962962962962963,2.3447392917360843,15.028516626455298,14.729917098906885,-12.683777334719213,False,39.71335983276367,9.042245210366673e-07,5.301617622375488,-14.524478912353516,14.321889877319336,False,2446024241.906148,236699900.4916489,guidance_0.0
EGFR,7jxm,5fee,275,0.96,4.7255597479499745,15.588019603122097,15.195244714054667,-10.862459855172123,False,40.127052307128906,-1.0357481414757785e-06,4.9698333740234375,-13.425761222839355,14.430886268615723,False,2458215990.550977,292378636.42252266,guidance_0.0
EGFR,7jxp,6vhp,292,0.9931506849315068,4.943298463560647,15.886007953559373,15.204189366257037,-10.942709489998727,False,39.43252944946289,-2.438619333133829e-07,5.301495552062988,-12.382665634155273,14.205317497253418,False,2892952122.8779373,390834734.87218714,guidance_0.0
EGFR,7jxq,4wkq,278,0.9460431654676259,4.095181285060848,16.73208440245946,16.63895203082108,-12.636903117398612,False,40.56962585449219,9.147954926902457e-08,3.9719269275665283,-11.205896377563477,12.028145790100098,False,2561692214.3966026,261506415.18346918,guidance_0.0
EGFR,7jxw,6jrj,283,0.9540636042402827,3.856843598025161,16.291330465652063,16.098621913533375,-12.434486867626902,False,40.84355163574219,1.150250341197534e-06,4.3465447425842285,-10.003613471984863,14.156736373901367,False,2426861624.551898,177894607.6432176,guidance_0.0
EGFR,7k1h,6jx0,273,0.989010989010989,2.2367605095702636,17.21197597774555,17.0433941860435,-14.975215468175286,False,40.228172302246094,2.095987525763121e-07,5.09591817855835,-12.3541259765625,16.302812576293945,False,2057937327.3452666,188723180.87916502,guidance_0.0
EGFR,7k1i,6jrj,279,0.946236559139785,3.887001723731424,12.325588194909578,11.685354544293029,-8.438586471178155,False,39.966617584228516,8.7505600276927e-07,6.962701797485352,-18.632705688476562,17.644275665283203,False,4726478383.728833,349496782.72944933,guidance_0.0
EGFR,7ky0,6jx0,275,0.9818181818181818,4.147169287733068,15.503245112077906,15.307571984016317,-11.356075824344838,False,39.58550262451172,1.0357481414757785e-06,5.172518730163574,-12.667804718017578,15.458273887634277,False,2175021368.9790463,247594304.31606793,guidance_0.0
EGFR,7lg8,4zau,269,0.966542750929368,4.3054468240795005,15.646830071943567,15.46072929129024,-11.341383247864066,False,40.3687629699707,-9.075859566110012e-07,4.110862731933594,-12.876879692077637,11.869400978088379,False,2262819367.13874,250732714.79217544,guidance_0.0
EGFR,7ltx,7tvd,288,0.9930555555555556,4.364940446912372,16.920312194329583,16.767041760772727,-12.555371747417212,False,41.12671661376953,-5.916313057241496e-07,4.507003307342529,-11.687679290771484,13.717636108398438,False,2133389369.7870903,250968686.26120457,guidance_0.0
EGFR,7u98,6jx0,269,0.9962825278810409,2.5522962515796124,14.84191203548842,14.636110032659754,-12.289615783908808,False,39.47943115234375,-5.294251650411752e-07,4.90070915222168,-11.983536720275879,15.674530029296875,False,2289480501.679916,231641917.6671088,guidance_0.0
EGFR,7ukw,4zau,276,0.9782608695652174,5.536776121476653,15.657998066226174,15.181490131785988,-10.121221944749522,False,39.29084014892578,-9.582814755049185e-07,4.821924686431885,-14.361067771911621,14.975776672363281,False,2351056430.3476562,209775291.55274138,guidance_0.0
EGFR,7zyq,5gnk,270,0.9962962962962963,1.544521341042838,16.523470994889276,16.7826414734909,-14.978949653846438,False,40.07756423950195,5.086263286102621e-07,3.894007921218872,-10.12627124786377,10.014161109924316,False,2009178039.355731,254069408.53837103,guidance_0.0
EGFR,8a27,6jx0,269,0.9962825278810409,1.9294367237237104,17.580613077775997,17.635849278738984,-15.651176354052286,False,40.62865447998047,2.221694757054138e-07,3.8615176677703857,-10.075397491455078,11.74471378326416,False,2109901875.9930344,332180527.4503166,guidance_0.0
EGFR,8a2a,8tjl,296,0.9797297297297297,4.008187641287629,16.160059167079705,15.934106737840535,-12.151871525792076,False,40.6905632019043,1.0309992859447448e-07,5.297211170196533,-14.478530883789062,15.521615982055664,False,2740575540.766096,211660913.03837135,guidance_0.0
EGFR,8a2b,4zau,263,0.9695817490494296,6.161057454740742,16.663722802408085,16.639829029278612,-10.502665347667342,False,40.197837829589844,-5.995215133225429e-07,4.130794525146484,-10.905632019042969,13.1019926071167,False,2360519483.4284606,219263663.96676415,guidance_0.0
EGFR,8a2d,6jx0,279,0.978494623655914,3.976182591662814,16.57614111535935,16.25444179235527,-12.599958523696534,False,40.17347717285156,-2.5522467694827355e-07,5.202463626861572,-14.751776695251465,14.330290794372559,False,1910807592.7753513,242308715.4757065,guidance_0.0
EGFR,8eme,5gnk,255,0.9764705882352941,5.043995897208252,10.565686677944276,10.559421199654048,-5.521690780736024,False,39.333683013916016,6.382761625900457e-07,8.317359924316406,-18.913043975830078,20.413942337036133,False,3235947286.634272,258979157.98863795,guidance_0.0
EGFR,8f1w,6jx0,285,0.9964912280701754,3.5985192700947723,16.336144504171653,15.904378459957536,-12.73762523407688,False,38.9098014831543,1.4991090893090586e-06,4.993924140930176,-12.100682258605957,13.149237632751465,False,2338706228.285564,384052271.1423932,guidance_0.0
EGFR,8fv3,6jx0,275,0.9963636363636363,2.591092853754904,16.093887589880545,15.860426248239635,-13.50279473612564,False,39.670677185058594,0.0,4.331241607666016,-11.12698745727539,14.877873420715332,False,2351167790.0012293,307392394.8006353,guidance_0.0
EGFR,8fv4,6jx0,274,0.9963503649635036,2.6193738790116754,16.180463752725895,15.860050610468281,-13.56108987371422,False,39.73014450073242,6.682681146230607e-07,5.107725620269775,-14.853883743286133,13.416877746582031,False,2237134131.2922883,287098029.01996577,guidance_0.0
EGFR,8gb4,7tvd,288,0.9930555555555556,4.2976717428699995,15.3141231527411,15.120844490036921,-11.0164514098711,False,40.905792236328125,-2.825701699293859e-07,5.070322513580322,-12.057368278503418,13.054617881774902,False,2394478390.672618,318334732.3075503,guidance_0.0
EGFR,8gk5,6jx0,272,0.9963235294117647,2.3013670193342524,15.640374123922399,15.470681412394946,-13.339007104588147,False,39.841217041015625,2.6927275484922575e-06,4.99452543258667,-13.165704727172852,16.050241470336914,False,2287561006.493519,181362123.06918457,guidance_0.0
EGFR,8to3,4zau,269,0.9591078066914498,3.1053719295001385,16.052597543810904,15.91821635432009,-12.947225614310765,False,40.538387298583984,-5.294251650411752e-07,3.756399154663086,-13.220337867736816,12.53078842163086,False,1612367034.1471744,210252651.79005712,guidance_0.0
EGFR,8to4,6jx0,273,0.989010989010989,3.031253999002915,16.025246159286638,15.839573913629845,-12.993992160283723,False,39.62726974487305,-3.726200148435055e-08,5.071022033691406,-14.820291519165039,15.19406795501709,False,2048920497.1067452,266587773.88707033,guidance_0.0
