kinase,source_pdb_id,target_pdb_id,residue_count,sequence_identity,rmsd_source_target
EGFR,1xkk,4zau,272,0.9889705882352942,3.2255202291623704
EGFR,2gs7,7a6i,278,0.9964028776978417,4.232799285723246
EGFR,2jit,2jit,299,1.0,4.796636706078211e-15
EGFR,2jiu,2jiu,309,1.0,4.706641034282811e-15
EGFR,2jiv,5gnk,270,0.9962962962962963,1.55815883383276
EGFR,2rf9,5jeb,280,0.9928571428571429,2.4723953375649064
EGFR,2rfd,7a6i,270,0.9888888888888889,3.3736605384301805
EGFR,2rfe,4zau,256,0.9921875,2.392035867413167
EGFR,2rgp,4zau,271,0.988929889298893,3.241475764909284
EGFR,3bel,4zau,270,0.9851851851851852,3.354587009857668
EGFR,3gop,6s9d,281,0.9537366548042705,7.459308882896612
EGFR,3gt8,5jeb,286,1.0,4.007771303930349
EGFR,3ika,3ika,310,1.0,7.257409967992514e-15
EGFR,3lzb,7a6i,261,0.9961685823754789,2.007562351217643
EGFR,3poz,7t4j,265,0.9962264150943396,3.3243167015498494
EGFR,3w2r,4zau,274,0.9927007299270073,2.4919392927780692
EGFR,3w2s,6jx0,277,0.9963898916967509,3.0727899099503238
EGFR,3w32,6jx0,289,0.9965397923875432,3.9502238708448436
EGFR,3w33,6jx0,272,0.9963235294117647,2.9240280557436606
EGFR,4g5p,4g5p,303,1.0,6.151004452865055e-15
EGFR,4hjo,7a6i,278,0.9964028776978417,3.928931530999957
EGFR,4i1z,6jx0,287,0.9930313588850174,3.1729166668008366
EGFR,4i20,6jx0,287,0.9895470383275261,3.1507658214633847
EGFR,4i21,8d73,302,0.9635761589403974,4.254068870223882
EGFR,4i22,5cau,288,0.9930555555555556,5.511060314775265
EGFR,4i24,8hv4,286,0.993006993006993,5.824233121346485
EGFR,4wd5,4wd5,304,1.0,7.729775897147185e-15
EGFR,4zjv,7a6i,281,0.9928825622775801,2.2419291067939477
EGFR,4zse,6jx0,275,0.9963636363636363,2.7407706278821
EGFR,5cnn,5jeb,285,0.9859649122807017,3.889736105346049
EGFR,5cno,6s9d,289,0.986159169550173,4.592180113525527
EGFR,5d41,4zau,268,0.9925373134328358,5.090509085286492
EGFR,5gty,6jx0,272,1.0,2.529522319016106
EGFR,5hg5,5x27,293,0.9590443686006825,5.6576036929609925
EGFR,5hg7,4zau,269,0.9888475836431226,1.839072587072795
EGFR,5hg8,6s9d,287,0.9825783972125436,4.996596868588472
EGFR,5hg9,4zau,270,0.9851851851851852,2.984683505496462
EGFR,5u8l,4zau,275,0.9672727272727273,4.659926678119294
EGFR,5ug8,4zau,270,0.9851851851851852,2.958046496075948
EGFR,5ug9,4zau,270,0.9851851851851852,2.9432140822831356
EGFR,5uga,8d73,283,1.0,2.5056725716268855
EGFR,5ugc,4zau,270,0.9851851851851852,2.924024987835655
EGFR,5uwd,4zau,262,0.9885496183206107,1.9595535303835705
EGFR,5x2a,7zym,316,0.9841772151898734,7.195147424760461
EGFR,5x2c,8hv4,286,0.9895104895104895,6.063981556254585
EGFR,5x2f,5jeb,299,0.9966555183946488,5.4772726783557735
EGFR,5yu9,6s9d,287,0.9965156794425087,4.11512383344322
EGFR,5zwj,4zau,258,0.9844961240310077,2.808050213545576
EGFR,6duk,5jeb,286,0.9965034965034965,3.8717804283077775
EGFR,6jxt,5gnk,274,0.9963503649635036,1.7989040189068974
EGFR,6p1d,4zau,268,0.9888059701492538,4.811010849447473
EGFR,6p1l,6jx0,270,0.9962962962962963,2.219144307579655
EGFR,6p8q,5jeb,287,0.9965156794425087,4.049326391105225
EGFR,6tfu,5gnk,260,0.9961538461538462,1.1385724985718917
EGFR,6tfv,4zau,262,0.9923664122137404,2.272132629730192
EGFR,6tfw,5gnk,266,0.9924812030075187,1.5118063522676344
EGFR,6tfy,5jeb,264,0.9924242424242424,1.9615467063610725
EGFR,6tfz,6jx0,264,0.9962121212121212,1.5216034531892084
EGFR,6tg0,5gnk,267,0.9962546816479401,1.7938107725534131
EGFR,6tg1,5jeb,266,0.9962406015037594,2.1078784681028093
EGFR,6v5n,6jx0,276,0.9963768115942029,2.5985797892147744
EGFR,6v5p,6jx0,289,0.9965397923875432,3.9318402059462505
EGFR,6v66,6jx0,289,0.9965397923875432,3.876587876484436
EGFR,6v6k,8kfq,294,0.9897959183673469,5.798466313727941
EGFR,6v6o,6jx0,277,0.9963898916967509,2.7877895275815296
EGFR,6wa2,6jx0,289,0.9965397923875432,3.9571876831370223
EGFR,6wak,4zau,270,0.9777777777777777,4.412151479664506
EGFR,6wxn,5jeb,283,0.9964664310954063,3.7388959658832577
EGFR,6xl4,8f1y,277,0.9530685920577617,5.071000329116155
EGFR,6z4b,5gnk,271,0.992619926199262,1.5722533675948434
EGFR,6z4d,6jx0,269,0.9962825278810409,1.9891046231242229
EGFR,7a2a,5gnk,266,0.9962406015037594,1.6588419513410533
EGFR,7a6j,5jeb,268,0.996268656716418,2.2059217116719694
EGFR,7a6k,5gnk,266,0.9924812030075187,1.559354193080263
EGFR,7jxi,7ukv,275,0.9527272727272728,5.280264105714308
EGFR,7jxk,8f1y,277,0.9530685920577617,5.127322509909422
EGFR,7jxl,6jx0,270,0.9962962962962963,2.3447392917360843
EGFR,7jxm,5fee,275,0.96,4.7255597479499745
EGFR,7jxp,6vhp,292,0.9931506849315068,4.943298463560647
EGFR,7jxq,4wkq,278,0.9460431654676259,4.095181285060848
EGFR,7jxw,6jrj,283,0.9540636042402827,3.856843598025161
EGFR,7k1h,6jx0,273,0.989010989010989,2.2367605095702636
EGFR,7k1i,6jrj,279,0.946236559139785,3.887001723731424
EGFR,7ky0,6jx0,275,0.9818181818181818,4.147169287733068
EGFR,7lg8,4zau,269,0.966542750929368,4.3054468240795005
EGFR,7ltx,7tvd,288,0.9930555555555556,4.364940446912372
EGFR,7u98,6jx0,269,0.9962825278810409,2.5522962515796124
EGFR,7ukw,4zau,276,0.9782608695652174,5.536776121476653
EGFR,7zyq,5gnk,270,0.9962962962962963,1.544521341042838
EGFR,8a27,6jx0,269,0.9962825278810409,1.9294367237237104
EGFR,8a2a,8tjl,296,0.9797297297297297,4.008187641287629
EGFR,8a2b,4zau,263,0.9695817490494296,6.161057454740742
EGFR,8a2d,6jx0,279,0.978494623655914,3.976182591662814
EGFR,8eme,5gnk,255,0.9764705882352941,5.043995897208252
EGFR,8f1w,6jx0,285,0.9964912280701754,3.5985192700947723
EGFR,8fv3,6jx0,275,0.9963636363636363,2.591092853754904
EGFR,8fv4,6jx0,274,0.9963503649635036,2.6193738790116754
EGFR,8gb4,7tvd,288,0.9930555555555556,4.2976717428699995
EGFR,8gk5,6jx0,272,0.9963235294117647,2.3013670193342524
EGFR,8to3,4zau,269,0.9591078066914498,3.1053719295001385
EGFR,8to4,6jx0,273,0.989010989010989,3.031253999002915
