split,pdb_id,kinase,state,label,dfg_state,alphac_state,motif_descriptor,ligand_present,resolution,residues,dfg_found,alphac_glu_found,partition
train,5ug8,EGFR,inactive,0,out,out,inactive,1,0.0,280,True,True,validation
train,6xr7,ABL1,inactive,0,out-like,in,dfg_out_alphac_in,0,0.0,287,True,True,training
train,6xrg,ABL1,inactive,0,out,in,dfg_out_alphac_in,0,0.0,287,True,True,training
train,6xr6,ABL1,active,1,in,in,active,0,0.0,287,True,True,training
train,6uan,BRAF,inactive,0,in,out,dfg_in_alphac_out,0,0.0,284,True,True,training
train,6q0k,BRAF,active,1,in,in,active,0,0.0,280,True,True,training
train,6q0t,BRAF,active,1,in,in,active,0,0.0,279,True,True,training
train,6q0j,BRAF,active,1,in,in,active,0,0.0,280,True,True,training
train,5ug9,EGFR,inactive,0,out,out,inactive,1,0.0,280,True,True,training
train,6nyb,BRAF,inactive,0,in,out,dfg_in_alphac_out,1,0.0,348,True,True,training
train,8a27,EGFR,inactive,0,in,out,dfg_in_alphac_out,1,1.07,269,True,True,training
train,8a2d,EGFR,inactive,0,in,out,dfg_in_alphac_out,1,1.11,281,True,True,training
train,5hg8,EGFR,inactive,0,out,out,inactive,1,1.42,300,True,True,training
train,8a2a,EGFR,inactive,0,in,out,dfg_in_alphac_out,1,1.43,306,True,True,training
train,4gv1,AKT1,active,1,in,in,active,1,1.49,329,True,True,training
train,6tfv,EGFR,inactive,0,in,out,dfg_in_alphac_out,1,1.5,268,True,True,training
train,6tg0,EGFR,inactive,0,in,out,dfg_in_alphac_out,1,1.5,267,True,True,training
train,3poz,EGFR,inactive,0,in,out,dfg_in_alphac_out,1,1.5,293,True,True,validation
train,5hg5,EGFR,inactive,0,out,out,inactive,1,1.52,302,True,True,training
train,5hu9,ABL1,inactive,0,out,in,dfg_out_alphac_in,1,1.53,267,True,True,training
train,4z55,ALK,active,1,in,in,active,1,1.55,294,True,True,validation
train,5cno,EGFR,inactive,0,in,out,dfg_in_alphac_out,1,1.55,300,True,True,training
train,5ugc,EGFR,inactive,0,out,out,inactive,1,1.58,280,True,True,training
train,6tg1,EGFR,inactive,0,in,out,dfg_in_alphac_out,1,1.6,268,True,True,training
train,7si1,EGFR,active,1,in,in,active,0,1.6,280,True,True,validation
train,5u8l,EGFR,inactive,0,out,out,inactive,1,1.6,289,True,True,validation
train,5a9u,ALK,active,1,in,in,active,1,1.6,292,True,True,training
train,5ew8,FGFR1,active,1,in,in,active,1,1.63,290,True,True,training
train,8arj,ALK,active,1,in,in,active,1,1.645,275,True,True,validation
train,4wun,FGFR1,active,1,in,in,active,1,1.65,282,True,True,training
train,8c7x,BRAF,inactive,0,out,out,inactive,1,1.65,274,True,True,training
train,8c7y,BRAF,inactive,0,out,in,dfg_out_alphac_in,1,1.65,275,True,True,training
train,4clj,ALK,active,1,in,in,active,1,1.66,295,True,True,validation
train,8u8x,ERBB2,inactive,0,out-like,out,inactive,1,1.69,308,True,True,validation
train,8a2b,EGFR,inactive,0,in,out,dfg_in_alphac_out,1,1.69,272,True,True,training
train,5aac,ALK,active,1,in,in,active,1,1.7,292,True,True,validation
train,4fnx,ALK,active,1,in,in,active,0,1.7,292,True,True,training
train,2hzi,ABL1,inactive,0,out-like,in,dfg_out_alphac_in,1,1.7,264,True,True,training
train,3w33,EGFR,inactive,0,in,out,dfg_in_alphac_out,1,1.7,297,True,True,training
train,4foc,ALK,active,1,in,in,active,1,1.7,296,True,True,validation
train,5ftq,ALK,active,1,in,in,active,1,1.7,293,True,True,training
train,6tfy,EGFR,inactive,0,in,out,dfg_in_alphac_out,1,1.7,264,True,True,training
train,4anl,ALK,active,1,in,in,active,0,1.7,292,True,True,training
train,2yfx,ALK,active,1,in,in,active,1,1.7,292,True,True,training
train,4i22,EGFR,inactive,0,in,out,dfg_in_alphac_out,1,1.71,297,True,True,training
train,7ozb,FGFR1,active,1,in,in,active,1,1.71,288,True,True,training
train,4cmt,ALK,active,1,in,in,active,1,1.73,284,True,True,training
train,5aaa,ALK,active,1,in,in,active,1,1.73,294,True,True,validation
train,3aox,ALK,active,1,in,in,active,1,1.75,298,True,True,training
train,4fnw,ALK,active,1,in,in,active,0,1.75,304,True,True,training
train,4anq,ALK,active,1,in,in,active,1,1.76,293,True,True,training
train,6wxn,EGFR,inactive,0,in,out,dfg_in_alphac_out,0,1.76,298,True,True,training
train,7pcd,ERBB2,active,1,in,in,active,1,1.77,272,True,True,validation
train,6v66,EGFR,inactive,0,in,out,dfg_in_alphac_out,1,1.79,314,True,True,training
train,4ctb,ALK,active,1,in,in,active,1,1.79,292,True,True,training
train,4i24,EGFR,inactive,0,in,out,dfg_in_alphac_out,1,1.8,304,True,True,training
train,3l9p,ALK,active,1,in,in,active,0,1.8,303,True,True,validation
train,4cmu,ALK,active,1,in,in,active,1,1.8,294,True,True,validation
train,6cdt,ALK,active,1,in,in,active,0,1.8,292,True,True,training
train,6tfz,EGFR,inactive,0,in,out,dfg_in_alphac_out,1,1.8,264,True,True,training
train,2g1t,ABL1,inactive,0,in,out,dfg_in_alphac_out,0,1.8,277,True,True,validation
train,5gnk,EGFR,active,1,in,in,active,1,1.8,277,True,True,training
train,3w32,EGFR,inactive,0,in,out,dfg_in_alphac_out,1,1.8,317,True,True,training
train,5uga,EGFR,inactive,0,out,out,inactive,1,1.82,283,True,True,training
train,7ozd,FGFR1,active,1,in,in,active,1,1.82,282,True,True,training
train,3qrj,ABL1,inactive,0,out,in,dfg_out_alphac_in,1,1.82,258,True,True,validation
train,7ozf,FGFR1,active,1,in,in,active,1,1.82,288,True,True,training
train,4cmo,ALK,active,1,in,in,active,1,1.83,295,True,True,training
train,7jxq,EGFR,inactive,0,in,out,dfg_in_alphac_out,1,1.83,296,True,True,training
train,7r7k,ALK,active,1,in,in,active,1,1.831,290,True,True,training
train,5x2a,EGFR,inactive,0,in,out,dfg_in_alphac_out,1,1.85,322,True,True,training
train,4ans,ALK,active,1,in,in,active,1,1.85,293,True,True,training
train,3pyy,ABL1,inactive,0,out,in,dfg_out_alphac_in,1,1.85,257,True,True,training
train,5hg7,EGFR,inactive,0,out,out,inactive,1,1.85,280,True,True,training
train,4wkq,EGFR,active,1,in,in,active,1,1.85,296,True,True,training
train,6npv,ABL1,inactive,0,out,in,dfg_out_alphac_in,1,1.86,264,True,True,training
train,5aa8,ALK,active,1,in,in,active,1,1.86,292,True,True,training
train,7btt,ALK,active,1,in,in,active,1,1.86,304,True,True,training
train,5iui,ALK,active,1,in,in,active,1,1.88,303,True,True,training
train,5cnn,EGFR,inactive,0,in,out,dfg_in_alphac_out,1,1.9,300,True,True,training
train,1blx,CDK6,inactive,0,in,out,dfg_in_alphac_out,0,1.9,305,True,True,validation
train,7a2a,EGFR,inactive,0,in,out,dfg_in_alphac_out,1,1.9,266,True,True,validation
train,3w2s,EGFR,inactive,0,in,out,dfg_in_alphac_out,1,1.9,307,True,True,training
train,6p8q,EGFR,inactive,0,in,out,dfg_in_alphac_out,1,1.9,309,True,True,training
train,2xp2,ALK,active,1,in,in,active,1,1.9,285,True,True,training
train,7nh5,AKT1,inactive,0,out,na,unknown,1,1.9,383,True,True,training
train,8uw9,AKT1,inactive,0,out,na,unknown,1,1.9,388,True,True,training
train,4wrg,EGFR,active,1,in,in,active,0,1.9,289,True,True,validation
train,2yjs,ALK,active,1,in,in,active,0,1.9,286,True,True,training
train,3qkl,AKT1,active,1,in,in,active,1,1.9,317,True,True,training
train,2yjr,ALK,active,1,in,in,active,0,1.9,278,True,True,training
train,4cnh,ALK,active,1,in,in,active,1,1.9,285,True,True,training
train,4fob,ALK,active,1,in,in,active,1,1.9,295,True,True,training
train,2yhv,ALK,active,1,in,in,active,0,1.9,291,True,True,training
train,5o49,FGFR1,active,1,in,in,active,1,1.91,286,True,True,validation
train,2f4j,ABL1,active,1,in,in,active,1,1.91,287,True,True,training
train,9bfb,BRAF,inactive,0,in,out,dfg_in_alphac_out,1,1.92,272,True,True,training
train,5iug,ALK,inactive,0,out,in,dfg_out_alphac_in,1,1.93,285,True,True,validation
train,7k0v,BRAF,inactive,0,out,in,dfg_out_alphac_in,1,1.93,262,True,True,training
train,5aa9,ALK,active,1,in,in,active,1,1.93,295,True,True,training
train,7r7r,ALK,active,1,in,in,active,1,1.935,291,True,True,training
train,5yu9,EGFR,inactive,0,in,out,dfg_in_alphac_out,1,1.95,300,True,True,training
train,3lcs,ALK,active,1,in,in,active,1,1.95,304,True,True,training
train,5ita,BRAF,inactive,0,in,out,dfg_in_alphac_out,1,1.95,252,False,True,validation
train,2xba,ALK,active,1,in,in,active,1,1.95,283,True,True,validation
train,5am6,FGFR1,active,1,in,in,active,1,1.96,280,True,True,training
train,5am7,FGFR1,active,1,in,in,active,1,1.96,287,True,True,validation
train,4uwc,FGFR1,active,1,in,in,active,1,1.96,301,True,True,training
train,6mx8,ALK,active,1,in,in,active,1,1.96,282,True,True,training
train,5j7h,ALK,active,1,in,in,active,1,1.96,291,True,True,training
train,4zse,EGFR,inactive,0,in,out,dfg_in_alphac_out,1,1.97,297,True,True,training
train,8uw7,AKT1,inactive,0,out,out,inactive,1,1.972,397,True,True,training
train,6oqo,CDK6,inactive,0,in,out,dfg_in_alphac_out,1,1.977,269,True,True,training
train,8sc7,EGFR,active,1,in,in,active,1,1.984,320,True,True,training
train,8jmz,FGFR1,active,1,in,in,active,1,1.988,306,True,True,training
train,6itj,FGFR1,active,1,in,in,active,1,1.99,293,True,True,training
train,2g2h,ABL1,inactive,0,out-like,in,dfg_out_alphac_in,1,2.0,272,True,True,training
train,4fod,ALK,active,1,in,in,active,1,2.0,308,True,True,training
train,1fgk,FGFR1,active,1,in,in,active,0,2.0,278,True,True,validation
train,7a6k,EGFR,inactive,0,in,out,dfg_in_alphac_out,1,2.0,266,True,True,training
train,6tfw,EGFR,inactive,0,in,out,dfg_in_alphac_out,1,2.0,266,True,True,training
train,6tfu,EGFR,inactive,0,in,out,dfg_in_alphac_out,1,2.0,260,True,True,validation
train,7jyt,ALK,active,1,in,in,active,1,2.0,281,True,True,training
train,4zsa,FGFR1,active,1,in,in,active,1,2.0,282,True,True,validation
train,6mzq,FGFR1,active,1,in,in,active,1,2.0,260,True,True,training
train,6z4d,EGFR,inactive,0,in,out,dfg_in_alphac_out,1,2.0,269,True,True,training
train,3cqw,AKT1,active,1,in,in,active,1,2.0,318,True,True,training
train,6c1b,FGFR1,active,1,in,in,active,1,2.0,265,True,True,training
train,4ekl,AKT1,active,1,in,in,active,1,2.0,329,True,True,validation
train,7a6j,EGFR,inactive,0,in,out,dfg_in_alphac_out,1,2.0,270,True,True,validation
train,2rgp,EGFR,inactive,0,in,out,dfg_in_alphac_out,1,2.0,284,True,True,training
train,6xfp,BRAF,inactive,0,out,in,dfg_out_alphac_in,1,2.0,272,True,True,validation
train,4xv9,BRAF,inactive,0,out,out,inactive,1,2.0,261,True,True,training
train,4ccu,ALK,active,1,in,in,active,1,2.0,292,True,True,training
train,7w7x,ABL1,inactive,0,out-like,in,dfg_out_alphac_in,1,2.00001,266,True,True,training
train,4mkc,ALK,active,1,in,in,active,1,2.01,303,True,True,validation
train,5o4a,FGFR1,active,1,in,in,active,1,2.01,291,True,True,training
train,3rhx,FGFR1,active,1,in,in,active,1,2.01,275,True,True,training
train,3mvh,AKT1,active,1,in,in,active,1,2.01,311,True,True,validation
train,4ccb,ALK,active,1,in,in,active,1,2.03,287,True,True,training
train,4ctc,ALK,active,1,in,in,active,1,2.03,288,True,True,training
train,4dce,ALK,active,1,in,in,active,1,2.03,288,True,True,training
train,6n0q,BRAF,inactive,0,out,in,dfg_out_alphac_in,1,2.04,257,True,True,training
train,6lud,EGFR,active,1,in,in,active,1,2.05,310,True,True,training
train,4f64,FGFR1,active,1,in,in,active,1,2.05,278,True,True,training
train,5x2c,EGFR,inactive,0,in,out,dfg_in_alphac_out,1,2.05,304,True,True,training
train,3w2r,EGFR,inactive,0,in,out,dfg_in_alphac_out,1,2.05,297,True,True,validation
train,3w2p,EGFR,active,1,in,in,active,1,2.05,308,True,True,training
train,7apj,AKT1,inactive,0,out,na,unknown,0,2.05,385,False,True,training
train,4cli,ALK,active,1,in,in,active,1,2.05,294,True,True,training
train,6xl4,EGFR,inactive,0,in,out,dfg_in_alphac_out,1,2.06,293,True,True,validation
train,3c4f,FGFR1,active,1,in,in,active,1,2.07,290,True,True,validation
train,5a4c,FGFR1,active,1,in,in,active,1,2.09,286,True,True,training
train,8fv3,EGFR,inactive,0,in,out,dfg_in_alphac_out,1,2.1,299,True,True,training
train,5vam,BRAF,inactive,0,out,in,dfg_out_alphac_in,1,2.1,269,True,True,training
train,7zyq,EGFR,inactive,0,in,out,dfg_in_alphac_out,1,2.1,270,True,True,validation
train,3qri,ABL1,inactive,0,out,in,dfg_out_alphac_in,1,2.1,262,True,True,training
train,6v6o,EGFR,inactive,0,in,out,dfg_in_alphac_out,1,2.1,297,True,True,training
train,2hz0,ABL1,inactive,0,out,in,dfg_out_alphac_in,1,2.1,243,True,True,training
train,5cas,EGFR,active,1,in,in,active,1,2.1,299,True,True,validation
train,5iuh,ALK,inactive,0,out,in,dfg_out_alphac_in,1,2.1,285,True,True,training
train,3lct,ALK,active,1,in,in,active,1,2.1,308,True,True,training
train,4tt7,ALK,active,1,in,in,active,1,2.1,291,True,True,training
train,8uvy,AKT1,inactive,0,out,na,unknown,1,2.11,396,True,True,training
train,6p3d,BRAF,inactive,0,out,in,dfg_out_alphac_in,1,2.11,264,True,True,training
train,4v04,FGFR1,active,1,in,in,active,0,2.12,292,True,True,validation
train,6c19,FGFR1,active,1,in,in,active,1,2.12,276,True,True,training
train,6npz,AKT1,active,1,in,in,active,0,2.12,320,True,True,training
train,5imx,ALK,active,1,in,in,active,1,2.12,266,True,True,training
train,5hg9,EGFR,inactive,0,out,out,inactive,1,2.15,280,True,True,validation
train,6npe,ABL1,inactive,0,out,in,dfg_out_alphac_in,1,2.15,256,True,True,training
train,6c1c,FGFR1,active,1,in,in,active,1,2.15,276,True,True,training
train,5b7v,FGFR1,active,1,in,in,active,1,2.15,282,True,True,training
train,3wj6,FGFR1,active,1,in,in,active,1,2.15,277,True,True,training
train,7jxp,EGFR,inactive,0,in,out,dfg_in_alphac_out,1,2.16,308,True,True,training
train,5mo4,ABL1,inactive,0,out,in,dfg_out_alphac_in,1,2.17,429,False,True,training
train,8d73,EGFR,active,1,in,in,active,1,2.17,309,True,True,training
train,6ccy,AKT1,active,1,in,in,active,1,2.18,325,True,True,training
train,5jsm,BRAF,inactive,0,in,out,dfg_in_alphac_out,0,2.19,265,True,True,training
train,4nka,FGFR1,active,1,in,in,active,1,2.19,287,False,True,validation
train,4rwl,FGFR1,active,1,in,in,active,1,2.19,282,True,True,training
train,4ejn,AKT1,inactive,0,out,na,unknown,1,2.19,376,True,True,validation
train,7jxm,EGFR,inactive,0,in,out,dfg_in_alphac_out,1,2.192,287,True,True,training
train,6v6k,EGFR,inactive,0,in,out,dfg_in_alphac_out,1,2.2,301,True,True,training
train,5vnd,FGFR1,active,1,in,in,active,1,2.2,302,True,True,training
train,2e2b,ABL1,inactive,0,out,in,dfg_out_alphac_in,1,2.2,270,True,True,training
train,2hiw,ABL1,inactive,0,out,in,dfg_out_alphac_in,1,2.2,274,True,True,training
train,6jrx,EGFR,active,1,in,in,active,1,2.2,300,True,True,validation
train,7t4j,EGFR,active,1,in,in,active,1,2.2,279,True,True,training
train,6mzw,FGFR1,active,1,in,in,active,1,2.2,258,False,True,training
train,8uw2,AKT1,inactive,0,out,na,unknown,1,2.2,392,True,True,training
train,3w2q,EGFR,active,1,in,in,active,1,2.2,307,True,True,validation
train,5x2f,EGFR,inactive,0,in,out,dfg_in_alphac_out,1,2.2,312,True,True,training
train,5aab,ALK,active,1,in,in,active,1,2.2,293,True,True,training
train,5ur1,FGFR1,active,1,in,in,active,1,2.2,278,True,True,training
train,4wa9,ABL1,inactive,0,out-like,in,dfg_out_alphac_in,1,2.2,276,True,True,training
train,6duk,EGFR,inactive,0,in,out,dfg_in_alphac_out,1,2.2,296,True,True,training
train,3cqu,AKT1,active,1,in,in,active,1,2.2,318,True,True,training
train,8fv4,EGFR,inactive,0,in,out,dfg_in_alphac_out,1,2.2,298,True,True,training
train,7n9g,ABL1,inactive,0,out-like,in,dfg_out_alphac_in,1,2.2,250,True,True,training
train,6p69,FGFR1,active,1,in,in,active,1,2.2,286,True,True,training
train,8hv4,EGFR,active,1,in,in,active,1,2.2,304,True,True,validation
train,8hv6,EGFR,active,1,in,in,active,1,2.2,307,True,True,training
train,8hv5,EGFR,active,1,in,in,active,1,2.2,306,True,True,training
train,3qkm,AKT1,active,1,in,in,active,1,2.2,329,True,True,training
train,3js2,FGFR1,active,1,in,in,active,1,2.2,295,True,True,validation
train,7w7y,ABL1,inactive,0,out-like,in,dfg_out_alphac_in,1,2.20003,268,True,True,validation
train,3cs9,ABL1,inactive,0,out,in,dfg_out_alphac_in,1,2.21,247,True,True,training
train,5fto,ALK,active,1,in,in,active,1,2.22,298,True,True,training
train,7jys,ALK,active,1,in,in,active,1,2.22,281,True,True,validation
train,4cd0,ALK,active,1,in,in,active,1,2.23,295,True,True,training
train,3pp0,ERBB2,active,1,in,in,active,1,2.25,286,True,True,training
train,5cau,EGFR,active,1,in,in,active,1,2.25,297,True,True,validation
train,5val,BRAF,inactive,0,out,in,dfg_out_alphac_in,1,2.26,254,True,True,training
train,4f65,FGFR1,active,1,in,in,active,1,2.26,279,False,True,training
train,2fo0,ABL1,inactive,0,out-like,in,dfg_out_alphac_in,1,2.27,465,True,True,training
train,5l2s,CDK6,inactive,0,in,out,dfg_in_alphac_out,1,2.27,263,True,True,validation
train,8h7h,ABL1,inactive,0,out-like,in,dfg_out_alphac_in,1,2.2779,268,True,True,training
train,4rwi,FGFR1,active,1,in,in,active,0,2.29,280,True,True,training
train,5jrq,BRAF,inactive,0,in,out,dfg_in_alphac_out,1,2.29,258,True,True,training
train,6c1o,FGFR1,active,1,in,in,active,1,2.29,280,True,True,training
train,6v5p,EGFR,inactive,0,in,out,dfg_in_alphac_out,1,2.3,308,True,True,training
train,3qkk,AKT1,active,1,in,in,active,1,2.3,326,True,True,training
train,6e0r,ALK,active,1,in,in,active,1,2.3,279,True,True,training
train,4cqe,BRAF,inactive,0,in,out,dfg_in_alphac_out,1,2.3,248,True,True,training
train,8gk5,EGFR,inactive,0,in,out,dfg_in_alphac_out,1,2.3,294,True,True,training
train,6c18,FGFR1,active,1,in,in,active,1,2.3,255,False,True,training
train,7dt2,ABL1,inactive,0,out-like,in,dfg_out_alphac_in,1,2.3,265,True,True,training
train,4uwy,FGFR1,active,1,in,in,active,0,2.3,273,True,True,training
train,3bel,EGFR,inactive,0,in,out,dfg_in_alphac_out,1,2.3,280,True,True,training
train,7ltx,EGFR,inactive,0,in,out,dfg_in_alphac_out,1,2.3,292,True,True,training
train,8f1x,EGFR,active,1,in,in,active,1,2.3,317,True,True,training
train,3qrk,ABL1,inactive,0,out,in,dfg_out_alphac_in,1,2.3,270,True,True,validation
train,5kz0,ALK,active,1,in,in,active,1,2.3,293,True,True,training
train,7zyn,EGFR,active,1,in,in,active,1,2.3,317,True,True,training
train,4zog,ABL1,inactive,0,out-like,in,dfg_out_alphac_in,1,2.3,268,True,True,training
train,6hhg,AKT1,inactive,0,out,na,unknown,1,2.3,386,True,True,training
train,5uq0,FGFR1,active,1,in,in,active,1,2.3,256,True,True,training
train,6hhj,AKT1,inactive,0,out,out,inactive,1,2.3,410,True,True,validation
train,2w96,CDK4,inactive,0,in,out,dfg_in_alphac_out,0,2.3,267,True,True,validation
train,6p8e,CDK4,inactive,0,in,out,dfg_in_alphac_out,0,2.3,260,True,True,training
train,7nh4,AKT1,inactive,0,out,na,unknown,1,2.3,383,True,True,training
train,6s9w,AKT1,inactive,0,out,out,inactive,1,2.3,411,True,True,training
train,6jxt,EGFR,inactive,0,in,out,dfg_in_alphac_out,1,2.31,283,True,True,training
train,5d41,EGFR,inactive,0,in,out,dfg_in_alphac_out,1,2.31,300,True,True,training
train,4aua,CDK6,inactive,0,in,out,dfg_in_alphac_out,1,2.31,256,True,True,training
train,4uwb,FGFR1,active,1,in,in,active,1,2.31,299,True,True,training
train,6lub,EGFR,active,1,in,in,active,1,2.315,301,True,True,training
train,7jyr,ALK,active,1,in,in,active,1,2.32,287,True,True,training
train,4v01,FGFR1,inactive,0,out,in,dfg_out_alphac_in,1,2.33,275,False,True,training
train,6npu,ABL1,inactive,0,out,in,dfg_out_alphac_in,1,2.33,257,True,True,training
train,3vjn,EGFR,active,1,in,in,active,1,2.34,297,True,True,training
train,5xdk,EGFR,active,1,in,in,active,1,2.35,307,True,True,training
train,3w2o,EGFR,active,1,in,in,active,1,2.35,305,True,True,training
train,5l2t,CDK6,inactive,0,in,out,dfg_in_alphac_out,1,2.37,261,True,True,training
train,6n0p,BRAF,inactive,0,out,in,dfg_out_alphac_in,1,2.37,268,True,True,training
train,7p3v,BRAF,inactive,0,in,out,dfg_in_alphac_out,1,2.37,258,True,True,training
train,8dsw,EGFR,active,1,in,in,active,1,2.39,307,True,True,training
train,7jxl,EGFR,inactive,0,in,out,dfg_in_alphac_out,1,2.4,294,True,True,validation
train,7kxz,EGFR,active,1,in,in,active,1,2.4,299,True,True,training
train,7a6i,EGFR,active,1,in,in,active,1,2.4,282,True,True,training
train,7ukv,EGFR,active,1,in,in,active,1,2.4,290,True,True,training
train,6v5n,EGFR,inactive,0,in,out,dfg_in_alphac_out,1,2.4,294,True,True,training
train,6vhn,EGFR,active,1,in,in,active,1,2.4,286,True,True,training
train,8d76,EGFR,active,1,in,in,active,1,2.4,312,True,True,training
train,6p1d,EGFR,inactive,0,in,out,dfg_in_alphac_out,1,2.4,300,True,True,training
train,8f1z,EGFR,active,1,in,in,active,1,2.4,310,True,True,training
train,6wa2,EGFR,inactive,0,in,out,dfg_in_alphac_out,1,2.4,314,True,True,training
train,1agw,FGFR1,active,1,in,in,active,1,2.4,272,True,True,training
train,8hv8,EGFR,active,1,in,in,active,1,2.4,305,True,True,validation
train,8hv3,EGFR,active,1,in,in,active,1,2.4,307,True,True,training
train,6wak,EGFR,inactive,0,in,out,dfg_in_alphac_out,1,2.4,297,True,True,training
train,8hv1,EGFR,active,1,in,in,active,1,2.4,309,True,True,training
train,4twp,ABL1,active,1,in,in,active,1,2.4,266,True,True,validation
train,5c8n,EGFR,active,1,in,in,active,1,2.4,300,True,True,training
train,5cap,EGFR,active,1,in,in,active,1,2.4,303,True,True,training
train,6c0i,AKT1,active,1,in,in,active,0,2.4,316,True,True,training
train,6buu,AKT1,active,1,in,in,active,0,2.4,320,True,True,training
train,1xkk,EGFR,inactive,0,in,out,dfg_in_alphac_out,1,2.4,289,True,True,validation
train,2hyy,ABL1,inactive,0,out,in,dfg_out_alphac_in,1,2.4,265,True,True,validation
train,2gqg,ABL1,active,1,in,in,active,1,2.4,276,True,True,training
train,7vra,EGFR,active,1,in,in,active,1,2.41,289,True,True,training
train,3ue4,ABL1,inactive,0,out-like,in,dfg_out_alphac_in,1,2.42,268,True,True,validation
train,7jy4,ALK,active,1,in,in,active,1,2.42,290,True,True,validation
train,2w9z,CDK4,inactive,0,in,out,dfg_in_alphac_out,0,2.45,287,True,True,training
train,3og7,BRAF,inactive,0,in,out,dfg_in_alphac_out,1,2.45,254,True,True,training
train,6ebw,ALK,active,1,in,in,active,1,2.45,277,True,True,training
train,5z0s,FGFR1,active,1,in,in,active,1,2.45,285,True,True,training
train,4fny,ALK,inactive,0,out,in,dfg_out_alphac_in,1,2.45,273,False,True,training
train,8h7f,ABL1,inactive,0,out-like,in,dfg_out_alphac_in,1,2.45013,266,True,True,training
train,5hcy,EGFR,active,1,in,in,active,1,2.46,302,True,True,training
train,6v2v,BRAF,inactive,0,in,out,dfg_in_alphac_out,1,2.47,276,True,True,training
train,2itn,EGFR,active,1,in,in,active,1,2.47,304,True,True,validation
train,7m0x,BRAF,inactive,0,in,out,dfg_in_alphac_out,1,2.47,276,True,True,training
train,2itv,EGFR,active,1,in,in,active,1,2.47,303,True,True,training
train,3mv5,AKT1,active,1,in,in,active,1,2.47,315,True,True,training
train,4xv1,BRAF,active,1,in,in,active,0,2.47,249,True,True,training
train,8to3,EGFR,inactive,0,in,out,dfg_in_alphac_out,1,2.49,291,True,True,validation
train,4rwj,FGFR1,active,1,in,in,active,1,2.49,307,True,True,validation
train,6xlo,BRAF,inactive,0,out,in,dfg_out_alphac_in,1,2.493,258,True,True,training
train,7wcl,FGFR1,active,1,in,in,active,1,2.495,306,True,True,training
train,6u2h,BRAF,active,1,in,in,active,1,2.5,282,True,True,validation
train,2v7a,ABL1,active,1,in,in,active,1,2.5,269,True,True,training
train,7jxw,EGFR,inactive,0,in,out,dfg_in_alphac_out,1,2.5,288,True,True,training
train,6z4b,EGFR,inactive,0,in,out,dfg_in_alphac_out,1,2.5,271,True,True,training
train,7u99,EGFR,active,1,in,in,active,1,2.5,304,True,True,validation
train,4lqm,EGFR,active,1,in,in,active,1,2.5,305,True,True,training
train,3ug2,EGFR,active,1,in,in,active,1,2.5,299,True,True,validation
train,7b85,EGFR,active,1,in,in,active,1,2.5,312,True,True,training
train,7zym,EGFR,active,1,in,in,active,1,2.5,321,True,True,training
train,4nks,FGFR1,active,1,in,in,active,1,2.5,271,True,True,validation
train,8hv9,EGFR,active,1,in,in,active,1,2.5,306,True,True,training
train,6bl8,ABL1,inactive,0,out-like,in,dfg_out_alphac_in,1,2.5,268,True,True,training
train,2xb7,ALK,active,1,in,in,active,1,2.5,286,True,True,training
train,1fgi,FGFR1,active,1,in,in,active,1,2.5,272,True,True,training
train,3gqi,FGFR1,active,1,in,in,active,1,2.5,304,True,True,training
train,2fgi,FGFR1,active,1,in,in,active,1,2.5,274,True,True,training
train,4xv2,BRAF,inactive,0,in,out,dfg_in_alphac_out,1,2.5,249,True,True,validation
train,2eb2,EGFR,active,1,in,in,active,0,2.5,305,True,True,training
train,5hid,BRAF,inactive,0,out,in,dfg_out_alphac_in,1,2.5,257,True,True,training
train,8g63,EGFR,active,1,in,in,active,1,2.5,280,True,True,validation
train,4rj8,EGFR,active,1,in,in,active,1,2.5,298,True,True,validation
train,5caq,EGFR,active,1,in,in,active,1,2.5,301,True,True,training
train,5j9z,EGFR,active,1,in,in,active,1,2.5,291,True,True,validation
train,7vre,EGFR,active,1,in,in,active,1,2.507,312,True,True,training
train,7sj3,CDK4,active,1,in,in,active,1,2.51,273,True,True,validation
train,5csx,BRAF,inactive,0,out,out,inactive,1,2.51,261,True,True,training
train,5hi2,BRAF,inactive,0,out,in,dfg_out_alphac_in,1,2.51,247,True,True,training
train,5ugb,EGFR,active,1,in,in,active,1,2.53,307,True,True,training
train,6jx4,EGFR,active,1,in,in,active,1,2.53,315,True,True,training
train,6jx0,EGFR,active,1,in,in,active,1,2.53,289,True,True,validation
train,6d8e,EGFR,active,1,in,in,active,1,2.54,304,True,True,training
train,4rj7,EGFR,active,1,in,in,active,1,2.55,295,True,True,training
train,6jwl,EGFR,active,1,in,in,active,1,2.55,319,True,True,validation
train,6cad,BRAF,inactive,0,out,in,dfg_out_alphac_in,1,2.55,248,False,True,validation
train,4f63,FGFR1,active,1,in,in,active,1,2.55,271,True,True,training
train,4e26,BRAF,active,1,in,in,active,1,2.55,270,True,True,training
train,8wd4,EGFR,active,1,in,in,active,1,2.55,299,True,True,training
train,7oxb,EGFR,active,1,in,in,active,1,2.56,305,True,True,training
train,4nk9,FGFR1,active,1,in,in,active,1,2.57,282,True,True,validation
train,3c4c,BRAF,inactive,0,in,out,dfg_in_alphac_out,1,2.57,258,True,True,training
train,4v05,FGFR1,active,1,in,in,active,1,2.57,287,True,True,training
train,5flf,FGFR1,active,1,in,in,active,0,2.58,292,True,True,training
train,8gb4,EGFR,inactive,0,in,out,dfg_in_alphac_out,1,2.59,292,True,True,training
train,6pp9,BRAF,inactive,0,in,out,dfg_in_alphac_out,1,2.59,276,True,True,training
train,5cao,EGFR,active,1,in,in,active,1,2.6,300,True,True,training
train,5edr,EGFR,active,1,in,in,active,1,2.6,299,True,True,training
train,5hic,EGFR,active,1,in,in,active,1,2.6,302,True,True,validation
train,6s9x,AKT1,inactive,0,out,na,unknown,1,2.6,382,True,True,validation
train,1m17,EGFR,active,1,in,in,active,1,2.6,312,True,True,training
train,3ow4,AKT1,active,1,in,in,active,1,2.6,317,True,True,validation
train,6s8a,EGFR,active,1,in,in,active,1,2.6,313,True,True,training
train,4fnz,ALK,active,1,in,in,active,1,2.6,287,True,True,training
train,7ukw,EGFR,inactive,0,in,out,dfg_in_alphac_out,0,2.6,306,True,True,training
train,7u9a,EGFR,active,1,in,in,active,1,2.6,295,True,True,training
train,2gs7,EGFR,inactive,0,in,out,dfg_in_alphac_out,1,2.6,281,True,True,training
train,2gs6,EGFR,active,1,in,in,active,0,2.6,311,True,True,training
train,1m14,EGFR,active,1,in,in,active,0,2.6,307,True,True,training
train,5czi,EGFR,active,1,in,in,active,0,2.6,310,True,True,validation
train,5hcx,EGFR,active,1,in,in,active,1,2.6,298,True,True,training
train,3nup,CDK6,inactive,0,in,out,dfg_in_alphac_out,1,2.6,252,True,True,training
train,7k1h,EGFR,inactive,0,in,out,dfg_in_alphac_out,1,2.602,291,True,True,training
train,7t4i,EGFR,active,1,in,in,active,1,2.61,309,True,True,training
train,5hcz,EGFR,active,1,in,in,active,1,2.62,300,True,True,training
train,5a46,FGFR1,active,1,in,in,active,1,2.63,297,True,True,validation
train,4li5,EGFR,active,1,in,in,active,1,2.64,306,True,True,validation
train,3vjo,EGFR,active,1,in,in,active,1,2.64,298,True,True,training
train,7aei,EGFR,active,1,in,in,active,1,2.65,315,True,True,training
train,7aem,EGFR,active,1,in,in,active,1,2.65,312,True,True,training
train,5fed,EGFR,active,1,in,in,active,1,2.65,288,True,True,training
train,5zto,EGFR,active,1,in,in,active,1,2.65,294,True,True,training
train,4fk3,BRAF,active,1,in,in,active,0,2.65,257,True,True,validation
train,6p7g,BRAF,inactive,0,out,in,dfg_out_alphac_in,1,2.65,254,True,True,training
train,5em5,EGFR,active,1,in,in,active,1,2.65,298,True,True,training
train,5csw,BRAF,inactive,0,in,out,dfg_in_alphac_out,1,2.66,254,True,True,training
train,7er2,EGFR,active,1,in,in,active,1,2.662,292,True,True,training
train,6s9d,EGFR,active,1,in,in,active,1,2.67,300,True,True,validation
train,2itq,EGFR,active,1,in,in,active,1,2.68,300,True,True,training
train,6b8u,BRAF,inactive,0,out,in,dfg_out_alphac_in,1,2.68,253,True,True,training
train,8hv7,EGFR,active,1,in,in,active,1,2.69,301,True,True,training
train,4joa,ALK,active,1,in,in,active,1,2.7,250,True,True,training
train,6nvl,FGFR1,active,1,in,in,active,1,2.7,265,True,True,training
train,5c9c,BRAF,inactive,0,out,in,dfg_out_alphac_in,1,2.7,251,True,True,training
train,3idp,BRAF,inactive,0,out,in,dfg_out_alphac_in,1,2.7,256,True,True,training
train,6s89,EGFR,active,1,in,in,active,1,2.7,310,True,True,training
train,4zjv,EGFR,inactive,0,out,in,dfg_out_alphac_in,0,2.7,282,True,True,training
train,8tjl,EGFR,active,1,in,in,active,1,2.7,306,True,True,training
train,4rj6,EGFR,active,1,in,in,active,1,2.7,297,True,True,validation
train,5cal,EGFR,active,1,in,in,active,1,2.7,300,True,True,training
train,3lzb,EGFR,inactive,0,in,out,dfg_in_alphac_out,1,2.7,261,True,True,validation
train,4jr3,EGFR,active,1,in,in,active,1,2.7,303,True,True,training
train,4ez5,CDK6,inactive,0,in,out,dfg_in_alphac_out,1,2.7,258,True,True,training
train,2g2f,ABL1,inactive,0,out-like,in,dfg_out_alphac_in,1,2.7,275,True,True,training
train,3ky2,FGFR1,active,1,in,in,active,0,2.7,280,True,True,training
train,5jt2,BRAF,inactive,0,in,out,dfg_in_alphac_out,1,2.7,234,True,True,training
train,3ocb,AKT1,active,1,in,in,active,1,2.7,319,True,True,training
train,5xdl,EGFR,active,1,in,in,active,1,2.7,292,True,True,training
train,3o96,AKT1,inactive,0,out,na,unknown,1,2.7,367,True,True,training
train,5kcv,AKT1,inactive,0,out,na,unknown,1,2.7,353,True,False,training
train,3nux,CDK6,inactive,0,in,out,dfg_in_alphac_out,1,2.7,261,True,True,training
train,5fee,EGFR,active,1,in,in,active,1,2.7,287,True,True,training
train,6hhi,AKT1,inactive,0,out,na,unknown,1,2.7,389,True,True,training
train,6hhh,AKT1,inactive,0,out,na,unknown,1,2.7,379,True,True,training
train,6oql,CDK6,inactive,0,in,out,dfg_in_alphac_out,1,2.707,263,True,True,training
train,2itz,EGFR,active,1,in,in,active,1,2.72,302,True,True,training
train,7cc2,ABL1,inactive,0,out-like,in,dfg_out_alphac_in,1,2.723,263,True,True,training
train,2itt,EGFR,active,1,in,in,active,1,2.73,302,True,True,training
train,6s9c,EGFR,active,1,in,in,active,1,2.73,301,True,True,training
train,4jq7,EGFR,active,1,in,in,active,1,2.73,303,True,True,training
train,5cav,EGFR,active,1,in,in,active,1,2.73,306,True,True,training
train,2itp,EGFR,active,1,in,in,active,1,2.74,305,True,True,training
train,8f7p,BRAF,inactive,0,out,in,dfg_out_alphac_in,1,2.74,255,True,True,training
train,8f1y,EGFR,active,1,in,in,active,1,2.75,293,True,True,training
train,4hjo,EGFR,inactive,0,in,out,dfg_in_alphac_out,1,2.75,278,True,True,training
train,5l2i,CDK6,inactive,0,in,out,dfg_in_alphac_out,1,2.75,260,True,True,training
train,3ug1,EGFR,active,1,in,in,active,0,2.75,296,True,True,training
train,8hva,EGFR,active,1,in,in,active,1,2.77,301,True,True,training
train,8i0m,CDK6,inactive,0,in,out,dfg_in_alphac_out,1,2.7772,260,True,True,training
train,5em6,EGFR,active,1,in,in,active,1,2.78,301,True,True,training
train,4rj4,EGFR,active,1,in,in,active,1,2.78,299,True,True,training
train,3ii5,BRAF,inactive,0,out,in,dfg_out_alphac_in,1,2.79,257,True,True,validation
train,5gmp,EGFR,active,1,in,in,active,1,2.8,305,True,True,training
train,2hz4,ABL1,active,1,in,in,active,1,2.8,262,True,True,training
train,2f2c,CDK6,active,1,in,in,active,1,2.8,280,True,True,training
train,4mnf,BRAF,active,1,in,in,active,1,2.8,257,True,True,training
train,4xv3,BRAF,inactive,0,in,out,dfg_in_alphac_out,1,2.8,238,False,True,validation
train,4g5j,EGFR,active,1,in,in,active,1,2.8,307,True,True,validation
train,2w99,CDK4,inactive,0,in,out,dfg_in_alphac_out,0,2.8,291,True,True,validation
train,3gql,FGFR1,active,1,in,in,active,1,2.8,275,True,True,training
train,6jrk,EGFR,active,1,in,in,active,1,2.8,283,True,True,training
train,6p1l,EGFR,inactive,0,in,out,dfg_in_alphac_out,1,2.8,288,True,True,validation
train,5czh,EGFR,active,1,in,in,active,0,2.8,311,True,True,training
train,5j9y,EGFR,active,1,in,in,active,1,2.8,300,True,True,training
train,8f1h,EGFR,active,1,in,in,active,1,2.8,307,True,True,training
train,5edq,EGFR,active,1,in,in,active,1,2.8,298,True,True,training
train,2gs2,EGFR,active,1,in,in,active,0,2.8,305,True,True,training
train,8hv2,EGFR,active,1,in,in,active,1,2.8,299,True,True,training
train,6p8g,CDK4,inactive,0,in,out,dfg_in_alphac_out,0,2.8,259,True,True,training
train,2itu,EGFR,active,1,in,in,active,1,2.8,304,True,True,training
train,1bi8,CDK6,inactive,0,out,na,unknown,0,2.8,264,True,True,training
train,3tt0,FGFR1,active,1,in,in,active,1,2.8,272,True,True,training
train,3d4q,BRAF,active,1,in,in,active,1,2.8,264,True,True,training
train,6edl,ALK,active,1,in,in,active,1,2.8,282,False,True,training
train,6vh4,EGFR,active,1,in,in,active,1,2.8,295,True,True,training
train,4jrv,EGFR,active,1,in,in,active,1,2.8,300,True,True,validation
train,3gop,EGFR,inactive,0,out-like,out,inactive,0,2.8,300,True,True,training
train,5can,EGFR,active,1,in,in,active,1,2.8,301,True,True,training
train,4zau,EGFR,active,1,in,in,active,1,2.8,283,True,True,validation
train,4ekk,AKT1,active,1,in,in,active,1,2.8,318,True,True,training
train,7zyp,EGFR,active,1,in,in,active,1,2.8,305,True,True,training
train,5em8,EGFR,active,1,in,in,active,1,2.8,303,True,True,training
train,4i23,EGFR,active,1,in,in,active,1,2.8,304,True,True,validation
train,5em7,EGFR,active,1,in,in,active,1,2.81,300,True,True,training
train,4wo5,BRAF,inactive,0,in,out,dfg_in_alphac_out,1,2.83,257,True,True,training
train,4jq8,EGFR,active,1,in,in,active,1,2.83,303,True,True,training
train,2eb3,EGFR,active,1,in,in,active,1,2.84,294,True,True,training
train,4mne,BRAF,active,1,in,in,active,0,2.85,258,True,True,training
train,5hib,EGFR,active,1,in,in,active,1,2.85,314,True,True,training
train,2w9f,CDK4,inactive,0,in,out,dfg_in_alphac_out,0,2.85,261,True,True,training
train,5zv2,FGFR1,active,1,in,in,active,1,2.86,284,True,True,training
train,6jz0,EGFR,active,1,in,in,active,1,2.86,311,True,True,validation
train,8ssn,ABL1,inactive,0,in,out,dfg_in_alphac_out,1,2.86,420,True,True,training
train,2itw,EGFR,active,1,in,in,active,1,2.88,300,True,True,training
train,7shv,BRAF,active,1,in,in,active,1,2.88,261,True,True,validation
train,6p8f,CDK4,inactive,0,in,out,dfg_in_alphac_out,0,2.89,262,True,True,training
train,6u2g,BRAF,inactive,0,in,out,dfg_in_alphac_out,1,2.89,264,True,True,training
train,4xey,ABL1,inactive,0,out-like,in,dfg_out_alphac_in,1,2.89,359,True,True,training
train,5fd2,BRAF,inactive,0,in,out,dfg_in_alphac_out,1,2.89,264,True,True,validation
train,6p68,FGFR1,active,1,in,in,active,1,2.9,287,True,True,training
train,6hhf,AKT1,inactive,0,out,na,unknown,1,2.9,366,True,True,training
train,4yc8,ABL1,inactive,0,out-like,in,dfg_out_alphac_in,1,2.9,264,True,True,training
train,3prf,BRAF,active,1,in,in,active,1,2.9,262,True,True,training
train,2fb8,BRAF,active,1,in,in,active,1,2.9,259,True,True,training
train,2rfe,EGFR,inactive,0,in,out,dfg_in_alphac_out,0,2.9,262,True,True,training
train,3ika,EGFR,inactive,0,out-like,out,inactive,0,2.9,310,True,True,validation
train,5c8m,EGFR,active,1,in,in,active,1,2.9,302,True,True,training
train,5zwj,EGFR,inactive,0,in,out,dfg_in_alphac_out,1,2.9,267,True,True,validation
train,5edp,EGFR,active,1,in,in,active,0,2.9,295,True,True,training
train,1xo2,CDK6,active,1,in,in,active,1,2.9,289,True,True,training
train,4tth,CDK6,active,1,in,in,active,1,2.9,256,True,True,training
train,4r3p,EGFR,active,1,in,in,active,0,2.9,310,True,True,training
train,1g3n,CDK6,inactive,0,out,out,inactive,0,2.9,293,True,True,training
train,8hy7,EGFR,active,1,in,in,active,1,2.91,299,True,True,training
train,7lg8,EGFR,inactive,0,in,out,dfg_in_alphac_out,1,2.93,280,True,True,validation
train,4ksp,BRAF,inactive,0,out,in,dfg_out_alphac_in,1,2.93,256,True,True,training
train,6jrj,EGFR,active,1,in,in,active,1,2.94,288,True,True,training
train,4fc0,BRAF,inactive,0,out,in,dfg_out_alphac_in,1,2.95,254,True,True,training
train,5xgm,EGFR,active,1,in,in,active,1,2.95,288,True,True,training
train,1uwh,BRAF,inactive,0,out,in,dfg_out_alphac_in,1,2.95,264,True,True,validation
train,5x27,EGFR,active,1,in,in,active,1,2.95,302,True,True,training
train,5x26,EGFR,active,1,in,in,active,1,2.95,302,True,True,training
train,5x28,EGFR,active,1,in,in,active,1,2.95,310,True,True,validation
train,3gt8,EGFR,inactive,0,in,out,dfg_in_alphac_out,1,2.96,296,True,True,validation
train,7tvd,EGFR,active,1,in,in,active,0,2.96,292,True,True,training
train,8qqg,BRAF,inactive,0,out,in,dfg_out_alphac_in,1,2.979,269,False,True,training
train,4rwk,FGFR1,active,1,in,in,active,1,2.98,282,True,True,training
train,4riy,EGFR,active,1,in,in,active,1,2.98,297,True,True,training
train,2itx,EGFR,active,1,in,in,active,1,2.98,307,True,True,training
train,4rzv,BRAF,inactive,0,in,out,dfg_in_alphac_out,1,2.99,261,True,True,validation
train,8to4,EGFR,inactive,0,in,out,dfg_in_alphac_out,1,2.99,300,True,True,training
train,5hie,BRAF,inactive,0,in,out,dfg_in_alphac_out,1,3.0,253,True,True,validation
train,3ppk,BRAF,active,1,in,in,active,1,3.0,264,True,True,training
train,5xgn,EGFR,active,1,in,in,active,1,3.0,308,True,True,validation
train,4r5s,EGFR,active,1,in,in,active,1,3.0,299,True,True,validation
train,7jxi,EGFR,inactive,0,in,out,dfg_in_alphac_out,1,3.0,290,True,True,training
train,5gtz,EGFR,active,1,in,in,active,1,3.0,317,True,True,training
train,2j5f,EGFR,active,1,in,in,active,1,3.0,308,True,True,training
train,2euf,CDK6,active,1,in,in,active,1,3.0,282,True,True,validation
train,3g33,CDK4,inactive,0,in,out,dfg_in_alphac_out,0,3.0,291,True,True,training
train,4i1z,EGFR,inactive,0,out-like,in,dfg_out_alphac_in,0,3.0,287,True,True,training
train,5c8k,EGFR,active,1,in,in,active,1,3.0,300,True,True,training
train,6nsq,BRAF,inactive,0,out,in,dfg_out_alphac_in,1,3.05,253,True,True,validation
train,2jiu,EGFR,inactive,0,out-like,out,inactive,0,3.05,309,True,True,training
train,4yht,BRAF,active,1,in,in,active,1,3.05,258,True,True,training
train,5uwd,EGFR,inactive,0,out-like,out,inactive,1,3.06,271,True,True,training
train,6v2x,BRAF,inactive,0,in,out,dfg_in_alphac_out,1,3.09,274,True,True,training
train,4jvg,BRAF,inactive,0,out,in,dfg_out_alphac_in,1,3.09,259,True,True,validation
train,7m0w,BRAF,inactive,0,in,out,dfg_in_alphac_out,1,3.09,274,True,True,training
train,6v30,BRAF,inactive,0,in,out,dfg_in_alphac_out,1,3.09,274,True,True,training
train,7m0u,BRAF,inactive,0,in,out,dfg_in_alphac_out,1,3.09,274,True,True,training
train,7lgs,EGFR,active,1,in,in,active,1,3.1,283,True,True,training
train,4rj5,EGFR,active,1,in,in,active,1,3.1,296,True,True,training
train,4rix,EGFR,active,1,in,in,active,1,3.1,297,True,True,training
train,7jxk,EGFR,inactive,0,in,out,dfg_in_alphac_out,1,3.1,293,True,True,training
train,7syd,EGFR,inactive,0,in,out,dfg_in_alphac_out,0,3.1,614,False,False,training
train,2jit,EGFR,inactive,0,out-like,out,inactive,0,3.1,299,True,True,training
train,4h58,BRAF,inactive,0,out,in,dfg_out_alphac_in,0,3.1,272,True,True,validation
train,4riw,EGFR,active,1,in,in,active,1,3.1,293,True,True,validation
train,7ky0,EGFR,inactive,0,in,out,dfg_in_alphac_out,1,3.1,288,True,True,training
train,1jow,CDK6,active,1,in,in,active,0,3.1,277,True,True,training
train,5y25,EGFR,active,1,in,in,active,1,3.1,292,True,True,training
train,3q96,BRAF,inactive,0,out,in,dfg_out_alphac_in,1,3.1,262,True,True,training
train,2j6m,EGFR,active,1,in,in,active,1,3.1,306,True,True,training
train,2j5e,EGFR,active,1,in,in,active,0,3.1,309,True,True,training
train,6v2w,BRAF,inactive,0,in,out,dfg_in_alphac_out,1,3.12,275,True,True,training
train,6v31,BRAF,inactive,0,in,out,dfg_in_alphac_out,1,3.12,273,True,True,training
train,7m0z,BRAF,inactive,0,in,out,dfg_in_alphac_out,1,3.12,273,True,True,validation
train,2g2i,ABL1,active,1,in,in,active,1,3.12,271,True,True,training
train,5gty,EGFR,inactive,0,in,out,dfg_in_alphac_out,1,3.14,297,True,True,training
train,6v34,BRAF,inactive,0,out,in,dfg_out_alphac_in,1,3.15,247,True,True,training
train,4dbn,BRAF,inactive,0,out,in,dfg_out_alphac_in,1,3.15,263,True,True,training
train,6v2z,BRAF,inactive,0,in,out,dfg_in_alphac_out,1,3.16,274,True,True,validation
train,7m0v,BRAF,inactive,0,in,out,dfg_in_alphac_out,1,3.16,274,True,True,training
train,5ct7,BRAF,inactive,0,out,in,dfg_out_alphac_in,1,3.17,254,True,True,training
train,4g5p,EGFR,inactive,0,out-like,out,inactive,0,3.17,303,True,True,training
train,6v32,BRAF,inactive,0,in,out,dfg_in_alphac_out,1,3.19,274,True,True,training
train,6p8h,CDK4,inactive,0,in,out,dfg_in_alphac_out,0,3.19,258,True,True,training
train,7m0t,BRAF,inactive,0,in,out,dfg_in_alphac_out,1,3.19,274,True,True,training
train,3kxx,FGFR1,active,1,in,in,active,0,3.2,286,True,True,training
train,5x2k,EGFR,active,1,in,in,active,1,3.2,314,True,True,training
train,4g9r,BRAF,inactive,0,out,in,dfg_out_alphac_in,1,3.2,262,True,True,training
train,3skc,BRAF,inactive,0,in,out,dfg_in_alphac_out,1,3.2,276,True,True,training
train,4tks,EGFR,active,1,in,in,active,0,3.2,307,True,True,training
train,8f1w,EGFR,inactive,0,in,out,dfg_in_alphac_out,1,3.2,303,True,True,training
train,3q4c,BRAF,active,1,in,in,active,1,3.2,264,True,True,training
train,7k1i,EGFR,inactive,0,in,out,dfg_in_alphac_out,1,3.202,288,True,True,training
train,3rcd,ERBB2,inactive,0,in,out,dfg_in_alphac_out,1,3.21,271,True,True,training
train,8kfq,EGFR,active,1,in,in,active,1,3.22,301,True,True,validation
train,2ito,EGFR,active,1,in,in,active,1,3.25,303,True,True,training
train,6s9b,EGFR,active,1,in,in,active,1,3.25,291,True,True,training
train,4r3r,EGFR,active,1,in,in,active,0,3.25,309,True,True,training
train,5y9t,EGFR,active,1,in,in,active,1,3.25,300,True,True,training
train,7jxh,ERBB2,inactive,0,in,out,dfg_in_alphac_out,1,3.27,272,True,True,training
train,6uuo,BRAF,inactive,0,in,out,dfg_in_alphac_out,1,3.29,254,False,True,training
train,4ksq,BRAF,inactive,0,out,in,dfg_out_alphac_in,1,3.3,258,True,True,training
train,4ehe,BRAF,inactive,0,in,out,dfg_in_alphac_out,1,3.3,266,True,True,training
train,7sz0,EGFR,inactive,0,in,out,dfg_in_alphac_out,0,3.3,614,False,False,validation
train,4wd5,EGFR,inactive,0,out-like,out,inactive,0,3.3,304,True,True,training
train,7sye,EGFR,inactive,0,in,out,dfg_in_alphac_out,0,3.3,614,False,False,training
train,6xag,BRAF,active,1,in,in,active,0,3.3,275,True,True,training
train,3tv6,BRAF,inactive,0,in,out,dfg_in_alphac_out,1,3.3,276,True,True,training
train,5jeb,EGFR,active,1,in,in,active,1,3.3,299,True,True,training
train,8eme,EGFR,inactive,0,in,out,dfg_in_alphac_out,1,3.32,267,False,True,training
train,4i20,EGFR,inactive,0,out,in,dfg_out_alphac_in,0,3.34,287,True,True,training
train,4i21,EGFR,inactive,0,out-like,in,dfg_out_alphac_in,0,3.37,302,True,True,validation
train,4pp7,BRAF,inactive,0,in,out,dfg_in_alphac_out,1,3.4,267,True,True,validation
train,3psb,BRAF,active,1,in,in,active,1,3.4,264,True,True,training
train,1bi7,CDK6,inactive,0,out,na,unknown,0,3.4,269,True,True,validation
train,3tv4,BRAF,inactive,0,in,out,dfg_in_alphac_out,1,3.4,276,True,True,training
train,5feq,EGFR,active,1,in,in,active,1,3.4,290,True,True,training
train,7sz1,EGFR,inactive,0,in,out,dfg_in_alphac_out,0,3.4,614,False,False,training
train,7sz7,EGFR,inactive,0,in,out,dfg_in_alphac_out,0,3.4,614,False,False,training
train,8h7x,EGFR,active,1,in,in,active,1,3.404,299,True,True,validation
train,2ity,EGFR,active,1,in,in,active,1,3.42,300,True,True,training
train,1opl,ABL1,inactive,0,out-like,in,dfg_out_alphac_in,1,3.42,365,True,True,validation
train,7u98,EGFR,inactive,0,in,out,dfg_in_alphac_out,1,3.42,287,True,True,training
train,7m0y,BRAF,inactive,0,in,out,dfg_in_alphac_out,1,3.45,275,True,True,training
train,6v2y,BRAF,inactive,0,in,out,dfg_in_alphac_out,1,3.451,275,True,True,training
train,4rzw,BRAF,inactive,0,out,in,dfg_out_alphac_in,1,3.49,252,True,True,validation
train,2rf9,EGFR,inactive,0,out-like,in,dfg_out_alphac_in,0,3.5,280,True,True,training
train,1uwj,BRAF,inactive,0,out,in,dfg_out_alphac_in,1,3.5,263,True,True,training
train,4g9c,BRAF,inactive,0,out,in,dfg_out_alphac_in,1,3.5,264,True,True,training
train,4ehg,BRAF,inactive,0,in,out,dfg_in_alphac_out,1,3.5,260,True,True,training
train,2jiv,EGFR,inactive,0,in,out,dfg_in_alphac_out,1,3.5,270,True,True,training
train,4r5y,BRAF,inactive,0,out,in,dfg_out_alphac_in,1,3.5,253,True,True,training
train,3pri,BRAF,active,1,in,in,active,1,3.5,264,True,True,training
train,4lrm,EGFR,active,1,in,in,active,1,3.53,293,True,True,training
train,8f7o,BRAF,inactive,0,out,in,dfg_out_alphac_in,1,3.54,263,True,True,training
train,2rfd,EGFR,inactive,0,in,out,dfg_in_alphac_out,0,3.6,286,True,True,training
train,3psd,BRAF,active,1,in,in,active,1,3.6,262,True,True,validation
train,4e4x,BRAF,inactive,0,in,out,dfg_in_alphac_out,1,3.6,274,True,True,training
train,4mbj,BRAF,inactive,0,in,out,dfg_in_alphac_out,1,3.6,269,True,True,training
train,6vhp,EGFR,active,1,in,in,active,1,3.6,308,True,True,training
train,7sz5,EGFR,inactive,0,in,out,dfg_in_alphac_out,0,3.6,614,False,False,training
train,7mfd,BRAF,inactive,0,in,out,dfg_in_alphac_out,0,3.66,408,True,True,training
train,3ppj,BRAF,active,1,in,in,active,1,3.7,262,True,True,training
train,6v2u,BRAF,inactive,0,in,out,dfg_in_alphac_out,1,3.78,255,False,True,training
train,5fwk,CDK4,active,1,in,na,unknown,0,3.9,209,True,False,training
train,8dgt,BRAF,inactive,0,in,out,dfg_in_alphac_out,1,3.9,429,True,True,training
train,4ll0,EGFR,active,1,in,in,active,1,4.0,291,True,True,training
train,7mfe,BRAF,inactive,0,in,out,dfg_in_alphac_out,0,4.07,407,True,True,validation
train,8dgs,BRAF,inactive,0,in,out,dfg_in_alphac_out,1,4.3,425,True,True,training
train,5fwp,CDK4,active,1,in,na,unknown,0,7.2,209,True,False,training
train,5fwm,CDK4,inactive,0,out-like,out,inactive,0,8.0,291,True,True,training
train,5fwl,CDK4,inactive,0,in,out,dfg_in_alphac_out,0,9.0,291,True,True,training
val,4r1v,MET,inactive,0,in,out,dfg_in_alphac_out,1,1.2,289,True,True,training
val,3f66,MET,inactive,0,in,out,dfg_in_alphac_out,1,1.4,269,True,True,training
val,3zcl,MET,inactive,0,in,out,dfg_in_alphac_out,1,1.4,289,True,True,training
val,8pqd,KIT,active,1,in,in,active,1,1.5,297,True,True,validation
val,3dkc,MET,inactive,0,in,out,dfg_in_alphac_out,1,1.52,312,True,True,training
val,9c1r,MET,inactive,0,out,in,dfg_out_alphac_in,1,1.59,285,True,True,training
val,3q6u,MET,active,1,in,in,active,0,1.6,287,True,True,validation
val,3g0e,KIT,inactive,0,out,in,dfg_out_alphac_in,1,1.6,332,True,True,training
val,1t46,KIT,inactive,0,out,in,dfg_out_alphac_in,1,1.6,297,True,True,training
val,4mxc,MET,inactive,0,out,in,dfg_out_alphac_in,1,1.63,290,True,True,training
val,8pqa,KIT,active,1,in,in,active,1,1.65,293,True,True,training
val,5hti,MET,inactive,0,out,in,dfg_out_alphac_in,1,1.66,290,True,True,training
val,6sdc,MET,inactive,0,out,in,dfg_out_alphac_in,1,1.67,286,True,True,validation
val,8pq9,KIT,active,1,in,in,active,1,1.7,296,True,True,training
val,7v3r,MET,inactive,0,out,in,dfg_out_alphac_in,1,1.7,285,True,True,training
val,5hni,MET,inactive,0,in,out,dfg_in_alphac_out,1,1.71,245,True,True,validation
val,4xmo,MET,inactive,0,in,out,dfg_in_alphac_out,1,1.75,289,True,True,training
val,7b3q,MET,inactive,0,in,out,dfg_in_alphac_out,1,1.75,283,True,True,validation
val,5eob,MET,inactive,0,in,out,dfg_in_alphac_out,1,1.75,288,True,True,training
val,3q6w,MET,active,1,in,in,active,1,1.75,297,True,True,training
val,7b40,MET,inactive,0,in,out,dfg_in_alphac_out,1,1.76,279,True,True,training
val,7b44,MET,inactive,0,in,out,dfg_in_alphac_out,1,1.76,282,True,True,training
val,8ouu,MET,inactive,0,out,out,inactive,1,1.77,284,True,True,training
val,8pqc,KIT,active,1,in,in,active,1,1.77,297,True,True,training
val,8ouv,MET,inactive,0,out,out,inactive,1,1.783,294,True,True,training
val,4ap7,MET,inactive,0,in,out,dfg_in_alphac_out,1,1.8,289,True,True,training
val,3zxz,MET,inactive,0,in,out,dfg_in_alphac_out,1,1.8,289,True,True,training
val,5eyc,MET,inactive,0,in,out,dfg_in_alphac_out,1,1.8,288,True,True,training
val,3dkf,MET,inactive,0,in,out,dfg_in_alphac_out,1,1.8,294,True,True,training
val,4eev,MET,inactive,0,out,in,dfg_out_alphac_in,1,1.8,283,True,True,training
val,1r1w,MET,inactive,0,in,out,dfg_in_alphac_out,0,1.8,287,True,True,training
val,1r0p,MET,inactive,0,in,out,dfg_in_alphac_out,1,1.8,301,True,True,validation
val,7b42,MET,inactive,0,in,out,dfg_in_alphac_out,1,1.8,279,True,True,validation
val,6mob,KIT,inactive,0,out,in,dfg_out_alphac_in,1,1.8,306,True,True,training
val,7b3z,MET,inactive,0,in,out,dfg_in_alphac_out,1,1.8,277,True,True,training
val,4xyf,MET,inactive,0,in,out,dfg_in_alphac_out,1,1.85,290,True,True,training
val,5eyd,MET,inactive,0,in,out,dfg_in_alphac_out,1,1.85,289,True,True,training
val,7b43,MET,inactive,0,in,out,dfg_in_alphac_out,1,1.87,277,True,True,validation
val,3zze,MET,inactive,0,in,out,dfg_in_alphac_out,1,1.87,286,True,True,validation
val,8pqb,KIT,active,1,in,in,active,1,1.87,280,True,True,training
val,6itv,KIT,inactive,0,out,in,dfg_out_alphac_in,1,1.88,297,True,True,training
val,5ya5,MET,inactive,0,in,out,dfg_in_alphac_out,1,1.89,273,True,True,training
val,4hvs,KIT,inactive,0,out,in,dfg_out_alphac_in,1,1.9,326,True,True,training
val,7v3s,MET,inactive,0,out,in,dfg_out_alphac_in,1,1.9,284,True,True,training
val,1t45,KIT,inactive,0,out,in,dfg_out_alphac_in,0,1.9,331,True,True,validation
val,8pqf,KIT,active,1,in,in,active,1,1.9,294,True,True,training
val,3ccn,MET,inactive,0,in,out,dfg_in_alphac_out,1,1.9,275,True,True,training
val,5uab,MET,inactive,0,in,out,dfg_in_alphac_out,1,1.9,288,True,True,training
val,4aoi,MET,inactive,0,in,out,dfg_in_alphac_out,1,1.9,289,True,True,training
val,3dkg,MET,inactive,0,in,out,dfg_in_alphac_out,1,1.91,281,True,True,training
val,7b3v,MET,inactive,0,in,out,dfg_in_alphac_out,1,1.93,274,True,True,training
val,6sdd,MET,inactive,0,out,in,dfg_out_alphac_in,1,1.93,271,True,True,training
val,3rhk,MET,inactive,0,out,out,inactive,1,1.94,298,True,True,training
val,8ov7,MET,inactive,0,out,in,dfg_out_alphac_in,1,1.95,289,True,True,training
val,5ho6,MET,inactive,0,in,out,dfg_in_alphac_out,1,1.97,240,True,True,training
val,5hlw,MET,inactive,0,in,out,dfg_in_alphac_out,1,1.97,284,True,True,training
val,7b41,MET,inactive,0,in,out,dfg_in_alphac_out,1,1.97,281,True,True,training
val,4iwd,MET,active,1,in,in,active,1,1.99,299,True,True,training
val,6ubw,MET,inactive,0,in,out,dfg_in_alphac_out,1,2.0,296,True,True,training
val,3qti,MET,inactive,0,in,out,dfg_in_alphac_out,1,2.0,292,True,True,training
val,3cd8,MET,inactive,0,in,out,dfg_in_alphac_out,1,2.0,278,True,True,training
val,2wgj,MET,inactive,0,in,out,dfg_in_alphac_out,1,2.0,289,True,True,training
val,2wd1,MET,inactive,0,in,out,dfg_in_alphac_out,1,2.0,289,True,True,training
val,5t3q,MET,inactive,0,na,out,unknown,1,2.0,278,False,True,training
val,4u0i,KIT,inactive,0,out,in,dfg_out_alphac_in,1,2.0,297,True,True,training
val,4r1y,MET,inactive,0,in,out,dfg_in_alphac_out,1,2.0,265,True,True,validation
val,8pqe,KIT,inactive,0,na,in,unknown,1,2.0,277,False,True,training
val,6gqm,KIT,inactive,0,out,in,dfg_out_alphac_in,1,2.0,288,True,True,training
val,3u6h,MET,inactive,0,in,out,dfg_in_alphac_out,1,2.0,280,True,True,training
val,3i5n,MET,inactive,0,in,out,dfg_in_alphac_out,1,2.0,280,True,True,training
val,4deh,MET,inactive,0,in,out,dfg_in_alphac_out,1,2.0,286,True,True,training
val,4deg,MET,inactive,0,in,out,dfg_in_alphac_out,1,2.0,286,True,True,training
val,6gql,KIT,inactive,0,out,in,dfg_out_alphac_in,1,2.01,298,True,True,training
val,8ans,MET,inactive,0,out,in,dfg_out_alphac_in,1,2.01,277,True,True,training
val,7b3w,MET,active,1,in,na,unknown,1,2.02,259,True,True,training
val,3lq8,MET,inactive,0,out,in,dfg_out_alphac_in,1,2.02,278,True,True,training
val,4dei,MET,inactive,0,in,out,dfg_in_alphac_out,1,2.05,287,True,True,training
val,6itt,KIT,inactive,0,out,in,dfg_out_alphac_in,1,2.1,297,True,True,training
val,3vw8,MET,inactive,0,out,in,dfg_out_alphac_in,1,2.1,303,True,True,validation
val,3u6i,MET,inactive,0,in,out,dfg_in_alphac_out,1,2.1,281,True,True,training
val,6kla,KIT,inactive,0,out,in,dfg_out_alphac_in,1,2.11,309,True,True,validation
val,7zw8,KIT,inactive,0,out,in,dfg_out_alphac_in,1,2.119,301,True,True,training
val,8aw1,MET,inactive,0,in,out,dfg_in_alphac_out,1,2.14,263,True,True,validation
val,5hoa,MET,inactive,0,in,out,dfg_in_alphac_out,1,2.14,225,True,True,training
val,2g15,MET,inactive,0,in,out,dfg_in_alphac_out,0,2.15,301,True,True,validation
val,7khg,KIT,inactive,0,out,in,dfg_out_alphac_in,1,2.15,327,True,True,training
val,6xvb,KIT,inactive,0,out,in,dfg_out_alphac_in,1,2.15,288,True,True,training
val,7y4t,MET,inactive,0,in,out,dfg_in_alphac_out,1,2.16,281,True,True,training
val,3c1x,MET,inactive,0,out,in,dfg_out_alphac_in,1,2.17,290,False,True,training
val,2wkm,MET,inactive,0,in,out,dfg_in_alphac_out,1,2.2,286,True,True,validation
val,3efk,MET,active,1,in,in,active,1,2.2,276,False,True,training
val,2rfs,MET,inactive,0,in,out,dfg_in_alphac_out,1,2.2,264,True,True,training
val,3zbx,MET,inactive,0,in,out,dfg_in_alphac_out,1,2.2,282,True,True,training
val,3zc5,MET,inactive,0,in,out,dfg_in_alphac_out,1,2.2,289,True,True,training
val,5hor,MET,inactive,0,in,out,dfg_in_alphac_out,1,2.2,247,True,True,training
val,8ovz,MET,inactive,0,out,out,inactive,1,2.206,286,True,True,validation
val,7b3t,MET,inactive,0,in,out,dfg_in_alphac_out,1,2.23,261,True,True,training
val,6hh1,KIT,inactive,0,out,in,dfg_out_alphac_in,1,2.25,303,True,True,training
val,5uaf,MET,inactive,0,in,out,dfg_in_alphac_out,1,2.25,291,True,True,training
val,5uad,MET,inactive,0,in,out,dfg_in_alphac_out,1,2.25,291,True,True,validation
val,8au3,MET,inactive,0,in,out,dfg_in_alphac_out,1,2.26,285,True,True,training
val,7y4u,MET,inactive,0,in,out,dfg_in_alphac_out,1,2.26,281,True,True,training
val,4gg7,MET,inactive,0,in,out,dfg_in_alphac_out,1,2.27,278,True,True,validation
val,8ow3,MET,inactive,0,out,out,inactive,1,2.27,258,True,True,training
val,3r7o,MET,active,1,in,in,active,1,2.3,299,True,True,training
val,3cth,MET,inactive,0,out,in,dfg_out_alphac_in,1,2.3,295,True,True,training
val,6xva,KIT,inactive,0,out,in,dfg_out_alphac_in,1,2.3,288,True,True,training
val,6gqk,KIT,inactive,0,out,in,dfg_out_alphac_in,1,2.31,293,True,True,training
val,6gqj,KIT,inactive,0,out,in,dfg_out_alphac_in,1,2.33,298,True,True,validation
val,7khk,KIT,active,1,in,in,active,1,2.34,291,True,True,validation
val,6sd9,MET,inactive,0,out,in,dfg_out_alphac_in,1,2.35,265,True,True,training
val,8an8,MET,inactive,0,out,in,dfg_out_alphac_in,1,2.394,244,True,True,training
val,4knb,MET,inactive,0,in,out,dfg_in_alphac_out,1,2.4,273,True,True,training
val,3l8v,MET,inactive,0,out,in,dfg_out_alphac_in,1,2.4,293,True,True,training
val,8pqg,KIT,active,1,in,in,active,1,2.4,292,True,True,training
val,3ce3,MET,inactive,0,out,in,dfg_out_alphac_in,1,2.4,293,True,True,training
val,4gg5,MET,inactive,0,in,out,dfg_in_alphac_out,1,2.42,274,True,True,training
val,6sde,MET,inactive,0,in,out,dfg_in_alphac_out,1,2.49,268,True,True,training
val,3f82,MET,inactive,0,out,in,dfg_out_alphac_in,1,2.5,278,True,True,training
val,3ctj,MET,inactive,0,out,in,dfg_out_alphac_in,1,2.5,289,False,True,validation
val,2rfn,MET,inactive,0,na,in,unknown,1,2.5,268,False,True,training
val,3a4p,MET,inactive,0,in,out,dfg_in_alphac_out,1,2.54,285,True,True,training
val,5dg5,MET,inactive,0,out,in,dfg_out_alphac_in,1,2.6,297,True,True,validation
val,3efj,MET,inactive,0,na,out,unknown,1,2.6,276,False,True,training
val,3g0f,KIT,inactive,0,out,in,dfg_out_alphac_in,1,2.6,291,True,True,training
val,8owg,MET,inactive,0,out,out,inactive,1,2.631,244,True,True,validation
val,8k78,MET,inactive,0,in,out,dfg_in_alphac_out,0,2.67,298,True,True,training
val,8gvj,MET,inactive,0,in,out,dfg_in_alphac_out,1,2.71,285,True,True,training
val,8au5,MET,inactive,0,in,out,dfg_in_alphac_out,1,2.72,265,True,True,validation
val,7khj,KIT,active,1,in,in,active,1,2.8,288,True,True,training
val,1pkg,KIT,active,1,in,in,active,1,2.9,277,True,True,training
val,7zy6,KIT,inactive,0,out,in,dfg_out_alphac_in,1,3.09,293,True,True,validation
val,8dfp,KIT,inactive,0,out,out,inactive,0,3.17,438,False,True,training
val,6xv9,KIT,inactive,0,out,in,dfg_out_alphac_in,1,3.38,292,True,True,training
val,8dfm,KIT,inactive,0,out-like,out,inactive,0,3.45,441,False,True,training
val,8dfq,KIT,inactive,0,out-like,out,inactive,0,3.96,438,False,True,validation
test,5grn,PDGFRA,inactive,0,out,in,dfg_out_alphac_in,1,1.77,285,True,True,training
test,8pqj,PDGFRA,inactive,0,out,in,dfg_out_alphac_in,0,1.82,329,True,True,training
test,6a32,PDGFRA,inactive,0,out,in,dfg_out_alphac_in,0,1.87,336,True,True,training
test,6jol,PDGFRA,inactive,0,out,in,dfg_out_alphac_in,1,1.9,279,True,True,validation
test,8exl,PIK3CA,active,1,in,in,active,1,1.989,892,True,True,training
test,8pqk,PDGFRA,inactive,0,out,in,dfg_out_alphac_in,0,2.0,322,True,True,training
test,7jiu,PIK3CA,active,1,in,in,active,1,2.12,900,True,True,training
test,5k5x,PDGFRA,inactive,0,out,in,dfg_out_alphac_in,0,2.17,345,True,True,training
test,6pys,PIK3CA,active,1,in,in,active,1,2.19,890,True,True,validation
test,4jps,PIK3CA,active,1,in,in,active,1,2.2,999,True,True,training
test,7pg5,PIK3CA,active,1,in,in,active,0,2.20029,1028,True,True,training
test,5dxt,PIK3CA,active,1,in,in,active,1,2.25,879,True,True,training
test,8sbc,PIK3CA,active,1,in,in,active,1,2.3,970,True,True,training
test,4waf,PIK3CA,active,1,in,in,active,1,2.39,1017,True,True,training
test,5ubr,PIK3CA,active,1,in,in,active,1,2.4,887,True,True,training
test,7tz7,PIK3CA,active,1,in,in,active,1,2.41,988,True,True,training
test,8dcp,PIK3CA,active,1,in,in,active,0,2.41,1005,True,True,training
test,8bfu,PIK3CA,active,1,in,in,active,0,2.41,880,True,True,training
test,7k6m,PIK3CA,active,1,in,in,active,1,2.413,878,True,True,training
test,8exo,PIK3CA,active,1,in,in,active,1,2.46,900,True,True,training
test,8exv,PIK3CA,active,1,in,in,active,1,2.48,895,True,True,training
test,7pg6,PIK3CA,active,1,in,in,active,1,2.49944,1026,True,True,validation
test,5fi4,PIK3CA,active,1,in,in,active,1,2.5,1009,True,True,training
test,5uk8,PIK3CA,active,1,in,in,active,1,2.5,1008,True,True,training
test,8pqh,PDGFRA,active,1,in,in,active,1,2.5,321,True,True,training
test,6gvf,PIK3CA,active,1,in,in,active,1,2.5,910,True,True,training
test,4l23,PIK3CA,active,1,in,in,active,1,2.5,1014,True,True,training
test,8tsa,PIK3CA,active,1,in,in,active,1,2.51,1005,True,True,validation
test,5xgi,PIK3CA,active,1,in,in,active,1,2.56,1013,True,True,training
test,8bfv,PIK3CA,active,1,in,in,active,1,2.57,895,True,True,validation
test,8ow2,PIK3CA,active,1,in,in,active,1,2.57,895,True,True,validation
test,4l1b,PIK3CA,active,1,in,in,active,0,2.59,994,True,True,training
test,8pqi,PDGFRA,active,1,in,in,active,1,2.6,299,True,True,validation
test,6joj,PDGFRA,inactive,0,out-like,in,dfg_out_alphac_in,1,2.6,338,True,True,training
test,8v8v,PIK3CA,active,1,in,in,active,1,2.61,1012,True,True,training
test,8gud,PIK3CA,active,1,in,in,active,1,2.62,835,True,True,training
test,4zop,PIK3CA,active,1,in,in,active,1,2.62,1000,True,True,training
test,4tuu,PIK3CA,active,1,in,in,active,0,2.64,879,True,True,training
test,8twy,PIK3CA,active,1,in,in,active,1,2.67,853,True,True,training
test,8exu,PIK3CA,active,1,in,in,active,1,2.68,898,True,True,training
test,7r9v,PIK3CA,active,1,in,in,active,1,2.69,855,True,True,training
test,8w9a,PIK3CA,active,1,in,in,active,1,2.7,969,True,True,training
test,8tsd,PIK3CA,active,1,in,in,active,1,2.7,1005,True,True,training
test,8ts7,PIK3CA,active,1,in,in,active,0,2.71,997,True,True,training
test,8ts8,PIK3CA,active,1,in,in,active,0,2.72,992,True,True,training
test,8gub,PIK3CA,active,1,in,in,active,1,2.73,977,True,True,training
test,7k6o,PIK3CA,active,1,in,in,active,1,2.738,852,True,True,validation
test,6gvh,PIK3CA,active,1,in,in,active,1,2.74,913,True,True,validation
test,7k6n,PIK3CA,active,1,in,in,active,1,2.77,875,True,True,training
test,8gua,PIK3CA,active,1,in,in,active,1,2.77,855,True,True,validation
test,7myn,PIK3CA,inactive,0,out-like,in,dfg_out_alphac_in,0,2.79,977,True,True,training
test,8dcx,PIK3CA,active,1,in,in,active,0,2.8,930,True,True,training
test,4l2y,PIK3CA,active,1,in,in,active,1,2.8,991,True,True,training
test,3hhm,PIK3CA,active,1,in,in,active,1,2.8,1032,True,True,training
test,5ukj,PIK3CA,active,1,in,in,active,1,2.8,1009,True,True,training
test,8am0,PIK3CA,active,1,in,in,active,1,2.818,1031,True,True,training
test,8ts9,PIK3CA,active,1,in,in,active,1,2.83,1004,True,True,validation
test,3zim,PIK3CA,active,1,in,in,active,1,2.85,886,True,True,training
test,4tv3,PIK3CA,active,1,in,in,active,1,2.85,879,True,True,validation
test,7r9y,PIK3CA,active,1,in,in,active,1,2.85,853,True,True,training
test,4ykn,PIK3CA,active,1,in,in,active,1,2.9,1205,True,True,training
test,6gvi,PIK3CA,active,1,in,in,active,1,2.9,910,True,True,training
test,7k71,PIK3CA,active,1,in,in,active,1,2.9,843,True,True,training
test,7mlk,PIK3CA,active,1,in,in,active,1,2.91,888,True,True,validation
test,7myo,PIK3CA,active,1,in,na,unknown,0,2.92,286,False,True,training
test,8tgd,PIK3CA,active,1,in,in,active,1,2.928,1027,True,True,training
test,8v8u,PIK3CA,active,1,in,in,active,1,2.93,1054,True,True,training
test,4ovu,PIK3CA,active,1,in,in,active,0,2.96,1044,True,True,training
test,5xgj,PIK3CA,active,1,in,in,active,1,2.97,980,True,True,training
test,5xgh,PIK3CA,active,1,in,in,active,1,2.97,993,True,True,training
test,6gvg,PIK3CA,active,1,in,in,active,1,3.0,910,True,True,training
test,5ul1,PIK3CA,active,1,in,in,active,1,3.0,1000,True,True,training
test,8w9b,PIK3CA,active,1,in,in,active,1,3.0,966,True,True,training
test,5dxh,PIK3CA,active,1,in,in,active,1,3.0,981,True,True,training
test,5itd,PIK3CA,active,1,in,in,active,1,3.02,995,True,True,training
test,2rd0,PIK3CA,active,1,in,in,active,0,3.05,997,True,True,training
test,8ilr,PIK3CA,active,1,in,in,active,1,3.05,977,True,True,training
test,6joi,PDGFRA,inactive,0,in,out,dfg_in_alphac_out,1,3.1,296,True,True,validation
test,8dd4,PIK3CA,active,1,in,in,active,0,3.1,981,True,True,training
test,8sbj,PIK3CA,active,1,in,in,active,1,3.1,986,True,True,training
test,8ils,PIK3CA,active,1,in,in,active,1,3.1,977,True,True,training
test,5swg,PIK3CA,active,1,in,in,active,1,3.11,1041,True,True,validation
test,8tdu,PIK3CA,active,1,in,in,active,1,3.11,1021,True,True,validation
test,8tu6,PIK3CA,active,1,in,in,active,0,3.12,981,True,True,training
test,6oac,PIK3CA,active,1,in,in,active,1,3.15,847,True,True,training
test,8ilv,PIK3CA,inactive,0,out-like,in,dfg_out_alphac_in,1,3.19,971,True,True,training
test,8v8i,PIK3CA,active,1,in,in,active,1,3.2,990,True,True,training
test,5sxb,PIK3CA,active,1,in,in,active,0,3.3,1056,True,True,training
test,5sw8,PIK3CA,active,1,in,in,active,1,3.3,1030,True,True,training
test,3hiz,PIK3CA,active,1,in,in,active,0,3.3,1024,True,True,training
test,5swr,PIK3CA,active,1,in,in,active,1,3.31,1051,True,True,training
test,6nct,PIK3CA,inactive,0,out-like,in,dfg_out_alphac_in,0,3.35,1039,True,True,validation
test,8v8j,PIK3CA,active,1,in,in,active,1,3.35,1017,True,True,validation
test,5sxa,PIK3CA,active,1,in,in,active,1,3.35,1049,True,True,training
test,8dd8,PIK3CA,active,1,in,in,active,0,3.4,1011,True,True,training
test,5sxi,PIK3CA,active,1,in,in,active,0,3.4,1040,True,True,training
test,5swp,PIK3CA,active,1,in,in,active,1,3.41,1058,True,True,training
test,5sxj,PIK3CA,active,1,in,in,active,1,3.42,1039,True,True,validation
test,5sxf,PIK3CA,active,1,in,in,active,1,3.46,1023,True,True,training
test,5sx8,PIK3CA,active,1,in,in,active,1,3.47,1052,True,True,training
test,5swt,PIK3CA,active,1,in,in,active,1,3.49,1057,True,True,validation
test,5sxd,PIK3CA,active,1,in,in,active,0,3.5,1049,True,True,validation
test,4ovv,PIK3CA,active,1,in,in,active,1,3.5,1042,True,True,training
test,5swo,PIK3CA,active,1,in,in,active,1,3.5,1050,True,True,training
test,5sxe,PIK3CA,inactive,0,out-like,in,dfg_out_alphac_in,1,3.51,1046,True,True,training
test,5sx9,PIK3CA,active,1,in,in,active,1,3.52,1044,True,True,validation
test,8tsb,PIK3CA,active,1,in,in,active,1,3.53,999,True,True,training
test,5sxc,PIK3CA,active,1,in,in,active,1,3.55,1038,True,True,validation
test,5sxk,PIK3CA,active,1,in,in,active,0,3.55,1053,True,True,training
test,8v8h,PIK3CA,active,1,in,in,active,1,3.58,1020,True,True,training
test,8tsc,PIK3CA,active,1,in,in,active,1,3.62,1008,True,True,training
test,6jok,PDGFRA,inactive,0,out,in,dfg_out_alphac_in,1,3.8,338,True,True,training
