split,pdb_id,kinase,state,motif_descriptor,chain,chains_in_pdb,residues,missing_internal_ids,dfg_found,hrd_found,vaik_lys_found,alphac_glu_found,valid
train,5ug8,EGFR,inactive,inactive,A,1,280,4,True,True,True,True,True
train,6xr7,ABL1,inactive,dfg_out_alphac_in,A,1,287,0,True,True,True,True,True
train,6xrg,ABL1,inactive,dfg_out_alphac_in,A,1,287,0,True,True,True,True,True
train,6xr6,ABL1,active,active,A,1,287,0,True,True,True,True,True
train,6uan,BRAF,inactive,dfg_in_alphac_out,C,1,284,1,True,True,True,True,True
train,6q0k,BRAF,active,active,B,1,280,5,True,True,True,True,True
train,6q0t,BRAF,active,active,A,1,279,5,True,True,True,True,True
train,6q0j,BRAF,active,active,A,1,280,5,True,True,True,True,True
train,5ug9,EGFR,inactive,inactive,A,1,280,4,True,True,True,True,True
train,6nyb,BRAF,inactive,dfg_in_alphac_out,A,1,348,158,True,True,True,True,True
train,8a27,EGFR,inactive,dfg_in_alphac_out,A,1,269,16,True,True,True,True,True
train,8a2d,EGFR,inactive,dfg_in_alphac_out,A,1,281,40,True,True,True,True,True
train,5hg8,EGFR,inactive,inactive,A,1,300,0,True,True,True,True,True
train,8a2a,EGFR,inactive,dfg_in_alphac_out,A,1,306,14,True,True,True,True,True
train,4gv1,AKT1,active,active,A,1,329,6,True,False,True,True,True
train,6tfv,EGFR,inactive,dfg_in_alphac_out,B,1,268,19,True,True,True,True,True
train,6tg0,EGFR,inactive,dfg_in_alphac_out,A,1,267,19,True,True,True,True,True
train,3poz,EGFR,inactive,dfg_in_alphac_out,A,1,293,24,True,True,True,True,True
train,5hg5,EGFR,inactive,inactive,A,1,302,0,True,True,True,True,True
train,5hu9,ABL1,inactive,dfg_out_alphac_in,A,1,267,6,True,True,True,True,True
train,4z55,ALK,active,active,A,1,294,13,True,True,True,True,True
train,5cno,EGFR,inactive,dfg_in_alphac_out,A,1,300,16,True,True,True,True,True
train,5ugc,EGFR,inactive,inactive,A,1,280,4,True,True,True,True,True
train,6tg1,EGFR,inactive,dfg_in_alphac_out,A,1,268,18,True,True,True,True,True
train,7si1,EGFR,active,active,A,1,280,47,True,True,True,True,True
train,5u8l,EGFR,inactive,inactive,A,1,289,0,True,True,True,True,True
train,5a9u,ALK,active,active,A,1,292,17,True,True,True,True,True
train,5ew8,FGFR1,active,active,B,1,290,15,True,True,True,True,True
train,8arj,ALK,active,active,A,1,275,22,True,True,True,True,True
train,4wun,FGFR1,active,active,A,1,282,19,True,True,True,True,True
train,8c7x,BRAF,inactive,inactive,A,1,274,0,True,True,True,True,True
train,8c7y,BRAF,inactive,dfg_out_alphac_in,A,1,275,0,True,True,True,True,True
train,4clj,ALK,active,active,A,1,295,13,True,True,True,True,True
train,8u8x,ERBB2,inactive,inactive,A,1,308,9,True,True,True,True,True
train,8a2b,EGFR,inactive,dfg_in_alphac_out,A,1,272,17,True,True,True,True,True
train,5aac,ALK,active,active,A,1,292,17,True,True,True,True,True
train,4fnx,ALK,active,active,A,1,292,20,True,True,True,True,True
train,2hzi,ABL1,inactive,dfg_out_alphac_in,B,1,264,4,True,True,True,True,True
train,3w33,EGFR,inactive,dfg_in_alphac_out,A,1,297,21,True,True,True,True,True
train,4foc,ALK,active,active,A,1,296,14,True,True,True,True,True
train,5ftq,ALK,active,active,A,1,293,16,True,True,True,True,True
train,6tfy,EGFR,inactive,dfg_in_alphac_out,B,1,264,22,True,True,True,True,True
train,4anl,ALK,active,active,A,1,292,16,True,True,True,True,True
train,2yfx,ALK,active,active,A,1,292,16,True,True,True,True,True
train,4i22,EGFR,inactive,dfg_in_alphac_out,A,1,297,18,True,True,True,True,True
train,7ozb,FGFR1,active,active,A,1,288,14,True,True,True,True,True
train,4cmt,ALK,active,active,A,1,284,24,True,True,True,True,True
train,5aaa,ALK,active,active,A,1,294,14,True,True,True,True,True
train,3aox,ALK,active,active,A,1,298,18,True,True,True,True,True
train,4fnw,ALK,active,active,A,1,304,18,True,True,True,True,True
train,4anq,ALK,active,active,A,1,293,16,True,True,True,True,True
train,6wxn,EGFR,inactive,dfg_in_alphac_out,A,1,298,18,True,True,True,True,True
train,7pcd,ERBB2,active,active,A,1,272,10,True,True,True,True,True
train,6v66,EGFR,inactive,dfg_in_alphac_out,D,1,314,0,True,True,True,True,True
train,4ctb,ALK,active,active,A,1,292,17,True,True,True,True,True
train,4i24,EGFR,inactive,dfg_in_alphac_out,B,1,304,11,True,True,True,True,True
train,3l9p,ALK,active,active,A,1,303,5,True,True,True,True,True
train,4cmu,ALK,active,active,A,1,294,14,True,True,True,True,True
train,6cdt,ALK,active,active,A,1,292,16,True,True,True,True,True
train,6tfz,EGFR,inactive,dfg_in_alphac_out,A,1,264,18,True,True,True,True,True
train,2g1t,ABL1,inactive,dfg_in_alphac_out,D,1,277,0,True,True,True,True,True
train,5gnk,EGFR,active,active,A,1,277,12,True,True,True,True,True
train,3w32,EGFR,inactive,dfg_in_alphac_out,A,1,317,0,True,True,True,True,True
train,5uga,EGFR,inactive,inactive,A,1,283,0,True,True,True,True,True
train,7ozd,FGFR1,active,active,A,1,282,20,True,True,True,True,True
train,3qrj,ABL1,inactive,dfg_out_alphac_in,A,1,258,5,True,True,True,True,True
train,7ozf,FGFR1,active,active,A,1,288,13,True,True,True,True,True
train,4cmo,ALK,active,active,A,1,295,14,True,True,True,True,True
train,7jxq,EGFR,inactive,dfg_in_alphac_out,A,1,296,12,True,True,True,True,True
train,7r7k,ALK,active,active,A,1,290,17,True,True,True,True,True
train,5x2a,EGFR,inactive,dfg_in_alphac_out,B,1,322,1,True,True,True,True,True
train,4ans,ALK,active,active,A,1,293,16,True,True,True,True,True
train,3pyy,ABL1,inactive,dfg_out_alphac_in,B,1,257,21,True,True,True,True,True
train,5hg7,EGFR,inactive,inactive,A,1,280,3,True,True,True,True,True
train,4wkq,EGFR,active,active,A,1,296,31,True,True,True,True,True
train,6npv,ABL1,inactive,dfg_out_alphac_in,A,1,264,5,True,True,True,True,True
train,5aa8,ALK,active,active,A,1,292,17,True,True,True,True,True
train,7btt,ALK,active,active,A,1,304,5,True,True,True,True,True
train,5iui,ALK,active,active,A,1,303,9,True,True,True,True,True
train,5cnn,EGFR,inactive,dfg_in_alphac_out,A,1,300,16,True,True,True,True,True
train,1blx,CDK6,inactive,dfg_in_alphac_out,A,1,305,0,True,True,True,True,True
train,7a2a,EGFR,inactive,dfg_in_alphac_out,A,1,266,19,True,True,True,True,True
train,3w2s,EGFR,inactive,dfg_in_alphac_out,A,1,307,12,True,True,True,True,True
train,6p8q,EGFR,inactive,dfg_in_alphac_out,A,1,309,12,True,True,True,True,True
train,2xp2,ALK,active,active,A,1,285,23,True,True,True,True,True
train,7nh5,AKT1,inactive,unknown,A,1,383,59,True,False,True,True,True
train,8uw9,AKT1,inactive,unknown,A,1,388,38,True,False,True,True,True
train,4wrg,EGFR,active,active,A,1,289,37,True,True,True,True,True
train,2yjs,ALK,active,active,A,1,286,22,True,True,True,True,True
train,3qkl,AKT1,active,active,A,1,317,18,True,False,True,True,True
train,2yjr,ALK,active,active,A,1,278,23,True,True,True,True,True
train,4cnh,ALK,active,active,A,1,285,23,True,True,True,True,True
train,4fob,ALK,active,active,A,1,295,15,True,True,True,True,True
train,2yhv,ALK,active,active,A,1,291,17,True,True,True,True,True
train,5o49,FGFR1,active,active,B,1,286,20,True,True,True,True,True
train,2f4j,ABL1,active,active,A,1,287,0,True,True,True,True,True
train,9bfb,BRAF,inactive,dfg_in_alphac_out,A,1,272,2,True,True,True,True,True
train,5iug,ALK,inactive,dfg_out_alphac_in,A,1,285,27,True,True,True,True,True
train,7k0v,BRAF,inactive,dfg_out_alphac_in,A,1,262,12,True,True,True,True,True
train,5aa9,ALK,active,active,A,1,295,14,True,True,True,True,True
train,7r7r,ALK,active,active,A,1,291,18,True,True,True,True,True
train,5yu9,EGFR,inactive,dfg_in_alphac_out,D,1,300,13,True,True,True,True,True
train,3lcs,ALK,active,active,A,1,304,0,True,True,True,True,True
train,5ita,BRAF,inactive,dfg_in_alphac_out,B,1,252,22,False,True,True,True,True
train,2xba,ALK,active,active,A,1,283,24,True,True,True,True,True
train,5am6,FGFR1,active,active,B,1,280,25,True,True,True,True,True
train,5am7,FGFR1,active,active,B,1,287,18,True,True,True,True,True
train,4uwc,FGFR1,active,active,B,1,301,5,True,True,True,True,True
train,6mx8,ALK,active,active,A,1,282,25,True,True,True,True,True
train,5j7h,ALK,active,active,A,1,291,18,True,True,True,True,True
train,4zse,EGFR,inactive,dfg_in_alphac_out,D,1,297,18,True,True,True,True,True
train,8uw7,AKT1,inactive,inactive,A,1,397,40,True,False,True,True,True
train,6oqo,CDK6,inactive,dfg_in_alphac_out,A,1,269,22,True,True,True,True,True
train,8sc7,EGFR,active,active,A,1,320,6,True,True,True,True,True
train,8jmz,FGFR1,active,active,A,1,306,0,True,True,True,True,True
train,6itj,FGFR1,active,active,B,1,293,10,True,True,True,True,True
train,2g2h,ABL1,inactive,dfg_out_alphac_in,A,1,272,0,True,True,True,True,True
train,4fod,ALK,active,active,A,1,308,13,True,True,True,True,True
train,1fgk,FGFR1,active,active,A,1,278,21,True,True,True,True,True
train,7a6k,EGFR,inactive,dfg_in_alphac_out,A,1,266,19,True,True,True,True,True
train,6tfw,EGFR,inactive,dfg_in_alphac_out,A,1,266,17,True,True,True,True,True
train,6tfu,EGFR,inactive,dfg_in_alphac_out,B,1,260,25,True,True,True,True,True
train,7jyt,ALK,active,active,A,1,281,24,True,True,True,True,True
train,4zsa,FGFR1,active,active,B,1,282,18,True,True,True,True,True
train,6mzq,FGFR1,active,active,B,1,260,40,True,True,True,True,True
train,6z4d,EGFR,inactive,dfg_in_alphac_out,A,1,269,15,True,True,True,True,True
train,3cqw,AKT1,active,active,A,1,318,17,True,False,True,True,True
train,6c1b,FGFR1,active,active,A,1,265,36,True,True,True,True,True
train,4ekl,AKT1,active,active,A,1,329,6,True,False,True,True,True
train,7a6j,EGFR,inactive,dfg_in_alphac_out,A,1,270,14,True,True,True,True,True
train,2rgp,EGFR,inactive,dfg_in_alphac_out,A,1,284,31,True,True,True,True,True
train,6xfp,BRAF,inactive,dfg_out_alphac_in,A,1,272,0,True,True,True,True,True
train,4xv9,BRAF,inactive,inactive,A,1,261,14,True,True,True,True,True
train,4ccu,ALK,active,active,A,1,292,17,True,True,True,True,True
train,7w7x,ABL1,inactive,dfg_out_alphac_in,A,1,266,3,True,True,True,True,True
train,4mkc,ALK,active,active,A,1,303,6,True,True,True,True,True
train,5o4a,FGFR1,active,active,B,1,291,13,True,True,True,True,True
train,3rhx,FGFR1,active,active,B,1,275,26,True,True,True,True,True
train,3mvh,AKT1,active,active,A,1,311,21,True,False,True,True,True
train,4ccb,ALK,active,active,A,1,287,21,True,True,True,True,True
train,4ctc,ALK,active,active,A,1,288,20,True,True,True,True,True
train,4dce,ALK,active,active,A,1,288,22,True,True,True,True,True
train,6n0q,BRAF,inactive,dfg_out_alphac_in,A,1,257,19,True,True,True,True,True
train,6lud,EGFR,active,active,A,1,310,13,True,True,True,True,True
train,4f64,FGFR1,active,active,A,1,278,21,True,True,True,True,True
train,5x2c,EGFR,inactive,dfg_in_alphac_out,A,1,304,12,True,True,True,True,True
train,3w2r,EGFR,inactive,dfg_in_alphac_out,A,1,297,23,True,True,True,True,True
train,3w2p,EGFR,active,active,A,1,308,14,True,True,True,True,True
train,7apj,AKT1,inactive,unknown,A,1,385,45,False,False,True,True,True
train,4cli,ALK,active,active,A,1,294,14,True,True,True,True,True
train,6xl4,EGFR,inactive,dfg_in_alphac_out,A,1,293,15,True,True,True,True,True
train,3c4f,FGFR1,active,active,A,1,290,12,True,True,True,True,True
train,5a4c,FGFR1,active,active,B,1,286,21,True,True,True,True,True
train,8fv3,EGFR,inactive,dfg_in_alphac_out,A,1,299,15,True,True,True,True,True
train,5vam,BRAF,inactive,dfg_out_alphac_in,A,1,269,4,True,True,True,True,True
train,7zyq,EGFR,inactive,dfg_in_alphac_out,A,1,270,15,True,True,True,True,True
train,3qri,ABL1,inactive,dfg_out_alphac_in,B,1,262,5,True,True,True,True,True
train,6v6o,EGFR,inactive,dfg_in_alphac_out,C,1,297,14,True,True,True,True,True
train,2hz0,ABL1,inactive,dfg_out_alphac_in,B,1,243,27,True,True,True,True,True
train,5cas,EGFR,active,active,A,1,299,25,True,True,True,True,True
train,5iuh,ALK,inactive,dfg_out_alphac_in,A,1,285,27,True,True,True,True,True
train,3lct,ALK,active,active,A,1,308,0,True,True,True,True,True
train,4tt7,ALK,active,active,A,1,291,16,True,True,True,True,True
train,8uvy,AKT1,inactive,unknown,A,1,396,41,True,False,True,True,True
train,6p3d,BRAF,inactive,dfg_out_alphac_in,A,1,264,13,True,True,True,True,True
train,4v04,FGFR1,active,active,A,1,292,11,True,True,True,True,True
train,6c19,FGFR1,active,active,A,1,276,26,True,True,True,True,True
train,6npz,AKT1,active,active,B,1,320,16,True,False,True,True,True
train,5imx,ALK,active,active,A,1,266,26,True,True,True,True,True
train,5hg9,EGFR,inactive,inactive,A,1,280,4,True,True,True,True,True
train,6npe,ABL1,inactive,dfg_out_alphac_in,B,1,256,23,True,True,True,True,True
train,6c1c,FGFR1,active,active,A,1,276,25,True,True,True,True,True
train,5b7v,FGFR1,active,active,A,1,282,18,True,True,True,True,True
train,3wj6,FGFR1,active,active,B,1,277,24,True,True,True,True,True
train,7jxp,EGFR,inactive,dfg_in_alphac_out,A,1,308,0,True,True,True,True,True
train,5mo4,ABL1,inactive,dfg_out_alphac_in,A,1,429,20,False,False,True,True,True
train,8d73,EGFR,active,active,A,1,309,0,True,True,True,True,True
train,6ccy,AKT1,active,active,A,1,325,18,True,False,True,True,True
train,5jsm,BRAF,inactive,dfg_in_alphac_out,A,1,265,12,True,True,True,True,True
train,4nka,FGFR1,active,active,B,1,287,21,False,True,True,True,True
train,4rwl,FGFR1,active,active,A,1,282,19,True,True,True,True,True
train,4ejn,AKT1,inactive,unknown,A,1,376,59,True,False,True,True,True
train,7jxm,EGFR,inactive,dfg_in_alphac_out,A,1,287,21,True,True,True,True,True
train,6v6k,EGFR,inactive,dfg_in_alphac_out,B,1,301,14,True,True,True,True,True
train,5vnd,FGFR1,active,active,A,1,302,1,True,True,True,True,True
train,2e2b,ABL1,inactive,dfg_out_alphac_in,A,1,270,8,True,True,True,True,True
train,2hiw,ABL1,inactive,dfg_out_alphac_in,B,1,274,0,True,True,True,True,True
train,6jrx,EGFR,active,active,A,1,300,22,True,True,True,True,True
train,7t4j,EGFR,active,active,A,1,279,8,True,True,True,True,True
train,6mzw,FGFR1,active,active,B,1,258,42,False,True,True,True,True
train,8uw2,AKT1,inactive,unknown,A,1,392,42,True,False,True,True,True
train,3w2q,EGFR,active,active,A,1,307,14,True,True,True,True,True
train,5x2f,EGFR,inactive,dfg_in_alphac_out,B,1,312,0,True,True,True,True,True
train,5aab,ALK,active,active,A,1,293,16,True,True,True,True,True
train,5ur1,FGFR1,active,active,A,1,278,24,True,True,True,True,True
train,4wa9,ABL1,inactive,dfg_out_alphac_in,B,1,276,0,True,True,True,True,True
train,6duk,EGFR,inactive,dfg_in_alphac_out,B,1,296,13,True,True,True,True,True
train,3cqu,AKT1,active,active,A,1,318,17,True,False,True,True,True
train,8fv4,EGFR,inactive,dfg_in_alphac_out,A,1,298,15,True,True,True,True,True
train,7n9g,ABL1,inactive,dfg_out_alphac_in,A,1,250,16,True,True,True,True,True
train,6p69,FGFR1,active,active,B,1,286,16,True,True,True,True,True
train,8hv4,EGFR,active,active,A,1,304,21,True,True,True,True,True
train,8hv6,EGFR,active,active,A,1,307,18,True,True,True,True,True
train,8hv5,EGFR,active,active,A,1,306,18,True,True,True,True,True
train,3qkm,AKT1,active,active,A,1,329,6,True,False,True,True,True
train,3js2,FGFR1,active,active,A,1,295,7,True,True,True,True,True
train,7w7y,ABL1,inactive,dfg_out_alphac_in,A,1,268,1,True,True,True,True,True
train,3cs9,ABL1,inactive,dfg_out_alphac_in,B,1,247,21,True,True,True,True,True
train,5fto,ALK,active,active,A,1,298,11,True,True,True,True,True
train,7jys,ALK,active,active,A,1,281,24,True,True,True,True,True
train,4cd0,ALK,active,active,A,1,295,13,True,True,True,True,True
train,3pp0,ERBB2,active,active,A,1,286,2,True,True,True,True,True
train,5cau,EGFR,active,active,A,1,297,26,True,True,True,True,True
train,5val,BRAF,inactive,dfg_out_alphac_in,A,1,254,21,True,True,True,True,True
train,4f65,FGFR1,active,active,A,1,279,23,False,True,True,True,True
train,2fo0,ABL1,inactive,dfg_out_alphac_in,A,1,465,1,True,False,True,True,True
train,5l2s,CDK6,inactive,dfg_in_alphac_out,A,1,263,28,True,True,True,True,True
train,8h7h,ABL1,inactive,dfg_out_alphac_in,A,1,268,1,True,True,True,True,True
train,4rwi,FGFR1,active,active,B,1,280,23,True,True,True,True,True
train,5jrq,BRAF,inactive,dfg_in_alphac_out,A,1,258,15,True,True,True,True,True
train,6c1o,FGFR1,active,active,A,1,280,22,True,True,True,True,True
train,6v5p,EGFR,inactive,dfg_in_alphac_out,D,1,308,0,True,True,True,True,True
train,3qkk,AKT1,active,active,A,1,326,9,True,False,True,True,True
train,6e0r,ALK,active,active,A,1,279,22,True,True,True,True,True
train,4cqe,BRAF,inactive,dfg_in_alphac_out,B,1,248,25,True,True,True,True,True
train,8gk5,EGFR,inactive,dfg_in_alphac_out,A,1,294,17,True,True,True,True,True
train,6c18,FGFR1,active,active,B,1,255,42,False,True,True,True,True
train,7dt2,ABL1,inactive,dfg_out_alphac_in,A,1,265,3,True,True,True,True,True
train,4uwy,FGFR1,active,active,B,1,273,31,True,True,True,True,True
train,3bel,EGFR,inactive,dfg_in_alphac_out,A,1,280,34,True,True,True,True,True
train,7ltx,EGFR,inactive,dfg_in_alphac_out,A,1,292,16,True,True,True,True,True
train,8f1x,EGFR,active,active,A,1,317,6,True,True,True,True,True
train,3qrk,ABL1,inactive,dfg_out_alphac_in,A,1,270,0,True,True,True,True,True
train,5kz0,ALK,active,active,A,1,293,16,True,True,True,True,True
train,7zyn,EGFR,active,active,A,1,317,5,True,True,True,True,True
train,4zog,ABL1,inactive,dfg_out_alphac_in,B,1,268,2,True,True,True,True,True
train,6hhg,AKT1,inactive,unknown,A,1,386,56,True,False,True,True,True
train,5uq0,FGFR1,active,active,B,1,256,44,True,True,True,True,True
train,6hhj,AKT1,inactive,inactive,A,1,410,32,True,False,True,True,True
train,2w96,CDK4,inactive,dfg_in_alphac_out,B,1,267,25,True,True,True,True,True
train,6p8e,CDK4,inactive,dfg_in_alphac_out,B,1,260,19,True,True,True,False,True
train,7nh4,AKT1,inactive,unknown,A,1,383,58,True,False,True,True,True
train,6s9w,AKT1,inactive,inactive,A,1,411,31,True,False,True,True,True
train,6jxt,EGFR,inactive,dfg_in_alphac_out,A,1,283,5,True,True,True,True,True
train,5d41,EGFR,inactive,dfg_in_alphac_out,A,1,300,17,True,True,True,True,True
train,4aua,CDK6,inactive,dfg_in_alphac_out,A,1,256,35,True,True,True,True,True
train,4uwb,FGFR1,active,active,A,1,299,3,True,True,True,True,True
train,6lub,EGFR,active,active,A,1,301,22,True,True,True,True,True
train,7jyr,ALK,active,active,A,1,287,18,True,True,True,True,True
train,4v01,FGFR1,inactive,dfg_out_alphac_in,B,1,275,28,False,True,True,True,True
train,6npu,ABL1,inactive,dfg_out_alphac_in,B,1,257,21,True,True,True,True,True
train,3vjn,EGFR,active,active,A,1,297,25,True,True,True,True,True
train,5xdk,EGFR,active,active,A,1,307,16,True,True,True,True,True
train,3w2o,EGFR,active,active,A,1,305,16,True,True,True,True,True
train,5l2t,CDK6,inactive,dfg_in_alphac_out,A,1,261,30,True,True,True,True,True
train,6n0p,BRAF,inactive,dfg_out_alphac_in,A,1,268,5,True,True,True,True,True
train,7p3v,BRAF,inactive,dfg_in_alphac_out,A,1,258,17,True,True,True,True,True
train,8dsw,EGFR,active,active,A,1,307,21,True,True,True,True,True
train,7jxl,EGFR,inactive,dfg_in_alphac_out,A,1,294,19,True,True,True,True,True
train,7kxz,EGFR,active,active,A,1,299,23,True,True,True,True,True
train,7a6i,EGFR,active,active,A,1,282,0,True,True,True,True,True
train,7ukv,EGFR,active,active,A,1,290,33,True,True,True,True,True
train,6v5n,EGFR,inactive,dfg_in_alphac_out,C,1,294,13,True,True,True,True,True
train,6vhn,EGFR,active,active,A,1,286,38,True,True,True,True,True
train,8d76,EGFR,active,active,A,1,312,0,True,True,True,True,True
train,6p1d,EGFR,inactive,dfg_in_alphac_out,B,1,300,12,True,True,True,True,True
train,8f1z,EGFR,active,active,A,1,310,15,True,True,True,True,True
train,6wa2,EGFR,inactive,dfg_in_alphac_out,D,1,314,0,True,True,True,True,True
train,1agw,FGFR1,active,active,B,1,272,29,True,True,True,True,True
train,8hv8,EGFR,active,active,A,1,305,19,True,True,True,True,True
train,8hv3,EGFR,active,active,A,1,307,18,True,True,True,True,True
train,6wak,EGFR,inactive,dfg_in_alphac_out,A,1,297,15,True,True,True,True,True
train,8hv1,EGFR,active,active,A,1,309,15,True,True,True,True,True
train,4twp,ABL1,active,active,A,1,266,5,True,True,True,True,True
train,5c8n,EGFR,active,active,A,1,300,24,True,True,True,True,True
train,5cap,EGFR,active,active,A,1,303,20,True,True,True,True,True
train,6c0i,AKT1,active,active,B,1,316,17,True,False,True,True,True
train,6buu,AKT1,active,active,A,1,320,15,True,False,True,True,True
train,1xkk,EGFR,inactive,dfg_in_alphac_out,A,1,289,28,True,True,True,True,True
train,2hyy,ABL1,inactive,dfg_out_alphac_in,B,1,265,1,True,True,True,True,True
train,2gqg,ABL1,active,active,B,1,276,1,True,True,True,True,True
train,7vra,EGFR,active,active,A,1,289,34,True,True,True,True,True
train,3ue4,ABL1,inactive,dfg_out_alphac_in,B,1,268,2,True,True,True,True,True
train,7jy4,ALK,active,active,A,1,290,14,True,True,True,True,True
train,2w9z,CDK4,inactive,dfg_in_alphac_out,B,1,287,7,True,True,True,True,True
train,3og7,BRAF,inactive,dfg_in_alphac_out,B,1,254,18,True,True,True,True,True
train,6ebw,ALK,active,active,A,1,277,27,True,True,True,True,True
train,5z0s,FGFR1,active,active,A,1,285,14,True,True,True,True,True
train,4fny,ALK,inactive,dfg_out_alphac_in,A,1,273,29,False,True,True,True,True
train,8h7f,ABL1,inactive,dfg_out_alphac_in,A,1,266,3,True,True,True,True,True
train,5hcy,EGFR,active,active,A,1,302,22,True,True,True,True,True
train,6v2v,BRAF,inactive,dfg_in_alphac_out,A,1,276,0,True,True,True,True,True
train,2itn,EGFR,active,active,A,1,304,20,True,True,True,True,True
train,7m0x,BRAF,inactive,dfg_in_alphac_out,A,1,276,0,True,True,True,True,True
train,2itv,EGFR,active,active,A,1,303,21,True,True,True,True,True
train,3mv5,AKT1,active,active,A,1,315,19,True,False,True,True,True
train,4xv1,BRAF,active,active,B,1,249,24,True,True,True,True,True
train,8to3,EGFR,inactive,dfg_in_alphac_out,A,1,291,15,True,True,True,True,True
train,4rwj,FGFR1,active,active,A,1,307,1,True,True,True,True,True
train,6xlo,BRAF,inactive,dfg_out_alphac_in,A,1,258,14,True,True,True,True,True
train,7wcl,FGFR1,active,active,A,1,306,0,True,True,True,True,True
train,6u2h,BRAF,active,active,D,1,282,4,True,True,True,True,True
train,2v7a,ABL1,active,active,A,1,269,1,True,True,True,True,True
train,7jxw,EGFR,inactive,dfg_in_alphac_out,A,1,288,20,True,True,True,True,True
train,6z4b,EGFR,inactive,dfg_in_alphac_out,A,1,271,12,True,True,True,True,True
train,7u99,EGFR,active,active,A,1,304,21,True,True,True,True,True
train,4lqm,EGFR,active,active,A,1,305,18,True,True,True,True,True
train,3ug2,EGFR,active,active,A,1,299,23,True,True,True,True,True
train,7b85,EGFR,active,active,A,1,312,12,True,True,True,True,True
train,7zym,EGFR,active,active,A,1,321,4,True,True,True,True,True
train,4nks,FGFR1,active,active,B,1,271,30,True,True,True,True,True
train,8hv9,EGFR,active,active,A,1,306,18,True,True,True,True,True
train,6bl8,ABL1,inactive,dfg_out_alphac_in,B,1,268,4,True,True,True,True,True
train,2xb7,ALK,active,active,A,1,286,21,True,True,True,True,True
train,1fgi,FGFR1,active,active,B,1,272,29,True,True,True,True,True
train,3gqi,FGFR1,active,active,A,1,304,3,True,True,True,True,True
train,2fgi,FGFR1,active,active,A,1,274,25,True,True,True,True,True
train,4xv2,BRAF,inactive,dfg_in_alphac_out,B,1,249,24,True,True,True,True,True
train,2eb2,EGFR,active,active,A,1,305,19,True,True,True,True,True
train,5hid,BRAF,inactive,dfg_out_alphac_in,A,1,257,17,True,True,True,True,True
train,8g63,EGFR,active,active,A,1,280,42,True,True,True,True,True
train,4rj8,EGFR,active,active,A,1,298,24,True,True,True,True,True
train,5caq,EGFR,active,active,A,1,301,21,True,True,True,True,True
train,5j9z,EGFR,active,active,A,1,291,34,True,True,True,True,True
train,7vre,EGFR,active,active,A,1,312,11,True,True,True,True,True
train,7sj3,CDK4,active,active,A,1,273,21,True,True,True,True,True
train,5csx,BRAF,inactive,inactive,A,1,261,12,True,True,True,True,True
train,5hi2,BRAF,inactive,dfg_out_alphac_in,A,1,247,26,True,True,True,True,True
train,5ugb,EGFR,active,active,A,1,307,17,True,True,True,True,True
train,6jx4,EGFR,active,active,A,1,315,8,True,True,True,True,True
train,6jx0,EGFR,active,active,A,1,289,0,True,True,True,True,True
train,6d8e,EGFR,active,active,A,1,304,20,True,True,True,True,True
train,4rj7,EGFR,active,active,A,1,295,27,True,True,True,True,True
train,6jwl,EGFR,active,active,A,1,319,6,True,True,True,True,True
train,6cad,BRAF,inactive,dfg_out_alphac_in,B,1,248,25,False,True,True,True,True
train,4f63,FGFR1,active,active,B,1,271,30,True,True,True,True,True
train,4e26,BRAF,active,active,A,1,270,6,True,True,True,True,True
train,8wd4,EGFR,active,active,A,1,299,27,True,True,True,True,True
train,7oxb,EGFR,active,active,A,1,305,20,True,True,True,True,True
train,4nk9,FGFR1,active,active,B,1,282,24,True,True,True,True,True
train,3c4c,BRAF,inactive,dfg_in_alphac_out,A,1,258,17,True,True,True,True,True
train,4v05,FGFR1,active,active,A,1,287,15,True,True,True,True,True
train,5flf,FGFR1,active,active,B,1,292,13,True,True,True,True,True
train,8gb4,EGFR,inactive,dfg_in_alphac_out,A,1,292,16,True,True,True,True,True
train,6pp9,BRAF,inactive,dfg_in_alphac_out,A,1,276,0,True,True,True,True,True
train,5cao,EGFR,active,active,A,1,300,23,True,True,True,True,True
train,5edr,EGFR,active,active,A,1,299,23,True,True,True,True,True
train,5hic,EGFR,active,active,A,1,302,21,True,True,True,True,True
train,6s9x,AKT1,inactive,unknown,A,1,382,59,True,False,True,True,True
train,1m17,EGFR,active,active,A,1,312,12,True,True,True,True,True
train,3ow4,AKT1,active,active,B,1,317,18,True,False,True,True,True
train,6s8a,EGFR,active,active,A,1,313,9,True,True,True,True,True
train,4fnz,ALK,active,active,A,1,287,23,True,True,True,True,True
train,7ukw,EGFR,inactive,dfg_in_alphac_out,A,1,306,7,True,True,True,True,True
train,7u9a,EGFR,active,active,A,1,295,30,True,True,True,True,True
train,2gs7,EGFR,inactive,dfg_in_alphac_out,A,1,281,29,True,True,True,True,True
train,2gs6,EGFR,active,active,A,1,311,16,True,True,True,True,True
train,1m14,EGFR,active,active,A,1,307,18,True,True,True,True,True
train,5czi,EGFR,active,active,A,1,310,13,True,True,True,True,True
train,5hcx,EGFR,active,active,A,1,298,25,True,True,True,True,True
train,3nup,CDK6,inactive,dfg_in_alphac_out,A,1,252,37,True,True,True,True,True
train,7k1h,EGFR,inactive,dfg_in_alphac_out,A,1,291,16,True,True,True,True,True
train,7t4i,EGFR,active,active,A,1,309,12,True,True,True,True,True
train,5hcz,EGFR,active,active,A,1,300,24,True,True,True,True,True
train,5a46,FGFR1,active,active,B,1,297,11,True,True,True,True,True
train,4li5,EGFR,active,active,A,1,306,22,True,True,True,True,True
train,3vjo,EGFR,active,active,A,1,298,25,True,True,True,True,True
train,7aei,EGFR,active,active,A,1,315,7,True,True,True,True,True
train,7aem,EGFR,active,active,A,1,312,12,True,True,True,True,True
train,5fed,EGFR,active,active,A,1,288,33,True,True,True,True,True
train,5zto,EGFR,active,active,A,1,294,27,True,True,True,True,True
train,4fk3,BRAF,active,active,B,1,257,17,True,True,True,True,True
train,6p7g,BRAF,inactive,dfg_out_alphac_in,D,1,254,19,True,True,True,True,True
train,5em5,EGFR,active,active,A,1,298,25,True,True,True,True,True
train,5csw,BRAF,inactive,dfg_in_alphac_out,A,1,254,19,True,True,True,True,True
train,7er2,EGFR,active,active,A,1,292,30,True,True,True,True,True
train,6s9d,EGFR,active,active,A,1,300,24,True,True,True,True,True
train,2itq,EGFR,active,active,A,1,300,22,True,True,True,True,True
train,6b8u,BRAF,inactive,dfg_out_alphac_in,A,1,253,19,True,True,True,True,True
train,8hv7,EGFR,active,active,A,1,301,23,True,True,True,True,True
train,4joa,ALK,active,active,A,1,250,42,True,True,True,True,True
train,6nvl,FGFR1,active,active,C,1,265,32,True,True,True,True,True
train,5c9c,BRAF,inactive,dfg_out_alphac_in,B,1,251,21,True,True,True,True,True
train,3idp,BRAF,inactive,dfg_out_alphac_in,B,1,256,16,True,True,True,True,True
train,6s89,EGFR,active,active,A,1,310,11,True,True,True,True,True
train,4zjv,EGFR,inactive,dfg_out_alphac_in,A,1,282,1,True,True,True,True,True
train,8tjl,EGFR,active,active,A,1,306,18,True,True,True,True,True
train,4rj6,EGFR,active,active,A,1,297,25,True,True,True,True,True
train,5cal,EGFR,active,active,A,1,300,22,True,True,True,True,True
train,3lzb,EGFR,inactive,dfg_in_alphac_out,D,1,261,20,True,True,True,True,True
train,4jr3,EGFR,active,active,A,1,303,21,True,True,True,True,True
train,4ez5,CDK6,inactive,dfg_in_alphac_out,A,1,258,33,True,True,True,True,True
train,2g2f,ABL1,inactive,dfg_out_alphac_in,A,1,275,0,True,True,True,True,True
train,3ky2,FGFR1,active,active,B,1,280,24,True,True,True,True,True
train,5jt2,BRAF,inactive,dfg_in_alphac_out,D,1,234,39,True,True,True,True,True
train,3ocb,AKT1,active,active,B,1,319,16,True,False,True,True,True
train,5xdl,EGFR,active,active,A,1,292,31,True,True,True,True,True
train,3o96,AKT1,inactive,unknown,A,1,367,61,True,False,True,True,True
train,5kcv,AKT1,inactive,unknown,A,1,353,80,True,False,True,True,True
train,3nux,CDK6,inactive,dfg_in_alphac_out,A,1,261,31,True,True,True,True,True
train,5fee,EGFR,active,active,A,1,287,35,True,True,True,True,True
train,6hhi,AKT1,inactive,unknown,A,1,389,53,True,False,True,True,True
train,6hhh,AKT1,inactive,unknown,A,1,379,59,True,False,True,True,True
train,6oql,CDK6,inactive,dfg_in_alphac_out,A,1,263,28,True,True,True,True,True
train,2itz,EGFR,active,active,A,1,302,21,True,True,True,True,True
train,7cc2,ABL1,inactive,dfg_out_alphac_in,A,1,263,6,True,True,True,True,True
train,2itt,EGFR,active,active,A,1,302,21,True,True,True,True,True
train,6s9c,EGFR,active,active,A,1,301,25,True,True,True,True,True
train,4jq7,EGFR,active,active,A,1,303,21,True,True,True,True,True
train,5cav,EGFR,active,active,A,1,306,18,True,True,True,True,True
train,2itp,EGFR,active,active,A,1,305,17,True,True,True,True,True
train,8f7p,BRAF,inactive,dfg_out_alphac_in,A,1,255,18,True,True,True,True,True
train,8f1y,EGFR,active,active,A,1,293,31,True,True,True,True,True
train,4hjo,EGFR,inactive,dfg_in_alphac_out,A,1,278,4,True,True,True,True,True
train,5l2i,CDK6,inactive,dfg_in_alphac_out,A,1,260,32,True,True,True,True,True
train,3ug1,EGFR,active,active,A,1,296,26,True,True,True,True,True
train,8hva,EGFR,active,active,A,1,301,24,True,True,True,True,True
train,8i0m,CDK6,inactive,dfg_in_alphac_out,A,1,260,31,True,True,True,True,True
train,5em6,EGFR,active,active,A,1,301,22,True,True,True,True,True
train,4rj4,EGFR,active,active,A,1,299,23,True,True,True,True,True
train,3ii5,BRAF,inactive,dfg_out_alphac_in,B,1,257,16,True,True,True,True,True
train,5gmp,EGFR,active,active,A,1,305,19,True,True,True,True,True
train,2hz4,ABL1,active,active,A,1,262,5,True,True,True,True,True
train,2f2c,CDK6,active,active,B,1,280,17,True,True,True,True,True
train,4mnf,BRAF,active,active,A,1,257,15,True,True,True,True,True
train,4xv3,BRAF,inactive,dfg_in_alphac_out,B,1,238,33,False,True,True,True,True
train,4g5j,EGFR,active,active,A,1,307,14,True,True,True,True,True
train,2w99,CDK4,inactive,dfg_in_alphac_out,B,1,291,3,True,True,True,True,True
train,3gql,FGFR1,active,active,C,1,275,29,True,True,True,True,True
train,6jrk,EGFR,active,active,A,1,283,40,True,True,True,True,True
train,6p1l,EGFR,inactive,dfg_in_alphac_out,A,1,288,19,True,True,True,True,True
train,5czh,EGFR,active,active,A,1,311,12,True,True,True,True,True
train,5j9y,EGFR,active,active,A,1,300,23,True,True,True,True,True
train,8f1h,EGFR,active,active,A,1,307,15,True,True,True,True,True
train,5edq,EGFR,active,active,A,1,298,24,True,True,True,True,True
train,2gs2,EGFR,active,active,A,1,305,18,True,True,True,True,True
train,8hv2,EGFR,active,active,A,1,299,24,True,True,True,True,True
train,6p8g,CDK4,inactive,dfg_in_alphac_out,B,1,259,20,True,True,True,False,True
train,2itu,EGFR,active,active,A,1,304,20,True,True,True,True,True
train,1bi8,CDK6,inactive,unknown,C,1,264,27,True,True,True,True,True
train,3tt0,FGFR1,active,active,B,1,272,33,True,True,True,True,True
train,3d4q,BRAF,active,active,B,1,264,12,True,True,True,True,True
train,6edl,ALK,active,active,A,1,282,25,False,True,True,True,True
train,6vh4,EGFR,active,active,A,1,295,29,True,True,True,True,True
train,4jrv,EGFR,active,active,A,1,300,24,True,True,True,True,True
train,3gop,EGFR,inactive,inactive,A,1,300,43,True,True,True,True,True
train,5can,EGFR,active,active,A,1,301,23,True,True,True,True,True
train,4zau,EGFR,active,active,A,1,283,37,True,True,True,True,True
train,4ekk,AKT1,active,active,A,1,318,16,True,False,True,True,True
train,7zyp,EGFR,active,active,A,1,305,20,True,True,True,True,True
train,5em8,EGFR,active,active,A,1,303,20,True,True,True,True,True
train,4i23,EGFR,active,active,A,1,304,20,True,True,True,True,True
train,5em7,EGFR,active,active,A,1,300,24,True,True,True,True,True
train,4wo5,BRAF,inactive,dfg_in_alphac_out,B,1,257,15,True,True,True,True,True
train,4jq8,EGFR,active,active,A,1,303,21,True,True,True,True,True
train,2eb3,EGFR,active,active,A,1,294,29,True,True,True,True,True
train,4mne,BRAF,active,active,F,1,258,15,True,True,True,True,True
train,5hib,EGFR,active,active,A,1,314,9,True,True,True,True,True
train,2w9f,CDK4,inactive,dfg_in_alphac_out,B,1,261,30,True,True,True,True,True
train,5zv2,FGFR1,active,active,A,1,284,16,True,True,True,True,True
train,6jz0,EGFR,active,active,A,1,311,13,True,True,True,True,True
train,8ssn,ABL1,inactive,dfg_in_alphac_out,A,1,420,25,True,True,True,True,True
train,2itw,EGFR,active,active,A,1,300,22,True,True,True,True,True
train,7shv,BRAF,active,active,A,1,261,12,True,True,True,True,True
train,6p8f,CDK4,inactive,dfg_in_alphac_out,B,1,262,17,True,True,True,False,True
train,6u2g,BRAF,inactive,dfg_in_alphac_out,B,1,264,8,True,True,True,True,True
train,4xey,ABL1,inactive,dfg_out_alphac_in,B,1,359,24,True,True,True,True,True
train,5fd2,BRAF,inactive,dfg_in_alphac_out,A,1,264,9,True,True,True,True,True
train,6p68,FGFR1,active,active,A,1,287,15,True,True,True,True,True
train,6hhf,AKT1,inactive,unknown,A,1,366,71,True,False,True,True,True
train,4yc8,ABL1,inactive,dfg_out_alphac_in,B,1,264,6,True,True,True,True,True
train,3prf,BRAF,active,active,B,1,262,14,True,True,True,True,True
train,2fb8,BRAF,active,active,B,1,259,13,True,True,True,True,True
train,2rfe,EGFR,inactive,dfg_in_alphac_out,C,1,262,20,True,True,True,True,True
train,3ika,EGFR,inactive,inactive,B,1,310,11,True,True,True,True,True
train,5c8m,EGFR,active,active,A,1,302,21,True,True,True,True,True
train,5zwj,EGFR,inactive,dfg_in_alphac_out,A,1,267,17,True,True,True,True,True
train,5edp,EGFR,active,active,A,1,295,27,True,True,True,True,True
train,1xo2,CDK6,active,active,B,1,289,6,True,True,True,True,True
train,4tth,CDK6,active,active,B,1,256,34,True,True,True,True,True
train,4r3p,EGFR,active,active,A,1,310,13,True,True,True,True,True
train,1g3n,CDK6,inactive,inactive,E,1,293,0,True,True,True,True,True
train,8hy7,EGFR,active,active,A,1,299,25,True,True,True,True,True
train,7lg8,EGFR,inactive,dfg_in_alphac_out,A,1,280,25,True,True,True,True,True
train,4ksp,BRAF,inactive,dfg_out_alphac_in,B,1,256,17,True,True,True,True,True
train,6jrj,EGFR,active,active,A,1,288,35,True,True,True,True,True
train,4fc0,BRAF,inactive,dfg_out_alphac_in,A,1,254,21,True,True,True,True,True
train,5xgm,EGFR,active,active,A,1,288,36,True,True,True,True,True
train,1uwh,BRAF,inactive,dfg_out_alphac_in,B,1,264,12,True,True,True,True,True
train,5x27,EGFR,active,active,A,1,302,22,True,True,True,True,True
train,5x26,EGFR,active,active,A,1,302,22,True,True,True,True,True
train,5x28,EGFR,active,active,A,1,310,14,True,True,True,True,True
train,3gt8,EGFR,inactive,dfg_in_alphac_out,C,1,296,13,True,True,True,True,True
train,7tvd,EGFR,active,active,A,1,292,20,True,True,True,True,True
train,8qqg,BRAF,inactive,dfg_out_alphac_in,A,1,269,5,False,True,True,True,True
train,4rwk,FGFR1,active,active,B,1,282,23,True,True,True,True,True
train,4riy,EGFR,active,active,D,1,297,0,True,True,True,True,True
train,2itx,EGFR,active,active,A,1,307,16,True,True,True,True,True
train,4rzv,BRAF,inactive,dfg_in_alphac_out,A,1,261,12,True,True,True,True,True
train,8to4,EGFR,inactive,dfg_in_alphac_out,A,1,300,21,True,True,True,True,True
train,5hie,BRAF,inactive,dfg_in_alphac_out,D,1,253,21,True,True,True,True,True
train,3ppk,BRAF,active,active,B,1,264,12,True,True,True,True,True
train,5xgn,EGFR,active,active,B,1,308,15,True,True,True,True,True
train,4r5s,EGFR,active,active,A,1,299,23,True,True,True,True,True
train,7jxi,EGFR,inactive,dfg_in_alphac_out,A,1,290,17,True,True,True,True,True
train,5gtz,EGFR,active,active,A,1,317,7,True,True,True,True,True
train,2j5f,EGFR,active,active,A,1,308,16,True,True,True,True,True
train,2euf,CDK6,active,active,B,1,282,14,True,True,True,True,True
train,3g33,CDK4,inactive,dfg_in_alphac_out,C,1,291,0,True,True,True,True,True
train,4i1z,EGFR,inactive,dfg_out_alphac_in,A,1,287,0,True,True,True,True,True
train,5c8k,EGFR,active,active,A,1,300,22,True,True,True,True,True
train,6nsq,BRAF,inactive,dfg_out_alphac_in,B,1,253,23,True,True,True,True,True
train,2jiu,EGFR,inactive,inactive,B,1,309,0,True,True,True,True,True
train,4yht,BRAF,active,active,B,1,258,14,True,True,True,True,True
train,5uwd,EGFR,inactive,inactive,A,1,271,12,True,True,True,True,True
train,6v2x,BRAF,inactive,dfg_in_alphac_out,A,1,274,0,True,True,True,True,True
train,4jvg,BRAF,inactive,dfg_out_alphac_in,B,1,259,16,True,True,True,True,True
train,7m0w,BRAF,inactive,dfg_in_alphac_out,A,1,274,0,True,True,True,True,True
train,6v30,BRAF,inactive,dfg_in_alphac_out,A,1,274,0,True,True,True,True,True
train,7m0u,BRAF,inactive,dfg_in_alphac_out,A,1,274,0,True,True,True,True,True
train,7lgs,EGFR,active,active,C,1,283,4,True,True,True,True,True
train,4rj5,EGFR,active,active,A,1,296,27,True,True,True,True,True
train,4rix,EGFR,active,active,D,1,297,0,True,True,True,True,True
train,7jxk,EGFR,inactive,dfg_in_alphac_out,A,1,293,15,True,True,True,True,True
train,7syd,EGFR,inactive,dfg_in_alphac_out,A,1,614,0,False,False,False,False,True
train,2jit,EGFR,inactive,inactive,A,1,299,22,True,True,True,True,True
train,4h58,BRAF,inactive,dfg_out_alphac_in,C,1,272,2,True,True,True,True,True
train,4riw,EGFR,active,active,B,1,293,4,True,True,True,True,True
train,7ky0,EGFR,inactive,dfg_in_alphac_out,A,1,288,19,True,True,True,True,True
train,1jow,CDK6,active,active,B,1,277,14,True,True,True,True,True
train,5y25,EGFR,active,active,A,1,292,29,True,True,True,True,True
train,3q96,BRAF,inactive,dfg_out_alphac_in,B,1,262,10,True,True,True,True,True
train,2j6m,EGFR,active,active,A,1,306,18,True,True,True,True,True
train,2j5e,EGFR,active,active,A,1,309,16,True,True,True,True,True
train,6v2w,BRAF,inactive,dfg_in_alphac_out,A,1,275,0,True,True,True,True,True
train,6v31,BRAF,inactive,dfg_in_alphac_out,A,1,273,0,True,True,True,True,True
train,7m0z,BRAF,inactive,dfg_in_alphac_out,A,1,273,0,True,True,True,True,True
train,2g2i,ABL1,active,active,A,1,271,3,True,True,True,True,True
train,5gty,EGFR,inactive,dfg_in_alphac_out,D,1,297,17,True,True,True,True,True
train,6v34,BRAF,inactive,dfg_out_alphac_in,B,1,247,26,True,True,True,True,True
train,4dbn,BRAF,inactive,dfg_out_alphac_in,B,1,263,10,True,True,True,True,True
train,6v2z,BRAF,inactive,dfg_in_alphac_out,A,1,274,0,True,True,True,True,True
train,7m0v,BRAF,inactive,dfg_in_alphac_out,A,1,274,0,True,True,True,True,True
train,5ct7,BRAF,inactive,dfg_out_alphac_in,B,1,254,19,True,True,True,True,True
train,4g5p,EGFR,inactive,inactive,B,1,303,19,True,True,True,True,True
train,6v32,BRAF,inactive,dfg_in_alphac_out,A,1,274,0,True,True,True,True,True
train,6p8h,CDK4,inactive,dfg_in_alphac_out,B,1,258,20,True,True,True,False,True
train,7m0t,BRAF,inactive,dfg_in_alphac_out,A,1,274,0,True,True,True,True,True
train,3kxx,FGFR1,active,active,C,1,286,19,True,True,True,True,True
train,5x2k,EGFR,active,active,A,1,314,11,True,True,True,True,True
train,4g9r,BRAF,inactive,dfg_out_alphac_in,A,1,262,12,True,True,True,True,True
train,3skc,BRAF,inactive,dfg_in_alphac_out,B,1,276,0,True,True,True,True,True
train,4tks,EGFR,active,active,A,1,307,16,True,True,True,True,True
train,8f1w,EGFR,inactive,dfg_in_alphac_out,A,1,303,4,True,True,True,True,True
train,3q4c,BRAF,active,active,B,1,264,12,True,True,True,True,True
train,7k1i,EGFR,inactive,dfg_in_alphac_out,A,1,288,20,True,True,True,True,True
train,3rcd,ERBB2,inactive,dfg_in_alphac_out,D,1,271,30,True,True,True,True,True
train,8kfq,EGFR,active,active,A,1,301,21,True,True,True,True,True
train,2ito,EGFR,active,active,A,1,303,21,True,True,True,True,True
train,6s9b,EGFR,active,active,A,1,291,32,True,True,True,True,True
train,4r3r,EGFR,active,active,A,1,309,14,True,True,True,True,True
train,5y9t,EGFR,active,active,A,1,300,24,True,True,True,True,True
train,7jxh,ERBB2,inactive,dfg_in_alphac_out,A,1,272,15,True,True,True,True,True
train,6uuo,BRAF,inactive,dfg_in_alphac_out,A,1,254,19,False,True,True,True,True
train,4ksq,BRAF,inactive,dfg_out_alphac_in,A,1,258,17,True,True,True,True,True
train,4ehe,BRAF,inactive,dfg_in_alphac_out,A,1,266,10,True,True,True,True,True
train,7sz0,EGFR,inactive,dfg_in_alphac_out,A,1,614,0,False,False,False,False,True
train,4wd5,EGFR,inactive,inactive,B,1,304,16,True,True,True,True,True
train,7sye,EGFR,inactive,dfg_in_alphac_out,A,1,614,0,False,False,False,False,True
train,6xag,BRAF,active,active,C,1,275,9,True,True,True,True,True
train,3tv6,BRAF,inactive,dfg_in_alphac_out,B,1,276,0,True,True,True,True,True
train,5jeb,EGFR,active,active,A,1,299,2,True,True,True,True,True
train,8eme,EGFR,inactive,dfg_in_alphac_out,A,1,267,41,False,False,True,True,True
train,4i20,EGFR,inactive,dfg_out_alphac_in,A,1,287,0,True,True,True,True,True
train,4i21,EGFR,inactive,dfg_out_alphac_in,B,1,302,16,True,True,True,True,True
train,4pp7,BRAF,inactive,dfg_in_alphac_out,A,1,267,7,True,True,True,True,True
train,3psb,BRAF,active,active,B,1,264,12,True,True,True,True,True
train,1bi7,CDK6,inactive,unknown,A,1,269,23,True,True,True,True,True
train,3tv4,BRAF,inactive,dfg_in_alphac_out,B,1,276,0,True,True,True,True,True
train,5feq,EGFR,active,active,A,1,290,31,True,True,True,True,True
train,7sz1,EGFR,inactive,dfg_in_alphac_out,A,1,614,0,False,False,False,False,True
train,7sz7,EGFR,inactive,dfg_in_alphac_out,A,1,614,0,False,False,False,False,True
train,8h7x,EGFR,active,active,A,1,299,24,True,True,True,True,True
train,2ity,EGFR,active,active,A,1,300,23,True,True,True,True,True
train,1opl,ABL1,inactive,dfg_out_alphac_in,B,1,365,14,True,False,True,True,True
train,7u98,EGFR,inactive,dfg_in_alphac_out,A,1,287,20,True,True,True,True,True
train,7m0y,BRAF,inactive,dfg_in_alphac_out,A,1,275,0,True,True,True,True,True
train,6v2y,BRAF,inactive,dfg_in_alphac_out,A,1,275,0,True,True,True,True,True
train,4rzw,BRAF,inactive,dfg_out_alphac_in,B,1,252,22,True,True,True,True,True
train,2rf9,EGFR,inactive,dfg_out_alphac_in,A,1,280,5,True,True,True,True,True
train,1uwj,BRAF,inactive,dfg_out_alphac_in,B,1,263,13,True,True,True,True,True
train,4g9c,BRAF,inactive,dfg_out_alphac_in,B,1,264,12,True,True,True,True,True
train,4ehg,BRAF,inactive,dfg_in_alphac_out,B,1,260,16,True,True,True,True,True
train,2jiv,EGFR,inactive,dfg_in_alphac_out,A,1,270,15,True,True,True,True,True
train,4r5y,BRAF,inactive,dfg_out_alphac_in,A,1,253,19,True,True,True,True,True
train,3pri,BRAF,active,active,A,1,264,12,True,True,True,True,True
train,4lrm,EGFR,active,active,B,1,293,0,True,True,True,True,True
train,8f7o,BRAF,inactive,dfg_out_alphac_in,A,1,263,12,True,True,True,True,True
train,2rfd,EGFR,inactive,dfg_in_alphac_out,B,1,286,30,True,True,True,True,True
train,3psd,BRAF,active,active,A,1,262,14,True,True,True,True,True
train,4e4x,BRAF,inactive,dfg_in_alphac_out,B,1,274,0,True,True,True,True,True
train,4mbj,BRAF,inactive,dfg_in_alphac_out,A,1,269,7,True,True,True,True,True
train,6vhp,EGFR,active,active,A,1,308,16,True,True,True,True,True
train,7sz5,EGFR,inactive,dfg_in_alphac_out,A,1,614,0,False,False,False,False,True
train,7mfd,BRAF,inactive,dfg_in_alphac_out,A,1,408,175,True,True,True,True,True
train,3ppj,BRAF,active,active,A,1,262,14,True,True,True,True,True
train,6v2u,BRAF,inactive,dfg_in_alphac_out,A,1,255,18,False,True,True,True,True
train,5fwk,CDK4,active,unknown,K,1,209,0,True,True,False,False,True
train,8dgt,BRAF,inactive,dfg_in_alphac_out,A,1,429,159,True,True,True,True,True
train,4ll0,EGFR,active,active,A,1,291,30,True,True,True,True,True
train,7mfe,BRAF,inactive,dfg_in_alphac_out,A,1,407,176,True,True,True,True,True
train,8dgs,BRAF,inactive,dfg_in_alphac_out,A,1,425,159,True,True,True,True,True
train,5fwp,CDK4,active,unknown,K,1,209,0,True,True,False,False,True
train,5fwm,CDK4,inactive,inactive,K,1,291,0,True,True,True,True,True
train,5fwl,CDK4,inactive,dfg_in_alphac_out,K,1,291,0,True,True,True,True,True
val,4r1v,MET,inactive,dfg_in_alphac_out,A,1,289,2,True,True,True,True,True
val,3f66,MET,inactive,dfg_in_alphac_out,B,1,269,19,True,True,True,True,True
val,3zcl,MET,inactive,dfg_in_alphac_out,A,1,289,4,True,True,True,True,True
val,8pqd,KIT,active,active,A,1,297,69,True,True,True,True,True
val,3dkc,MET,inactive,dfg_in_alphac_out,A,1,312,0,True,True,True,True,True
val,9c1r,MET,inactive,dfg_out_alphac_in,A,1,285,21,True,True,True,True,True
val,3q6u,MET,active,active,A,1,287,20,True,True,True,True,True
val,3g0e,KIT,inactive,dfg_out_alphac_in,A,1,332,58,True,True,True,True,True
val,1t46,KIT,inactive,dfg_out_alphac_in,A,1,297,72,True,True,True,True,True
val,4mxc,MET,inactive,dfg_out_alphac_in,A,1,290,5,True,True,True,True,True
val,8pqa,KIT,active,active,A,1,293,72,True,True,True,True,True
val,5hti,MET,inactive,dfg_out_alphac_in,A,1,290,5,True,True,True,True,True
val,6sdc,MET,inactive,dfg_out_alphac_in,A,1,286,9,True,True,True,True,True
val,8pq9,KIT,active,active,A,1,296,70,True,True,True,True,True
val,7v3r,MET,inactive,dfg_out_alphac_in,A,1,285,9,True,True,True,True,True
val,5hni,MET,inactive,dfg_in_alphac_out,X,1,245,49,True,True,True,True,True
val,4xmo,MET,inactive,dfg_in_alphac_out,A,1,289,6,True,True,True,True,True
val,7b3q,MET,inactive,dfg_in_alphac_out,A,1,283,7,True,True,True,True,True
val,5eob,MET,inactive,dfg_in_alphac_out,A,1,288,3,True,True,True,True,True
val,3q6w,MET,active,active,A,1,297,6,True,True,True,True,True
val,7b40,MET,inactive,dfg_in_alphac_out,A,1,279,13,True,True,True,True,True
val,7b44,MET,inactive,dfg_in_alphac_out,A,1,282,10,True,True,True,True,True
val,8ouu,MET,inactive,inactive,A,1,284,4,True,True,True,True,True
val,8pqc,KIT,active,active,A,1,297,70,True,True,True,True,True
val,8ouv,MET,inactive,inactive,A,1,294,0,True,True,True,True,True
val,4ap7,MET,inactive,dfg_in_alphac_out,A,1,289,4,True,True,True,True,True
val,3zxz,MET,inactive,dfg_in_alphac_out,A,1,289,4,True,True,True,True,True
val,5eyc,MET,inactive,dfg_in_alphac_out,A,1,288,5,True,True,True,True,True
val,3dkf,MET,inactive,dfg_in_alphac_out,A,1,294,18,True,True,True,True,True
val,4eev,MET,inactive,dfg_out_alphac_in,A,1,283,19,True,True,True,True,True
val,1r1w,MET,inactive,dfg_in_alphac_out,A,1,287,24,True,True,True,True,True
val,1r0p,MET,inactive,dfg_in_alphac_out,A,1,301,10,True,True,True,True,True
val,7b42,MET,inactive,dfg_in_alphac_out,A,1,279,11,True,True,True,True,True
val,6mob,KIT,inactive,dfg_out_alphac_in,A,1,306,58,True,True,True,True,True
val,7b3z,MET,inactive,dfg_in_alphac_out,A,1,277,13,True,True,True,True,True
val,4xyf,MET,inactive,dfg_in_alphac_out,A,1,290,5,True,True,True,True,True
val,5eyd,MET,inactive,dfg_in_alphac_out,A,1,289,8,True,True,True,True,True
val,7b43,MET,inactive,dfg_in_alphac_out,A,1,277,13,True,True,True,True,True
val,3zze,MET,inactive,dfg_in_alphac_out,A,1,286,0,True,True,True,True,True
val,8pqb,KIT,active,active,A,1,280,85,True,True,True,True,True
val,6itv,KIT,inactive,dfg_out_alphac_in,A,1,297,70,True,True,True,True,True
val,5ya5,MET,inactive,dfg_in_alphac_out,A,1,273,16,True,True,True,True,True
val,4hvs,KIT,inactive,dfg_out_alphac_in,A,1,326,58,True,True,True,True,True
val,7v3s,MET,inactive,dfg_out_alphac_in,A,1,284,10,True,True,True,True,True
val,1t45,KIT,inactive,dfg_out_alphac_in,A,1,331,58,True,True,True,True,True
val,8pqf,KIT,active,active,A,1,294,72,True,True,True,True,True
val,3ccn,MET,inactive,dfg_in_alphac_out,A,1,275,17,True,True,True,True,True
val,5uab,MET,inactive,dfg_in_alphac_out,A,1,288,43,True,True,True,True,True
val,4aoi,MET,inactive,dfg_in_alphac_out,A,1,289,4,True,True,True,True,True
val,3dkg,MET,inactive,dfg_in_alphac_out,A,1,281,26,True,True,True,True,True
val,7b3v,MET,inactive,dfg_in_alphac_out,A,1,274,14,True,True,True,True,True
val,6sdd,MET,inactive,dfg_out_alphac_in,A,1,271,12,True,True,True,True,True
val,3rhk,MET,inactive,inactive,A,1,298,0,True,True,True,True,True
val,8ov7,MET,inactive,dfg_out_alphac_in,A,1,289,7,True,True,True,True,True
val,5ho6,MET,inactive,dfg_in_alphac_out,A,1,240,54,True,True,True,True,True
val,5hlw,MET,inactive,dfg_in_alphac_out,A,1,284,15,True,True,True,True,True
val,7b41,MET,inactive,dfg_in_alphac_out,A,1,281,11,True,True,True,True,True
val,4iwd,MET,active,active,A,1,299,6,True,True,True,True,True
val,6ubw,MET,inactive,dfg_in_alphac_out,A,1,296,35,True,True,True,True,True
val,3qti,MET,inactive,dfg_in_alphac_out,A,1,292,17,True,True,True,True,True
val,3cd8,MET,inactive,dfg_in_alphac_out,A,1,278,15,True,True,True,True,True
val,2wgj,MET,inactive,dfg_in_alphac_out,A,1,289,4,True,True,True,True,True
val,2wd1,MET,inactive,dfg_in_alphac_out,A,1,289,3,True,True,True,True,True
val,5t3q,MET,inactive,unknown,A,1,278,24,False,True,True,True,True
val,4u0i,KIT,inactive,dfg_out_alphac_in,A,1,297,72,True,True,True,True,True
val,4r1y,MET,inactive,dfg_in_alphac_out,A,1,265,20,True,True,True,True,True
val,8pqe,KIT,inactive,unknown,A,1,277,88,False,True,True,True,True
val,6gqm,KIT,inactive,dfg_out_alphac_in,B,1,288,67,True,True,True,True,True
val,3u6h,MET,inactive,dfg_in_alphac_out,A,1,280,21,True,True,True,True,True
val,3i5n,MET,inactive,dfg_in_alphac_out,A,1,280,15,True,True,True,True,True
val,4deh,MET,inactive,dfg_in_alphac_out,A,1,286,8,True,True,True,True,True
val,4deg,MET,inactive,dfg_in_alphac_out,A,1,286,9,True,True,True,True,True
val,6gql,KIT,inactive,dfg_out_alphac_in,A,1,298,66,True,True,True,True,True
val,8ans,MET,inactive,dfg_out_alphac_in,A,1,277,18,True,True,True,True,True
val,7b3w,MET,active,unknown,A,1,259,19,True,True,True,True,True
val,3lq8,MET,inactive,dfg_out_alphac_in,A,1,278,15,True,True,True,True,True
val,4dei,MET,inactive,dfg_in_alphac_out,A,1,287,7,True,True,True,True,True
val,6itt,KIT,inactive,dfg_out_alphac_in,B,1,297,70,True,True,True,True,True
val,3vw8,MET,inactive,dfg_out_alphac_in,A,1,303,25,True,True,True,True,True
val,3u6i,MET,inactive,dfg_in_alphac_out,A,1,281,20,True,True,True,True,True
val,6kla,KIT,inactive,dfg_out_alphac_in,A,1,309,69,True,True,True,True,True
val,7zw8,KIT,inactive,dfg_out_alphac_in,A,1,301,78,True,True,True,True,True
val,8aw1,MET,inactive,dfg_in_alphac_out,A,1,263,17,True,True,True,True,True
val,5hoa,MET,inactive,dfg_in_alphac_out,A,1,225,67,True,True,True,True,True
val,2g15,MET,inactive,dfg_in_alphac_out,A,1,301,0,True,True,True,True,True
val,7khg,KIT,inactive,dfg_out_alphac_in,A,1,327,58,True,True,True,True,True
val,6xvb,KIT,inactive,dfg_out_alphac_in,B,1,288,67,True,True,True,True,True
val,7y4t,MET,inactive,dfg_in_alphac_out,A,1,281,2,True,True,True,True,True
val,3c1x,MET,inactive,dfg_out_alphac_in,A,1,290,21,False,True,True,True,True
val,2wkm,MET,inactive,dfg_in_alphac_out,A,1,286,0,True,True,True,True,True
val,3efk,MET,active,active,A,1,276,22,False,True,True,True,True
val,2rfs,MET,inactive,dfg_in_alphac_out,A,1,264,16,True,True,True,True,True
val,3zbx,MET,inactive,dfg_in_alphac_out,A,1,282,4,True,True,True,True,True
val,3zc5,MET,inactive,dfg_in_alphac_out,A,1,289,4,True,True,True,True,True
val,5hor,MET,inactive,dfg_in_alphac_out,A,1,247,46,True,True,True,True,True
val,8ovz,MET,inactive,inactive,A,1,286,0,True,True,True,True,True
val,7b3t,MET,inactive,dfg_in_alphac_out,A,1,261,22,True,True,True,True,True
val,6hh1,KIT,inactive,dfg_out_alphac_in,A,1,303,62,True,True,True,True,True
val,5uaf,MET,inactive,dfg_in_alphac_out,A,1,291,40,True,True,True,True,True
val,5uad,MET,inactive,dfg_in_alphac_out,A,1,291,40,True,True,True,True,True
val,8au3,MET,inactive,dfg_in_alphac_out,A,1,285,13,True,True,True,True,True
val,7y4u,MET,inactive,dfg_in_alphac_out,A,1,281,3,True,True,True,True,True
val,4gg7,MET,inactive,dfg_in_alphac_out,A,1,278,3,True,True,True,True,True
val,8ow3,MET,inactive,inactive,A,1,258,30,True,True,True,True,True
val,3r7o,MET,active,active,A,1,299,6,True,True,True,True,True
val,3cth,MET,inactive,dfg_out_alphac_in,A,1,295,14,True,True,True,True,True
val,6xva,KIT,inactive,dfg_out_alphac_in,B,1,288,67,True,True,True,True,True
val,6gqk,KIT,inactive,dfg_out_alphac_in,B,1,293,67,True,True,True,True,True
val,6gqj,KIT,inactive,dfg_out_alphac_in,A,1,298,67,True,True,True,True,True
val,7khk,KIT,active,active,A,1,291,75,True,True,True,True,True
val,6sd9,MET,inactive,dfg_out_alphac_in,A,1,265,19,True,True,True,True,True
val,8an8,MET,inactive,dfg_out_alphac_in,A,1,244,29,True,True,True,True,True
val,4knb,MET,inactive,dfg_in_alphac_out,A,1,273,8,True,True,True,True,True
val,3l8v,MET,inactive,dfg_out_alphac_in,A,1,293,14,True,True,True,True,True
val,8pqg,KIT,active,active,A,1,292,74,True,True,True,True,True
val,3ce3,MET,inactive,dfg_out_alphac_in,A,1,293,14,True,True,True,True,True
val,4gg5,MET,inactive,dfg_in_alphac_out,A,1,274,7,True,True,True,True,True
val,6sde,MET,inactive,dfg_in_alphac_out,A,1,268,11,True,True,True,True,True
val,3f82,MET,inactive,dfg_out_alphac_in,A,1,278,28,True,True,True,True,True
val,3ctj,MET,inactive,dfg_out_alphac_in,A,1,289,21,False,True,True,True,True
val,2rfn,MET,inactive,unknown,A,1,268,27,False,True,True,True,True
val,3a4p,MET,inactive,dfg_in_alphac_out,A,1,285,13,True,True,True,True,True
val,5dg5,MET,inactive,dfg_out_alphac_in,A,1,297,0,True,True,True,True,True
val,3efj,MET,inactive,unknown,A,1,276,22,False,True,True,True,True
val,3g0f,KIT,inactive,dfg_out_alphac_in,A,1,291,74,True,True,True,True,True
val,8owg,MET,inactive,inactive,A,1,244,41,True,True,True,True,True
val,8k78,MET,inactive,dfg_in_alphac_out,A,1,298,0,True,True,True,True,True
val,8gvj,MET,inactive,dfg_in_alphac_out,A,1,285,0,True,True,True,True,True
val,8au5,MET,inactive,dfg_in_alphac_out,A,1,265,15,True,True,True,True,True
val,7khj,KIT,active,active,A,1,288,78,True,True,True,True,True
val,1pkg,KIT,active,active,B,1,277,87,True,True,True,True,True
val,7zy6,KIT,inactive,dfg_out_alphac_in,A,1,293,83,True,True,True,True,True
val,8dfp,KIT,inactive,inactive,A,1,438,37,False,False,True,True,True
val,6xv9,KIT,inactive,dfg_out_alphac_in,B,1,292,68,True,True,True,True,True
val,8dfm,KIT,inactive,inactive,A,1,441,34,False,False,True,True,True
val,8dfq,KIT,inactive,inactive,A,1,438,35,False,False,True,True,True
test,5grn,PDGFRA,inactive,dfg_out_alphac_in,A,1,285,90,True,True,True,True,True
test,8pqj,PDGFRA,inactive,dfg_out_alphac_in,A,1,329,92,True,True,True,True,True
test,6a32,PDGFRA,inactive,dfg_out_alphac_in,A,1,336,84,True,True,True,True,True
test,6jol,PDGFRA,inactive,dfg_out_alphac_in,A,1,279,96,True,True,True,True,True
test,8exl,PIK3CA,active,active,A,1,892,53,True,False,True,True,True
test,8pqk,PDGFRA,inactive,dfg_out_alphac_in,A,1,322,98,True,True,True,True,True
test,7jiu,PIK3CA,active,active,A,1,900,46,True,False,True,True,True
test,5k5x,PDGFRA,inactive,dfg_out_alphac_in,A,1,345,75,True,True,True,True,True
test,6pys,PIK3CA,active,active,A,1,890,55,True,False,True,True,True
test,4jps,PIK3CA,active,active,A,1,999,61,True,False,True,True,True
test,7pg5,PIK3CA,active,active,A,1,1028,35,True,False,True,True,True
test,5dxt,PIK3CA,active,active,A,1,879,66,True,False,True,True,True
test,8sbc,PIK3CA,active,active,A,1,970,82,True,False,True,True,True
test,4waf,PIK3CA,active,active,A,1,1017,43,True,False,True,True,True
test,5ubr,PIK3CA,active,active,A,1,887,57,True,False,True,True,True
test,7tz7,PIK3CA,active,active,A,1,988,63,True,False,True,True,True
test,8dcp,PIK3CA,active,active,A,1,1005,29,True,False,True,True,True
test,8bfu,PIK3CA,active,active,A,1,880,60,True,False,True,True,True
test,7k6m,PIK3CA,active,active,A,1,878,61,True,False,True,True,True
test,8exo,PIK3CA,active,active,A,1,900,45,True,False,True,True,True
test,8exv,PIK3CA,active,active,A,1,895,50,True,False,True,True,True
test,7pg6,PIK3CA,active,active,A,1,1026,37,True,False,True,True,True
test,5fi4,PIK3CA,active,active,A,1,1009,52,True,False,True,True,True
test,5uk8,PIK3CA,active,active,A,1,1008,48,True,False,True,True,True
test,8pqh,PDGFRA,active,active,A,1,321,96,True,True,True,True,True
test,6gvf,PIK3CA,active,active,A,1,910,35,True,False,True,True,True
test,4l23,PIK3CA,active,active,A,1,1014,38,True,False,True,True,True
test,8tsa,PIK3CA,active,active,A,1,1005,44,True,False,True,True,True
test,5xgi,PIK3CA,active,active,A,1,1013,39,True,False,True,True,True
test,8bfv,PIK3CA,active,active,A,1,895,46,True,False,True,True,True
test,8ow2,PIK3CA,active,active,A,1,895,46,True,False,True,True,True
test,4l1b,PIK3CA,active,active,A,1,994,57,True,False,True,True,True
test,8pqi,PDGFRA,active,active,A,1,299,104,True,True,True,True,True
test,6joj,PDGFRA,inactive,dfg_out_alphac_in,A,1,338,82,True,True,True,True,True
test,8v8v,PIK3CA,active,active,A,1,1012,36,True,False,True,True,True
test,8gud,PIK3CA,active,active,A,1,835,109,True,False,True,True,True
test,4zop,PIK3CA,active,active,A,1,1000,60,True,False,True,True,True
test,4tuu,PIK3CA,active,active,A,1,879,61,True,False,True,True,True
test,8twy,PIK3CA,active,active,A,1,853,86,True,False,True,True,True
test,8exu,PIK3CA,active,active,A,1,898,47,True,False,True,True,True
test,7r9v,PIK3CA,active,active,A,1,855,84,True,False,True,True,True
test,8w9a,PIK3CA,active,active,A,1,969,63,True,False,True,True,True
test,8tsd,PIK3CA,active,active,A,1,1005,40,True,False,True,True,True
test,8ts7,PIK3CA,active,active,A,1,997,44,True,False,True,True,True
test,8ts8,PIK3CA,active,active,A,1,992,45,True,False,True,True,True
test,8gub,PIK3CA,active,active,A,1,977,55,True,False,True,True,True
test,7k6o,PIK3CA,active,active,A,1,852,85,True,False,True,True,True
test,6gvh,PIK3CA,active,active,A,1,913,32,True,False,True,True,True
test,7k6n,PIK3CA,active,active,A,1,875,62,True,False,True,True,True
test,8gua,PIK3CA,active,active,A,1,855,89,True,False,True,True,True
test,7myn,PIK3CA,inactive,dfg_out_alphac_in,A,1,977,67,True,False,True,True,True
test,8dcx,PIK3CA,active,active,A,1,930,101,True,False,True,True,True
test,4l2y,PIK3CA,active,active,A,1,991,55,True,False,True,True,True
test,3hhm,PIK3CA,active,active,A,1,1032,58,True,False,True,True,True
test,5ukj,PIK3CA,active,active,A,1,1009,43,True,False,True,True,True
test,8am0,PIK3CA,active,active,A,1,1031,30,True,False,True,True,True
test,8ts9,PIK3CA,active,active,A,1,1004,41,True,False,True,True,True
test,3zim,PIK3CA,active,active,A,1,886,54,True,False,True,True,True
test,4tv3,PIK3CA,active,active,A,1,879,61,True,False,True,True,True
test,7r9y,PIK3CA,active,active,A,1,853,86,True,False,True,True,True
test,4ykn,PIK3CA,active,active,A,1,1205,517,True,False,True,True,True
test,6gvi,PIK3CA,active,active,A,1,910,35,True,False,True,True,True
test,7k71,PIK3CA,active,active,A,1,843,93,True,False,True,True,True
test,7mlk,PIK3CA,active,active,A,1,888,52,True,False,True,True,True
test,7myo,PIK3CA,active,unknown,B,1,286,0,False,True,True,True,True
test,8tgd,PIK3CA,active,active,A,1,1027,35,True,False,True,True,True
test,8v8u,PIK3CA,active,active,A,1,1054,14,True,False,True,True,True
test,4ovu,PIK3CA,active,active,A,1,1044,37,True,False,True,True,True
test,5xgj,PIK3CA,active,active,A,1,980,68,True,False,True,True,True
test,5xgh,PIK3CA,active,active,A,1,993,55,True,False,True,True,True
test,6gvg,PIK3CA,active,active,A,1,910,35,True,False,True,True,True
test,5ul1,PIK3CA,active,active,A,1,1000,52,True,False,True,True,True
test,8w9b,PIK3CA,active,active,A,1,966,64,True,False,True,True,True
test,5dxh,PIK3CA,active,active,D,1,981,80,True,False,True,True,True
test,5itd,PIK3CA,active,active,A,1,995,63,True,False,True,True,True
test,2rd0,PIK3CA,active,active,A,1,997,81,True,False,True,True,True
test,8ilr,PIK3CA,active,active,A,1,977,67,True,False,True,True,True
test,6joi,PDGFRA,inactive,dfg_in_alphac_out,A,1,296,109,True,True,True,True,True
test,8dd4,PIK3CA,active,active,A,1,981,60,True,False,True,True,True
test,8sbj,PIK3CA,active,active,A,1,986,67,True,False,True,True,True
test,8ils,PIK3CA,active,active,A,1,977,67,True,False,True,True,True
test,5swg,PIK3CA,active,active,A,1,1041,38,True,False,True,True,True
test,8tdu,PIK3CA,active,active,A,1,1021,39,True,False,True,True,True
test,8tu6,PIK3CA,active,active,A,1,981,51,True,False,True,True,True
test,6oac,PIK3CA,active,active,A,1,847,93,True,False,True,True,True
test,8ilv,PIK3CA,inactive,dfg_out_alphac_in,A,1,971,73,True,False,True,True,True
test,8v8i,PIK3CA,active,active,A,1,990,68,True,False,True,True,True
test,5sxb,PIK3CA,active,active,A,1,1056,27,True,False,True,True,True
test,5sw8,PIK3CA,active,active,A,1,1030,50,True,False,True,True,True
test,3hiz,PIK3CA,active,active,A,1,1024,66,True,False,True,True,True
test,5swr,PIK3CA,active,active,A,1,1051,28,True,False,True,True,True
test,6nct,PIK3CA,inactive,dfg_out_alphac_in,A,1,1039,45,True,False,True,True,True
test,8v8j,PIK3CA,active,active,A,1,1017,46,True,False,True,True,True
test,5sxa,PIK3CA,active,active,A,1,1049,36,True,False,True,True,True
test,8dd8,PIK3CA,active,active,A,1,1011,35,True,False,True,True,True
test,5sxi,PIK3CA,active,active,A,1,1040,43,True,False,True,True,True
test,5swp,PIK3CA,active,active,A,1,1058,23,True,False,True,True,True
test,5sxj,PIK3CA,active,active,A,1,1039,39,True,False,True,True,True
test,5sxf,PIK3CA,active,active,A,1,1023,55,True,False,True,True,True
test,5sx8,PIK3CA,active,active,A,1,1052,29,True,False,True,True,True
test,5swt,PIK3CA,active,active,A,1,1057,25,True,False,True,True,True
test,5sxd,PIK3CA,active,active,A,1,1049,32,True,False,True,True,True
test,4ovv,PIK3CA,active,active,A,1,1042,40,True,False,True,True,True
test,5swo,PIK3CA,active,active,A,1,1050,29,True,False,True,True,True
test,5sxe,PIK3CA,inactive,dfg_out_alphac_in,A,1,1046,35,True,False,True,True,True
test,5sx9,PIK3CA,active,active,A,1,1044,36,True,False,True,True,True
test,8tsb,PIK3CA,active,active,A,1,999,44,True,False,True,True,True
test,5sxc,PIK3CA,active,active,A,1,1038,41,True,False,True,True,True
test,5sxk,PIK3CA,active,active,A,1,1053,26,True,False,True,True,True
test,8v8h,PIK3CA,active,active,A,1,1020,43,True,False,True,True,True
test,8tsc,PIK3CA,active,active,A,1,1008,38,True,False,True,True,True
test,6jok,PDGFRA,inactive,dfg_out_alphac_in,A,1,338,80,True,True,True,True,True
