pdb_id,kinase,state,split,valid,reason,residues,dfg_found,hrd_found,vaik_lys_found,alphac_glu_found
1agw,FGFR1,active,train,True,,272,True,True,True,True
1bi7,CDK6,inactive,train,True,,269,True,True,True,True
1bi8,CDK6,inactive,train,True,,264,True,True,True,True
1blx,CDK6,inactive,train,True,,305,True,True,True,True
1fgi,FGFR1,active,train,True,,272,True,True,True,True
1fgk,FGFR1,active,train,True,,278,True,True,True,True
1g3n,CDK6,inactive,train,True,,293,True,True,True,True
1jow,CDK6,active,train,True,,277,True,True,True,True
1m14,EGFR,active,train,True,,307,True,True,True,True
1m17,EGFR,active,train,True,,312,True,True,True,True
1opl,ABL1,inactive,train,True,,365,True,False,True,True
1pkg,KIT,active,val,True,,277,True,True,True,True
1r0p,MET,inactive,val,True,,301,True,True,True,True
1r1w,MET,inactive,val,True,,287,True,True,True,True
1t45,KIT,inactive,val,True,,331,True,True,True,True
1t46,KIT,inactive,val,True,,297,True,True,True,True
1uwh,BRAF,inactive,train,True,,264,True,True,True,True
1uwj,BRAF,inactive,train,True,,263,True,True,True,True
1xkk,EGFR,inactive,train,True,,289,True,True,True,True
1xo2,CDK6,active,train,True,,289,True,True,True,True
2e2b,ABL1,inactive,train,True,,270,True,True,True,True
2eb2,EGFR,active,train,True,,305,True,True,True,True
2eb3,EGFR,active,train,True,,294,True,True,True,True
2euf,CDK6,active,train,True,,282,True,True,True,True
2f2c,CDK6,active,train,True,,280,True,True,True,True
2f4j,ABL1,active,train,True,,287,True,True,True,True
2fb8,BRAF,active,train,True,,259,True,True,True,True
2fgi,FGFR1,active,train,True,,274,True,True,True,True
2fo0,ABL1,inactive,train,True,,465,True,False,True,True
2g15,MET,inactive,val,True,,301,True,True,True,True
2g1t,ABL1,inactive,train,True,,277,True,True,True,True
2g2f,ABL1,inactive,train,True,,275,True,True,True,True
2g2h,ABL1,inactive,train,True,,272,True,True,True,True
2g2i,ABL1,active,train,True,,271,True,True,True,True
2gqg,ABL1,active,train,True,,276,True,True,True,True
2gs2,EGFR,active,train,True,,305,True,True,True,True
2gs6,EGFR,active,train,True,,311,True,True,True,True
2gs7,EGFR,inactive,train,True,,281,True,True,True,True
2hiw,ABL1,inactive,train,True,,274,True,True,True,True
2hyy,ABL1,inactive,train,True,,265,True,True,True,True
2hz0,ABL1,inactive,train,True,,243,True,True,True,True
2hz4,ABL1,active,train,True,,262,True,True,True,True
2hzi,ABL1,inactive,train,True,,264,True,True,True,True
2itn,EGFR,active,train,True,,304,True,True,True,True
2ito,EGFR,active,train,True,,303,True,True,True,True
2itp,EGFR,active,train,True,,305,True,True,True,True
2itq,EGFR,active,train,True,,300,True,True,True,True
2itt,EGFR,active,train,True,,302,True,True,True,True
2itu,EGFR,active,train,True,,304,True,True,True,True
2itv,EGFR,active,train,True,,303,True,True,True,True
2itw,EGFR,active,train,True,,300,True,True,True,True
2itx,EGFR,active,train,True,,307,True,True,True,True
2ity,EGFR,active,train,True,,300,True,True,True,True
2itz,EGFR,active,train,True,,302,True,True,True,True
2j5e,EGFR,active,train,True,,309,True,True,True,True
2j5f,EGFR,active,train,True,,308,True,True,True,True
2j6m,EGFR,active,train,True,,306,True,True,True,True
2jiv,EGFR,inactive,train,True,,270,True,True,True,True
2rd0,PIK3CA,active,test,True,,997,True,False,True,True
2rf9,EGFR,inactive,train,True,,280,True,True,True,True
2rfd,EGFR,inactive,train,True,,286,True,True,True,True
2rfe,EGFR,inactive,train,True,,262,True,True,True,True
2rfn,MET,inactive,val,True,,268,False,True,True,True
2rfs,MET,inactive,val,True,,264,True,True,True,True
2rgp,EGFR,inactive,train,True,,284,True,True,True,True
2v7a,ABL1,active,train,True,,269,True,True,True,True
2w96,CDK4,inactive,train,True,,267,True,True,True,True
2w99,CDK4,inactive,train,True,,291,True,True,True,True
2w9f,CDK4,inactive,train,True,,261,True,True,True,True
2w9z,CDK4,inactive,train,True,,287,True,True,True,True
2wd1,MET,inactive,val,True,,289,True,True,True,True
2wgj,MET,inactive,val,True,,289,True,True,True,True
2wkm,MET,inactive,val,True,,286,True,True,True,True
2xb7,ALK,active,train,True,,286,True,True,True,True
2xba,ALK,active,train,True,,283,True,True,True,True
2xp2,ALK,active,train,True,,285,True,True,True,True
2yfx,ALK,active,train,True,,292,True,True,True,True
2yhv,ALK,active,train,True,,291,True,True,True,True
2yjr,ALK,active,train,True,,278,True,True,True,True
2yjs,ALK,active,train,True,,286,True,True,True,True
3a4p,MET,inactive,val,True,,285,True,True,True,True
3aox,ALK,active,train,True,,298,True,True,True,True
3bel,EGFR,inactive,train,True,,280,True,True,True,True
3c1x,MET,inactive,val,True,,290,False,True,True,True
3c4c,BRAF,inactive,train,True,,258,True,True,True,True
3c4f,FGFR1,active,train,True,,290,True,True,True,True
3ccn,MET,inactive,val,True,,275,True,True,True,True
3cd8,MET,inactive,val,True,,278,True,True,True,True
3ce3,MET,inactive,val,True,,293,True,True,True,True
3cqu,AKT1,active,train,True,,318,True,False,True,True
3cqw,AKT1,active,train,True,,318,True,False,True,True
3cs9,ABL1,inactive,train,True,,247,True,True,True,True
3cth,MET,inactive,val,True,,295,True,True,True,True
3ctj,MET,inactive,val,True,,289,False,True,True,True
3d4q,BRAF,active,train,True,,264,True,True,True,True
3dkc,MET,inactive,val,True,,312,True,True,True,True
3dkf,MET,inactive,val,True,,294,True,True,True,True
3dkg,MET,inactive,val,True,,281,True,True,True,True
3efj,MET,inactive,val,True,,276,False,True,True,True
3efk,MET,active,val,True,,276,False,True,True,True
3f66,MET,inactive,val,True,,269,True,True,True,True
3f82,MET,inactive,val,True,,278,True,True,True,True
3g0e,KIT,inactive,val,True,,332,True,True,True,True
3g0f,KIT,inactive,val,True,,291,True,True,True,True
3g33,CDK4,inactive,train,True,,291,True,True,True,True
3gop,EGFR,inactive,train,True,,300,True,True,True,True
3gqi,FGFR1,active,train,True,,304,True,True,True,True
3gql,FGFR1,active,train,True,,275,True,True,True,True
3gt8,EGFR,inactive,train,True,,296,True,True,True,True
3hhm,PIK3CA,active,test,True,,1032,True,False,True,True
3hiz,PIK3CA,active,test,True,,1024,True,False,True,True
3i5n,MET,inactive,val,True,,280,True,True,True,True
3idp,BRAF,inactive,train,True,,256,True,True,True,True
3ii5,BRAF,inactive,train,True,,257,True,True,True,True
3js2,FGFR1,active,train,True,,295,True,True,True,True
3kxx,FGFR1,active,train,True,,286,True,True,True,True
3ky2,FGFR1,active,train,True,,280,True,True,True,True
3l8v,MET,inactive,val,True,,293,True,True,True,True
3l9p,ALK,active,train,True,,303,True,True,True,True
3lcs,ALK,active,train,True,,304,True,True,True,True
3lct,ALK,active,train,True,,308,True,True,True,True
3lq8,MET,inactive,val,True,,278,True,True,True,True
3lzb,EGFR,inactive,train,True,,261,True,True,True,True
3mv5,AKT1,active,train,True,,315,True,False,True,True
3mvh,AKT1,active,train,True,,311,True,False,True,True
3nup,CDK6,inactive,train,True,,252,True,True,True,True
3nux,CDK6,inactive,train,True,,261,True,True,True,True
3o96,AKT1,inactive,train,True,,367,True,False,True,True
3ocb,AKT1,active,train,True,,319,True,False,True,True
3ow4,AKT1,active,train,True,,317,True,False,True,True
3poz,EGFR,inactive,train,True,,293,True,True,True,True
3pp0,ERBB2,active,train,True,,286,True,True,True,True
3ppj,BRAF,active,train,True,,262,True,True,True,True
3ppk,BRAF,active,train,True,,264,True,True,True,True
3prf,BRAF,active,train,True,,262,True,True,True,True
3pri,BRAF,active,train,True,,264,True,True,True,True
3psb,BRAF,active,train,True,,264,True,True,True,True
3psd,BRAF,active,train,True,,262,True,True,True,True
3pyy,ABL1,inactive,train,True,,257,True,True,True,True
3q4c,BRAF,active,train,True,,264,True,True,True,True
3q6u,MET,active,val,True,,287,True,True,True,True
3q6w,MET,active,val,True,,297,True,True,True,True
3q96,BRAF,inactive,train,True,,262,True,True,True,True
3qkk,AKT1,active,train,True,,326,True,False,True,True
3qkl,AKT1,active,train,True,,317,True,False,True,True
3qkm,AKT1,active,train,True,,329,True,False,True,True
3qri,ABL1,inactive,train,True,,262,True,True,True,True
3qrj,ABL1,inactive,train,True,,258,True,True,True,True
3qrk,ABL1,inactive,train,True,,270,True,True,True,True
3qti,MET,inactive,val,True,,292,True,True,True,True
3r7o,MET,active,val,True,,299,True,True,True,True
3rhk,MET,inactive,val,True,,298,True,True,True,True
3rhx,FGFR1,active,train,True,,275,True,True,True,True
3skc,BRAF,inactive,train,True,,276,True,True,True,True
3tt0,FGFR1,active,train,True,,272,True,True,True,True
3tv4,BRAF,inactive,train,True,,276,True,True,True,True
3tv6,BRAF,inactive,train,True,,276,True,True,True,True
3u6h,MET,inactive,val,True,,280,True,True,True,True
3u6i,MET,inactive,val,True,,281,True,True,True,True
3ue4,ABL1,inactive,train,True,,268,True,True,True,True
3ug1,EGFR,active,train,True,,296,True,True,True,True
3ug2,EGFR,active,train,True,,299,True,True,True,True
3vjn,EGFR,active,train,True,,297,True,True,True,True
3vjo,EGFR,active,train,True,,298,True,True,True,True
3vw8,MET,inactive,val,True,,303,True,True,True,True
3w2o,EGFR,active,train,True,,305,True,True,True,True
3w2p,EGFR,active,train,True,,308,True,True,True,True
3w2q,EGFR,active,train,True,,307,True,True,True,True
3w2r,EGFR,inactive,train,True,,297,True,True,True,True
3w2s,EGFR,inactive,train,True,,307,True,True,True,True
3w32,EGFR,inactive,train,True,,317,True,True,True,True
3w33,EGFR,inactive,train,True,,297,True,True,True,True
3wj6,FGFR1,active,train,True,,277,True,True,True,True
3zbx,MET,inactive,val,True,,282,True,True,True,True
3zc5,MET,inactive,val,True,,289,True,True,True,True
3zcl,MET,inactive,val,True,,289,True,True,True,True
3zim,PIK3CA,active,test,True,,886,True,False,True,True
3zxz,MET,inactive,val,True,,289,True,True,True,True
3zze,MET,inactive,val,True,,286,True,True,True,True
4anl,ALK,active,train,True,,292,True,True,True,True
4anq,ALK,active,train,True,,293,True,True,True,True
4ans,ALK,active,train,True,,293,True,True,True,True
4aoi,MET,inactive,val,True,,289,True,True,True,True
4ap7,MET,inactive,val,True,,289,True,True,True,True
4aua,CDK6,inactive,train,True,,256,True,True,True,True
4ccb,ALK,active,train,True,,287,True,True,True,True
4ccu,ALK,active,train,True,,292,True,True,True,True
4cd0,ALK,active,train,True,,295,True,True,True,True
4cli,ALK,active,train,True,,294,True,True,True,True
4clj,ALK,active,train,True,,295,True,True,True,True
4cmo,ALK,active,train,True,,295,True,True,True,True
4cmt,ALK,active,train,True,,284,True,True,True,True
4cmu,ALK,active,train,True,,294,True,True,True,True
4cnh,ALK,active,train,True,,285,True,True,True,True
4cqe,BRAF,inactive,train,True,,248,True,True,True,True
4ctb,ALK,active,train,True,,292,True,True,True,True
4ctc,ALK,active,train,True,,288,True,True,True,True
4dbn,BRAF,inactive,train,True,,263,True,True,True,True
4dce,ALK,active,train,True,,288,True,True,True,True
4deg,MET,inactive,val,True,,286,True,True,True,True
4deh,MET,inactive,val,True,,286,True,True,True,True
4dei,MET,inactive,val,True,,287,True,True,True,True
4e26,BRAF,active,train,True,,270,True,True,True,True
4e4x,BRAF,inactive,train,True,,274,True,True,True,True
4eev,MET,inactive,val,True,,283,True,True,True,True
4ehe,BRAF,inactive,train,True,,266,True,True,True,True
4ehg,BRAF,inactive,train,True,,260,True,True,True,True
4ejn,AKT1,inactive,train,True,,376,True,False,True,True
4ekk,AKT1,active,train,True,,318,True,False,True,True
4ekl,AKT1,active,train,True,,329,True,False,True,True
4ez5,CDK6,inactive,train,True,,258,True,True,True,True
4f63,FGFR1,active,train,True,,271,True,True,True,True
4f64,FGFR1,active,train,True,,278,True,True,True,True
4f65,FGFR1,active,train,True,,279,False,True,True,True
4fc0,BRAF,inactive,train,True,,254,True,True,True,True
4fnw,ALK,active,train,True,,304,True,True,True,True
4fnx,ALK,active,train,True,,292,True,True,True,True
4fny,ALK,inactive,train,True,,273,False,True,True,True
4fnz,ALK,active,train,True,,287,True,True,True,True
4fob,ALK,active,train,True,,295,True,True,True,True
4foc,ALK,active,train,True,,296,True,True,True,True
4fod,ALK,active,train,True,,308,True,True,True,True
4g5j,EGFR,active,train,True,,307,True,True,True,True
4g9c,BRAF,inactive,train,True,,264,True,True,True,True
4g9r,BRAF,inactive,train,True,,262,True,True,True,True
4gg5,MET,inactive,val,True,,274,True,True,True,True
4gg7,MET,inactive,val,True,,278,True,True,True,True
4gv1,AKT1,active,train,True,,329,True,False,True,True
4hjo,EGFR,inactive,train,True,,278,True,True,True,True
4hvs,KIT,inactive,val,True,,326,True,True,True,True
4i1z,EGFR,inactive,train,True,,287,True,True,True,True
4i20,EGFR,inactive,train,True,,287,True,True,True,True
4i21,EGFR,inactive,train,True,,302,True,True,True,True
4i22,EGFR,inactive,train,True,,297,True,True,True,True
4i23,EGFR,active,train,True,,304,True,True,True,True
4i24,EGFR,inactive,train,True,,304,True,True,True,True
4iwd,MET,active,val,True,,299,True,True,True,True
4joa,ALK,active,train,True,,250,True,True,True,True
4jps,PIK3CA,active,test,True,,999,True,False,True,True
4jq7,EGFR,active,train,True,,303,True,True,True,True
4jq8,EGFR,active,train,True,,303,True,True,True,True
4jr3,EGFR,active,train,True,,303,True,True,True,True
4jrv,EGFR,active,train,True,,300,True,True,True,True
4jvg,BRAF,inactive,train,True,,259,True,True,True,True
4knb,MET,inactive,val,True,,273,True,True,True,True
4ksp,BRAF,inactive,train,True,,256,True,True,True,True
4ksq,BRAF,inactive,train,True,,258,True,True,True,True
4l1b,PIK3CA,active,test,True,,994,True,False,True,True
4l23,PIK3CA,active,test,True,,1014,True,False,True,True
4l2y,PIK3CA,active,test,True,,991,True,False,True,True
4li5,EGFR,active,train,True,,306,True,True,True,True
4ll0,EGFR,active,train,True,,291,True,True,True,True
4lqm,EGFR,active,train,True,,305,True,True,True,True
4lrm,EGFR,active,train,True,,293,True,True,True,True
4mbj,BRAF,inactive,train,True,,269,True,True,True,True
4mkc,ALK,active,train,True,,303,True,True,True,True
4mne,BRAF,active,train,True,,258,True,True,True,True
4mnf,BRAF,active,train,True,,257,True,True,True,True
4mxc,MET,inactive,val,True,,290,True,True,True,True
4nk9,FGFR1,active,train,True,,282,True,True,True,True
4nka,FGFR1,active,train,True,,287,False,True,True,True
4nks,FGFR1,active,train,True,,271,True,True,True,True
4ovu,PIK3CA,active,test,True,,1044,True,False,True,True
4ovv,PIK3CA,active,test,True,,1042,True,False,True,True
4pp7,BRAF,inactive,train,True,,267,True,True,True,True
4r1v,MET,inactive,val,True,,289,True,True,True,True
4r1y,MET,inactive,val,True,,265,True,True,True,True
4r3p,EGFR,active,train,True,,310,True,True,True,True
4r3r,EGFR,active,train,True,,309,True,True,True,True
4r5s,EGFR,active,train,True,,299,True,True,True,True
4r5y,BRAF,inactive,train,True,,253,True,True,True,True
4riw,EGFR,active,train,True,,293,True,True,True,True
4rix,EGFR,active,train,True,,297,True,True,True,True
4riy,EGFR,active,train,True,,297,True,True,True,True
4rj4,EGFR,active,train,True,,299,True,True,True,True
4rj5,EGFR,active,train,True,,296,True,True,True,True
4rj6,EGFR,active,train,True,,297,True,True,True,True
4rj7,EGFR,active,train,True,,295,True,True,True,True
4rj8,EGFR,active,train,True,,298,True,True,True,True
4rwi,FGFR1,active,train,True,,280,True,True,True,True
4rwj,FGFR1,active,train,True,,307,True,True,True,True
4rwk,FGFR1,active,train,True,,282,True,True,True,True
4rwl,FGFR1,active,train,True,,282,True,True,True,True
4rzv,BRAF,inactive,train,True,,261,True,True,True,True
4rzw,BRAF,inactive,train,True,,252,True,True,True,True
4tks,EGFR,active,train,True,,307,True,True,True,True
4tt7,ALK,active,train,True,,291,True,True,True,True
4tth,CDK6,active,train,True,,256,True,True,True,True
4tuu,PIK3CA,active,test,True,,879,True,False,True,True
4tv3,PIK3CA,active,test,True,,879,True,False,True,True
4twp,ABL1,active,train,True,,266,True,True,True,True
4u0i,KIT,inactive,val,True,,297,True,True,True,True
4uwb,FGFR1,active,train,True,,299,True,True,True,True
4uwc,FGFR1,active,train,True,,301,True,True,True,True
4uwy,FGFR1,active,train,True,,273,True,True,True,True
4v01,FGFR1,inactive,train,True,,275,False,True,True,True
4v05,FGFR1,active,train,True,,287,True,True,True,True
4wa9,ABL1,inactive,train,True,,276,True,True,True,True
4waf,PIK3CA,active,test,True,,1017,True,False,True,True
4wkq,EGFR,active,train,True,,296,True,True,True,True
4wo5,BRAF,inactive,train,True,,257,True,True,True,True
4wrg,EGFR,active,train,True,,289,True,True,True,True
4wun,FGFR1,active,train,True,,282,True,True,True,True
4xey,ABL1,inactive,train,True,,359,True,True,True,True
4xmo,MET,inactive,val,True,,289,True,True,True,True
4xv2,BRAF,inactive,train,True,,249,True,True,True,True
4xv9,BRAF,inactive,train,True,,261,True,True,True,True
4xyf,MET,inactive,val,True,,290,True,True,True,True
4yc8,ABL1,inactive,train,True,,264,True,True,True,True
4yht,BRAF,active,train,True,,258,True,True,True,True
4ykn,PIK3CA,active,test,True,,1205,True,False,True,True
4z55,ALK,active,train,True,,294,True,True,True,True
4zau,EGFR,active,train,True,,283,True,True,True,True
4zjv,EGFR,inactive,train,True,,282,True,True,True,True
4zog,ABL1,inactive,train,True,,268,True,True,True,True
4zop,PIK3CA,active,test,True,,1000,True,False,True,True
4zsa,FGFR1,active,train,True,,282,True,True,True,True
4zse,EGFR,inactive,train,True,,297,True,True,True,True
5a46,FGFR1,active,train,True,,297,True,True,True,True
5a4c,FGFR1,active,train,True,,286,True,True,True,True
5a9u,ALK,active,train,True,,292,True,True,True,True
5aa8,ALK,active,train,True,,292,True,True,True,True
5aa9,ALK,active,train,True,,295,True,True,True,True
5aaa,ALK,active,train,True,,294,True,True,True,True
5aab,ALK,active,train,True,,293,True,True,True,True
5aac,ALK,active,train,True,,292,True,True,True,True
5am6,FGFR1,active,train,True,,280,True,True,True,True
5am7,FGFR1,active,train,True,,287,True,True,True,True
5b7v,FGFR1,active,train,True,,282,True,True,True,True
5c8k,EGFR,active,train,True,,300,True,True,True,True
5c8m,EGFR,active,train,True,,302,True,True,True,True
5c8n,EGFR,active,train,True,,300,True,True,True,True
5c9c,BRAF,inactive,train,True,,251,True,True,True,True
5cal,EGFR,active,train,True,,300,True,True,True,True
5can,EGFR,active,train,True,,301,True,True,True,True
5cao,EGFR,active,train,True,,300,True,True,True,True
5cap,EGFR,active,train,True,,303,True,True,True,True
5caq,EGFR,active,train,True,,301,True,True,True,True
5cas,EGFR,active,train,True,,299,True,True,True,True
5cau,EGFR,active,train,True,,297,True,True,True,True
5cav,EGFR,active,train,True,,306,True,True,True,True
5cnn,EGFR,inactive,train,True,,300,True,True,True,True
5cno,EGFR,inactive,train,True,,300,True,True,True,True
5csw,BRAF,inactive,train,True,,254,True,True,True,True
5csx,BRAF,inactive,train,True,,261,True,True,True,True
5ct7,BRAF,inactive,train,True,,254,True,True,True,True
5czh,EGFR,active,train,True,,311,True,True,True,True
5czi,EGFR,active,train,True,,310,True,True,True,True
5d41,EGFR,inactive,train,True,,300,True,True,True,True
5dg5,MET,inactive,val,True,,297,True,True,True,True
5dxh,PIK3CA,active,test,True,,981,True,False,True,True
5dxt,PIK3CA,active,test,True,,879,True,False,True,True
5edp,EGFR,active,train,True,,295,True,True,True,True
5edq,EGFR,active,train,True,,298,True,True,True,True
5edr,EGFR,active,train,True,,299,True,True,True,True
5em5,EGFR,active,train,True,,298,True,True,True,True
5em6,EGFR,active,train,True,,301,True,True,True,True
5em7,EGFR,active,train,True,,300,True,True,True,True
5em8,EGFR,active,train,True,,303,True,True,True,True
5eob,MET,inactive,val,True,,288,True,True,True,True
5ew8,FGFR1,active,train,True,,290,True,True,True,True
5eyc,MET,inactive,val,True,,288,True,True,True,True
5eyd,MET,inactive,val,True,,289,True,True,True,True
5fd2,BRAF,inactive,train,True,,264,True,True,True,True
5fed,EGFR,active,train,True,,288,True,True,True,True
5fee,EGFR,active,train,True,,287,True,True,True,True
5feq,EGFR,active,train,True,,290,True,True,True,True
5fi4,PIK3CA,active,test,True,,1009,True,False,True,True
5flf,FGFR1,active,train,True,,292,True,True,True,True
5fto,ALK,active,train,True,,298,True,True,True,True
5ftq,ALK,active,train,True,,293,True,True,True,True
5fwk,CDK4,active,train,True,,209,True,True,False,False
5fwl,CDK4,inactive,train,True,,291,True,True,True,True
5fwm,CDK4,inactive,train,True,,291,True,True,True,True
5fwp,CDK4,active,train,True,,209,True,True,False,False
5gmp,EGFR,active,train,True,,305,True,True,True,True
5gnk,EGFR,active,train,True,,277,True,True,True,True
5grn,PDGFRA,inactive,test,True,,285,True,True,True,True
5gty,EGFR,inactive,train,True,,297,True,True,True,True
5gtz,EGFR,active,train,True,,317,True,True,True,True
5hcx,EGFR,active,train,True,,298,True,True,True,True
5hcy,EGFR,active,train,True,,302,True,True,True,True
5hcz,EGFR,active,train,True,,300,True,True,True,True
5hg5,EGFR,inactive,train,True,,302,True,True,True,True
5hg7,EGFR,inactive,train,True,,280,True,True,True,True
5hg8,EGFR,inactive,train,True,,300,True,True,True,True
5hg9,EGFR,inactive,train,True,,280,True,True,True,True
5hi2,BRAF,inactive,train,True,,247,True,True,True,True
5hib,EGFR,active,train,True,,314,True,True,True,True
5hic,EGFR,active,train,True,,302,True,True,True,True
5hid,BRAF,inactive,train,True,,257,True,True,True,True
5hie,BRAF,inactive,train,True,,253,True,True,True,True
5hlw,MET,inactive,val,True,,284,True,True,True,True
5hni,MET,inactive,val,True,,245,True,True,True,True
5ho6,MET,inactive,val,True,,240,True,True,True,True
5hoa,MET,inactive,val,True,,225,True,True,True,True
5hor,MET,inactive,val,True,,247,True,True,True,True
5hti,MET,inactive,val,True,,290,True,True,True,True
5hu9,ABL1,inactive,train,True,,267,True,True,True,True
5imx,ALK,active,train,True,,266,True,True,True,True
5ita,BRAF,inactive,train,True,,252,False,True,True,True
5itd,PIK3CA,active,test,True,,995,True,False,True,True
5iug,ALK,inactive,train,True,,285,True,True,True,True
5iuh,ALK,inactive,train,True,,285,True,True,True,True
5iui,ALK,active,train,True,,303,True,True,True,True
5j7h,ALK,active,train,True,,291,True,True,True,True
5j9y,EGFR,active,train,True,,300,True,True,True,True
5j9z,EGFR,active,train,True,,291,True,True,True,True
5jeb,EGFR,active,train,True,,299,True,True,True,True
5jrq,BRAF,inactive,train,True,,258,True,True,True,True
5jsm,BRAF,inactive,train,True,,265,True,True,True,True
5jt2,BRAF,inactive,train,True,,234,True,True,True,True
5k5x,PDGFRA,inactive,test,True,,345,True,True,True,True
5kcv,AKT1,inactive,train,True,,353,True,False,True,True
5kz0,ALK,active,train,True,,293,True,True,True,True
5l2i,CDK6,inactive,train,True,,260,True,True,True,True
5l2s,CDK6,inactive,train,True,,263,True,True,True,True
5l2t,CDK6,inactive,train,True,,261,True,True,True,True
5mo4,ABL1,inactive,train,True,,429,False,False,True,True
5o49,FGFR1,active,train,True,,286,True,True,True,True
5o4a,FGFR1,active,train,True,,291,True,True,True,True
5sw8,PIK3CA,active,test,True,,1030,True,False,True,True
5swg,PIK3CA,active,test,True,,1041,True,False,True,True
5swo,PIK3CA,active,test,True,,1050,True,False,True,True
5swp,PIK3CA,active,test,True,,1058,True,False,True,True
5swr,PIK3CA,active,test,True,,1051,True,False,True,True
5swt,PIK3CA,active,test,True,,1057,True,False,True,True
5sx8,PIK3CA,active,test,True,,1052,True,False,True,True
5sx9,PIK3CA,active,test,True,,1044,True,False,True,True
5sxa,PIK3CA,active,test,True,,1049,True,False,True,True
5sxb,PIK3CA,active,test,True,,1056,True,False,True,True
5sxc,PIK3CA,active,test,True,,1038,True,False,True,True
5sxd,PIK3CA,active,test,True,,1049,True,False,True,True
5sxe,PIK3CA,inactive,test,True,,1046,True,False,True,True
5sxf,PIK3CA,active,test,True,,1023,True,False,True,True
5sxi,PIK3CA,active,test,True,,1040,True,False,True,True
5sxj,PIK3CA,active,test,True,,1039,True,False,True,True
5sxk,PIK3CA,active,test,True,,1053,True,False,True,True
5t3q,MET,inactive,val,True,,278,False,True,True,True
5u8l,EGFR,inactive,train,True,,289,True,True,True,True
5uab,MET,inactive,val,True,,288,True,True,True,True
5uad,MET,inactive,val,True,,291,True,True,True,True
5uaf,MET,inactive,val,True,,291,True,True,True,True
5ubr,PIK3CA,active,test,True,,887,True,False,True,True
5ug8,EGFR,inactive,train,True,,280,True,True,True,True
5ug9,EGFR,inactive,train,True,,280,True,True,True,True
5uga,EGFR,inactive,train,True,,283,True,True,True,True
5ugb,EGFR,active,train,True,,307,True,True,True,True
5ugc,EGFR,inactive,train,True,,280,True,True,True,True
5uk8,PIK3CA,active,test,True,,1008,True,False,True,True
5ukj,PIK3CA,active,test,True,,1009,True,False,True,True
5ul1,PIK3CA,active,test,True,,1000,True,False,True,True
5uq0,FGFR1,active,train,True,,256,True,True,True,True
5ur1,FGFR1,active,train,True,,278,True,True,True,True
5uwd,EGFR,inactive,train,True,,271,True,True,True,True
5val,BRAF,inactive,train,True,,254,True,True,True,True
5vam,BRAF,inactive,train,True,,269,True,True,True,True
5vnd,FGFR1,active,train,True,,302,True,True,True,True
5x26,EGFR,active,train,True,,302,True,True,True,True
5x27,EGFR,active,train,True,,302,True,True,True,True
5x28,EGFR,active,train,True,,310,True,True,True,True
5x2a,EGFR,inactive,train,True,,322,True,True,True,True
5x2c,EGFR,inactive,train,True,,304,True,True,True,True
5x2f,EGFR,inactive,train,True,,312,True,True,True,True
5x2k,EGFR,active,train,True,,314,True,True,True,True
5xdk,EGFR,active,train,True,,307,True,True,True,True
5xdl,EGFR,active,train,True,,292,True,True,True,True
5xgh,PIK3CA,active,test,True,,993,True,False,True,True
5xgi,PIK3CA,active,test,True,,1013,True,False,True,True
5xgj,PIK3CA,active,test,True,,980,True,False,True,True
5xgm,EGFR,active,train,True,,288,True,True,True,True
5y25,EGFR,active,train,True,,292,True,True,True,True
5y9t,EGFR,active,train,True,,300,True,True,True,True
5ya5,MET,inactive,val,True,,273,True,True,True,True
5yu9,EGFR,inactive,train,True,,300,True,True,True,True
5z0s,FGFR1,active,train,True,,285,True,True,True,True
5zto,EGFR,active,train,True,,294,True,True,True,True
5zv2,FGFR1,active,train,True,,284,True,True,True,True
5zwj,EGFR,inactive,train,True,,267,True,True,True,True
6a32,PDGFRA,inactive,test,True,,336,True,True,True,True
6b8u,BRAF,inactive,train,True,,253,True,True,True,True
6bl8,ABL1,inactive,train,True,,268,True,True,True,True
6buu,AKT1,active,train,True,,320,True,False,True,True
6c0i,AKT1,active,train,True,,316,True,False,True,True
6c18,FGFR1,active,train,True,,255,False,True,True,True
6c19,FGFR1,active,train,True,,276,True,True,True,True
6c1b,FGFR1,active,train,True,,265,True,True,True,True
6c1c,FGFR1,active,train,True,,276,True,True,True,True
6c1o,FGFR1,active,train,True,,280,True,True,True,True
6cad,BRAF,inactive,train,True,,248,False,True,True,True
6ccy,AKT1,active,train,True,,325,True,False,True,True
6cdt,ALK,active,train,True,,292,True,True,True,True
6d8e,EGFR,active,train,True,,304,True,True,True,True
6duk,EGFR,inactive,train,True,,296,True,True,True,True
6e0r,ALK,active,train,True,,279,True,True,True,True
6ebw,ALK,active,train,True,,277,True,True,True,True
6edl,ALK,active,train,True,,282,False,True,True,True
6gqj,KIT,inactive,val,True,,298,True,True,True,True
6gqk,KIT,inactive,val,True,,293,True,True,True,True
6gql,KIT,inactive,val,True,,298,True,True,True,True
6gqm,KIT,inactive,val,True,,288,True,True,True,True
6gvf,PIK3CA,active,test,True,,910,True,False,True,True
6gvg,PIK3CA,active,test,True,,910,True,False,True,True
6gvh,PIK3CA,active,test,True,,913,True,False,True,True
6gvi,PIK3CA,active,test,True,,910,True,False,True,True
6hh1,KIT,inactive,val,True,,303,True,True,True,True
6hhf,AKT1,inactive,train,True,,366,True,False,True,True
6hhg,AKT1,inactive,train,True,,386,True,False,True,True
6hhh,AKT1,inactive,train,True,,379,True,False,True,True
6hhi,AKT1,inactive,train,True,,389,True,False,True,True
6hhj,AKT1,inactive,train,True,,410,True,False,True,True
6itj,FGFR1,active,train,True,,293,True,True,True,True
6itt,KIT,inactive,val,True,,297,True,True,True,True
6itv,KIT,inactive,val,True,,297,True,True,True,True
6joi,PDGFRA,inactive,test,True,,296,True,True,True,True
6joj,PDGFRA,inactive,test,True,,338,True,True,True,True
6jok,PDGFRA,inactive,test,True,,338,True,True,True,True
6jol,PDGFRA,inactive,test,True,,279,True,True,True,True
6jrj,EGFR,active,train,True,,288,True,True,True,True
6jrk,EGFR,active,train,True,,283,True,True,True,True
6jrx,EGFR,active,train,True,,300,True,True,True,True
6jwl,EGFR,active,train,True,,319,True,True,True,True
6jx0,EGFR,active,train,True,,289,True,True,True,True
6jx4,EGFR,active,train,True,,315,True,True,True,True
6jxt,EGFR,inactive,train,True,,283,True,True,True,True
6jz0,EGFR,active,train,True,,311,True,True,True,True
6kla,KIT,inactive,val,True,,309,True,True,True,True
6lub,EGFR,active,train,True,,301,True,True,True,True
6lud,EGFR,active,train,True,,310,True,True,True,True
6mob,KIT,inactive,val,True,,306,True,True,True,True
6mx8,ALK,active,train,True,,282,True,True,True,True
6mzq,FGFR1,active,train,True,,260,True,True,True,True
6mzw,FGFR1,active,train,True,,258,False,True,True,True
6n0p,BRAF,inactive,train,True,,268,True,True,True,True
6n0q,BRAF,inactive,train,True,,257,True,True,True,True
6nct,PIK3CA,inactive,test,True,,1039,True,False,True,True
6npe,ABL1,inactive,train,True,,256,True,True,True,True
6npu,ABL1,inactive,train,True,,257,True,True,True,True
6npv,ABL1,inactive,train,True,,264,True,True,True,True
6npz,AKT1,active,train,True,,320,True,False,True,True
6nsq,BRAF,inactive,train,True,,253,True,True,True,True
6nvl,FGFR1,active,train,True,,265,True,True,True,True
6nyb,BRAF,inactive,train,True,,348,True,True,True,True
6oac,PIK3CA,active,test,True,,847,True,False,True,True
6oql,CDK6,inactive,train,True,,263,True,True,True,True
6oqo,CDK6,inactive,train,True,,269,True,True,True,True
6p1d,EGFR,inactive,train,True,,300,True,True,True,True
6p1l,EGFR,inactive,train,True,,288,True,True,True,True
6p3d,BRAF,inactive,train,True,,264,True,True,True,True
6p68,FGFR1,active,train,True,,287,True,True,True,True
6p69,FGFR1,active,train,True,,286,True,True,True,True
6p7g,BRAF,inactive,train,True,,254,True,True,True,True
6p8e,CDK4,inactive,train,True,,260,True,True,True,False
6p8f,CDK4,inactive,train,True,,262,True,True,True,False
6p8g,CDK4,inactive,train,True,,259,True,True,True,False
6p8h,CDK4,inactive,train,True,,258,True,True,True,False
6p8q,EGFR,inactive,train,True,,309,True,True,True,True
6pp9,BRAF,inactive,train,True,,276,True,True,True,True
6pys,PIK3CA,active,test,True,,890,True,False,True,True
6q0j,BRAF,active,train,True,,280,True,True,True,True
6q0k,BRAF,active,train,True,,280,True,True,True,True
6q0t,BRAF,active,train,True,,279,True,True,True,True
6s89,EGFR,active,train,True,,310,True,True,True,True
6s8a,EGFR,active,train,True,,313,True,True,True,True
6s9b,EGFR,active,train,True,,291,True,True,True,True
6s9c,EGFR,active,train,True,,301,True,True,True,True
6s9d,EGFR,active,train,True,,300,True,True,True,True
6s9w,AKT1,inactive,train,True,,411,True,False,True,True
6s9x,AKT1,inactive,train,True,,382,True,False,True,True
6sd9,MET,inactive,val,True,,265,True,True,True,True
6sdc,MET,inactive,val,True,,286,True,True,True,True
6sdd,MET,inactive,val,True,,271,True,True,True,True
6sde,MET,inactive,val,True,,268,True,True,True,True
6tfu,EGFR,inactive,train,True,,260,True,True,True,True
6tfv,EGFR,inactive,train,True,,268,True,True,True,True
6tfw,EGFR,inactive,train,True,,266,True,True,True,True
6tfy,EGFR,inactive,train,True,,264,True,True,True,True
6tfz,EGFR,inactive,train,True,,264,True,True,True,True
6tg0,EGFR,inactive,train,True,,267,True,True,True,True
6tg1,EGFR,inactive,train,True,,268,True,True,True,True
6u2g,BRAF,inactive,train,True,,264,True,True,True,True
6u2h,BRAF,active,train,True,,282,True,True,True,True
6uan,BRAF,inactive,train,True,,284,True,True,True,True
6ubw,MET,inactive,val,True,,296,True,True,True,True
6uuo,BRAF,inactive,train,True,,254,False,True,True,True
6v2u,BRAF,inactive,train,True,,255,False,True,True,True
6v2v,BRAF,inactive,train,True,,276,True,True,True,True
6v2w,BRAF,inactive,train,True,,275,True,True,True,True
6v2x,BRAF,inactive,train,True,,274,True,True,True,True
6v2y,BRAF,inactive,train,True,,275,True,True,True,True
6v2z,BRAF,inactive,train,True,,274,True,True,True,True
6v30,BRAF,inactive,train,True,,274,True,True,True,True
6v31,BRAF,inactive,train,True,,273,True,True,True,True
6v32,BRAF,inactive,train,True,,274,True,True,True,True
6v34,BRAF,inactive,train,True,,247,True,True,True,True
6v5n,EGFR,inactive,train,True,,294,True,True,True,True
6v5p,EGFR,inactive,train,True,,308,True,True,True,True
6v66,EGFR,inactive,train,True,,314,True,True,True,True
6v6k,EGFR,inactive,train,True,,301,True,True,True,True
6v6o,EGFR,inactive,train,True,,297,True,True,True,True
6vh4,EGFR,active,train,True,,295,True,True,True,True
6vhn,EGFR,active,train,True,,286,True,True,True,True
6vhp,EGFR,active,train,True,,308,True,True,True,True
6wa2,EGFR,inactive,train,True,,314,True,True,True,True
6wak,EGFR,inactive,train,True,,297,True,True,True,True
6wxn,EGFR,inactive,train,True,,298,True,True,True,True
6xag,BRAF,active,train,True,,275,True,True,True,True
6xfp,BRAF,inactive,train,True,,272,True,True,True,True
6xl4,EGFR,inactive,train,True,,293,True,True,True,True
6xlo,BRAF,inactive,train,True,,258,True,True,True,True
6xr6,ABL1,active,train,True,,287,True,True,True,True
6xrg,ABL1,inactive,train,True,,287,True,True,True,True
6xv9,KIT,inactive,val,True,,292,True,True,True,True
6xva,KIT,inactive,val,True,,288,True,True,True,True
6xvb,KIT,inactive,val,True,,288,True,True,True,True
6z4b,EGFR,inactive,train,True,,271,True,True,True,True
6z4d,EGFR,inactive,train,True,,269,True,True,True,True
7a2a,EGFR,inactive,train,True,,266,True,True,True,True
7a6i,EGFR,active,train,True,,282,True,True,True,True
7a6j,EGFR,inactive,train,True,,270,True,True,True,True
7a6k,EGFR,inactive,train,True,,266,True,True,True,True
7aei,EGFR,active,train,True,,315,True,True,True,True
7aem,EGFR,active,train,True,,312,True,True,True,True
7apj,AKT1,inactive,train,True,,385,False,False,True,True
7b3q,MET,inactive,val,True,,283,True,True,True,True
7b3t,MET,inactive,val,True,,261,True,True,True,True
7b3v,MET,inactive,val,True,,274,True,True,True,True
7b3w,MET,active,val,True,,259,True,True,True,True
7b3z,MET,inactive,val,True,,277,True,True,True,True
7b40,MET,inactive,val,True,,279,True,True,True,True
7b41,MET,inactive,val,True,,281,True,True,True,True
7b42,MET,inactive,val,True,,279,True,True,True,True
7b43,MET,inactive,val,True,,277,True,True,True,True
7b44,MET,inactive,val,True,,282,True,True,True,True
7b85,EGFR,active,train,True,,312,True,True,True,True
7btt,ALK,active,train,True,,304,True,True,True,True
7cc2,ABL1,inactive,train,True,,263,True,True,True,True
7dt2,ABL1,inactive,train,True,,265,True,True,True,True
7er2,EGFR,active,train,True,,292,True,True,True,True
7jiu,PIK3CA,active,test,True,,900,True,False,True,True
7jxh,ERBB2,inactive,train,True,,272,True,True,True,True
7jxi,EGFR,inactive,train,True,,290,True,True,True,True
7jxk,EGFR,inactive,train,True,,293,True,True,True,True
7jxl,EGFR,inactive,train,True,,294,True,True,True,True
7jxm,EGFR,inactive,train,True,,287,True,True,True,True
7jxp,EGFR,inactive,train,True,,308,True,True,True,True
7jxq,EGFR,inactive,train,True,,296,True,True,True,True
7jxw,EGFR,inactive,train,True,,288,True,True,True,True
7jy4,ALK,active,train,True,,290,True,True,True,True
7jyr,ALK,active,train,True,,287,True,True,True,True
7jys,ALK,active,train,True,,281,True,True,True,True
7jyt,ALK,active,train,True,,281,True,True,True,True
7k0v,BRAF,inactive,train,True,,262,True,True,True,True
7k1h,EGFR,inactive,train,True,,291,True,True,True,True
7k1i,EGFR,inactive,train,True,,288,True,True,True,True
7k6m,PIK3CA,active,test,True,,878,True,False,True,True
7k6n,PIK3CA,active,test,True,,875,True,False,True,True
7k6o,PIK3CA,active,test,True,,852,True,False,True,True
7k71,PIK3CA,active,test,True,,843,True,False,True,True
7khg,KIT,inactive,val,True,,327,True,True,True,True
7khj,KIT,active,val,True,,288,True,True,True,True
7khk,KIT,active,val,True,,291,True,True,True,True
7kxz,EGFR,active,train,True,,299,True,True,True,True
7ky0,EGFR,inactive,train,True,,288,True,True,True,True
7lg8,EGFR,inactive,train,True,,280,True,True,True,True
7lgs,EGFR,active,train,True,,283,True,True,True,True
7ltx,EGFR,inactive,train,True,,292,True,True,True,True
7m0t,BRAF,inactive,train,True,,274,True,True,True,True
7m0u,BRAF,inactive,train,True,,274,True,True,True,True
7m0v,BRAF,inactive,train,True,,274,True,True,True,True
7m0w,BRAF,inactive,train,True,,274,True,True,True,True
7m0x,BRAF,inactive,train,True,,276,True,True,True,True
7m0y,BRAF,inactive,train,True,,275,True,True,True,True
7m0z,BRAF,inactive,train,True,,273,True,True,True,True
7mfd,BRAF,inactive,train,True,,408,True,True,True,True
7mfe,BRAF,inactive,train,True,,407,True,True,True,True
7mlk,PIK3CA,active,test,True,,888,True,False,True,True
7myo,PIK3CA,active,test,True,,286,False,True,True,True
7n9g,ABL1,inactive,train,True,,250,True,True,True,True
7nh4,AKT1,inactive,train,True,,383,True,False,True,True
7nh5,AKT1,inactive,train,True,,383,True,False,True,True
7oxb,EGFR,active,train,True,,305,True,True,True,True
7ozb,FGFR1,active,train,True,,288,True,True,True,True
7ozd,FGFR1,active,train,True,,282,True,True,True,True
7ozf,FGFR1,active,train,True,,288,True,True,True,True
7p3v,BRAF,inactive,train,True,,258,True,True,True,True
7pcd,ERBB2,active,train,True,,272,True,True,True,True
7pg5,PIK3CA,active,test,True,,1028,True,False,True,True
7pg6,PIK3CA,active,test,True,,1026,True,False,True,True
7r7k,ALK,active,train,True,,290,True,True,True,True
7r7r,ALK,active,train,True,,291,True,True,True,True
7r9v,PIK3CA,active,test,True,,855,True,False,True,True
7r9y,PIK3CA,active,test,True,,853,True,False,True,True
7shv,BRAF,active,train,True,,261,True,True,True,True
7si1,EGFR,active,train,True,,280,True,True,True,True
7sj3,CDK4,active,train,True,,273,True,True,True,True
7syd,EGFR,inactive,train,True,,614,False,False,False,False
7sye,EGFR,inactive,train,True,,614,False,False,False,False
7sz0,EGFR,inactive,train,True,,614,False,False,False,False
7sz1,EGFR,inactive,train,True,,614,False,False,False,False
7sz5,EGFR,inactive,train,True,,614,False,False,False,False
7sz7,EGFR,inactive,train,True,,614,False,False,False,False
7t4i,EGFR,active,train,True,,309,True,True,True,True
7t4j,EGFR,active,train,True,,279,True,True,True,True
7tvd,EGFR,active,train,True,,292,True,True,True,True
7tz7,PIK3CA,active,test,True,,988,True,False,True,True
7u98,EGFR,inactive,train,True,,287,True,True,True,True
7u99,EGFR,active,train,True,,304,True,True,True,True
7u9a,EGFR,active,train,True,,295,True,True,True,True
7ukv,EGFR,active,train,True,,290,True,True,True,True
7ukw,EGFR,inactive,train,True,,306,True,True,True,True
7v3r,MET,inactive,val,True,,285,True,True,True,True
7v3s,MET,inactive,val,True,,284,True,True,True,True
7vra,EGFR,active,train,True,,289,True,True,True,True
7vre,EGFR,active,train,True,,312,True,True,True,True
7w7x,ABL1,inactive,train,True,,266,True,True,True,True
7w7y,ABL1,inactive,train,True,,268,True,True,True,True
7wcl,FGFR1,active,train,True,,306,True,True,True,True
7y4t,MET,inactive,val,True,,281,True,True,True,True
7y4u,MET,inactive,val,True,,281,True,True,True,True
7zw8,KIT,inactive,val,True,,301,True,True,True,True
7zy6,KIT,inactive,val,True,,293,True,True,True,True
7zym,EGFR,active,train,True,,321,True,True,True,True
7zyn,EGFR,active,train,True,,317,True,True,True,True
7zyp,EGFR,active,train,True,,305,True,True,True,True
7zyq,EGFR,inactive,train,True,,270,True,True,True,True
8a27,EGFR,inactive,train,True,,269,True,True,True,True
8a2a,EGFR,inactive,train,True,,306,True,True,True,True
8a2b,EGFR,inactive,train,True,,272,True,True,True,True
8a2d,EGFR,inactive,train,True,,281,True,True,True,True
8am0,PIK3CA,active,test,True,,1031,True,False,True,True
8an8,MET,inactive,val,True,,244,True,True,True,True
8ans,MET,inactive,val,True,,277,True,True,True,True
8arj,ALK,active,train,True,,275,True,True,True,True
8au3,MET,inactive,val,True,,285,True,True,True,True
8au5,MET,inactive,val,True,,265,True,True,True,True
8aw1,MET,inactive,val,True,,263,True,True,True,True
8bfu,PIK3CA,active,test,True,,880,True,False,True,True
8bfv,PIK3CA,active,test,True,,895,True,False,True,True
8c7x,BRAF,inactive,train,True,,274,True,True,True,True
8c7y,BRAF,inactive,train,True,,275,True,True,True,True
8d73,EGFR,active,train,True,,309,True,True,True,True
8d76,EGFR,active,train,True,,312,True,True,True,True
8dcp,PIK3CA,active,test,True,,1005,True,False,True,True
8dcx,PIK3CA,active,test,True,,930,True,False,True,True
8dd4,PIK3CA,active,test,True,,981,True,False,True,True
8dd8,PIK3CA,active,test,True,,1011,True,False,True,True
8dfm,KIT,inactive,val,True,,441,False,False,True,True
8dfp,KIT,inactive,val,True,,438,False,False,True,True
8dfq,KIT,inactive,val,True,,438,False,False,True,True
8dgs,BRAF,inactive,train,True,,425,True,True,True,True
8dgt,BRAF,inactive,train,True,,429,True,True,True,True
8dsw,EGFR,active,train,True,,307,True,True,True,True
8eme,EGFR,inactive,train,True,,267,False,False,True,True
8exl,PIK3CA,active,test,True,,892,True,False,True,True
8exo,PIK3CA,active,test,True,,900,True,False,True,True
8exu,PIK3CA,active,test,True,,898,True,False,True,True
8exv,PIK3CA,active,test,True,,895,True,False,True,True
8f1h,EGFR,active,train,True,,307,True,True,True,True
8f1w,EGFR,inactive,train,True,,303,True,True,True,True
8f1x,EGFR,active,train,True,,317,True,True,True,True
8f1y,EGFR,active,train,True,,293,True,True,True,True
8f1z,EGFR,active,train,True,,310,True,True,True,True
8f7o,BRAF,inactive,train,True,,263,True,True,True,True
8f7p,BRAF,inactive,train,True,,255,True,True,True,True
8fv3,EGFR,inactive,train,True,,299,True,True,True,True
8fv4,EGFR,inactive,train,True,,298,True,True,True,True
8g63,EGFR,active,train,True,,280,True,True,True,True
8gb4,EGFR,inactive,train,True,,292,True,True,True,True
8gk5,EGFR,inactive,train,True,,294,True,True,True,True
8gua,PIK3CA,active,test,True,,855,True,False,True,True
8gub,PIK3CA,active,test,True,,977,True,False,True,True
8gud,PIK3CA,active,test,True,,835,True,False,True,True
8gvj,MET,inactive,val,True,,285,True,True,True,True
8h7f,ABL1,inactive,train,True,,266,True,True,True,True
8h7h,ABL1,inactive,train,True,,268,True,True,True,True
8h7x,EGFR,active,train,True,,299,True,True,True,True
8hv1,EGFR,active,train,True,,309,True,True,True,True
8hv2,EGFR,active,train,True,,299,True,True,True,True
8hv3,EGFR,active,train,True,,307,True,True,True,True
8hv4,EGFR,active,train,True,,304,True,True,True,True
8hv5,EGFR,active,train,True,,306,True,True,True,True
8hv6,EGFR,active,train,True,,307,True,True,True,True
8hv7,EGFR,active,train,True,,301,True,True,True,True
8hv8,EGFR,active,train,True,,305,True,True,True,True
8hv9,EGFR,active,train,True,,306,True,True,True,True
8hva,EGFR,active,train,True,,301,True,True,True,True
8hy7,EGFR,active,train,True,,299,True,True,True,True
8i0m,CDK6,inactive,train,True,,260,True,True,True,True
8ilr,PIK3CA,active,test,True,,977,True,False,True,True
8ils,PIK3CA,active,test,True,,977,True,False,True,True
8ilv,PIK3CA,inactive,test,True,,971,True,False,True,True
8jmz,FGFR1,active,train,True,,306,True,True,True,True
8k78,MET,inactive,val,True,,298,True,True,True,True
8kfq,EGFR,active,train,True,,301,True,True,True,True
8ouu,MET,inactive,val,True,,284,True,True,True,True
8ouv,MET,inactive,val,True,,294,True,True,True,True
8ov7,MET,inactive,val,True,,289,True,True,True,True
8ovz,MET,inactive,val,True,,286,True,True,True,True
8ow2,PIK3CA,active,test,True,,895,True,False,True,True
8ow3,MET,inactive,val,True,,258,True,True,True,True
8owg,MET,inactive,val,True,,244,True,True,True,True
8pq9,KIT,active,val,True,,296,True,True,True,True
8pqa,KIT,active,val,True,,293,True,True,True,True
8pqb,KIT,active,val,True,,280,True,True,True,True
8pqc,KIT,active,val,True,,297,True,True,True,True
8pqd,KIT,active,val,True,,297,True,True,True,True
8pqe,KIT,inactive,val,True,,277,False,True,True,True
8pqf,KIT,active,val,True,,294,True,True,True,True
8pqg,KIT,active,val,True,,292,True,True,True,True
8pqh,PDGFRA,active,test,True,,321,True,True,True,True
8pqi,PDGFRA,active,test,True,,299,True,True,True,True
8pqj,PDGFRA,inactive,test,True,,329,True,True,True,True
8pqk,PDGFRA,inactive,test,True,,322,True,True,True,True
8qqg,BRAF,inactive,train,True,,269,False,True,True,True
8sbc,PIK3CA,active,test,True,,970,True,False,True,True
8sbj,PIK3CA,active,test,True,,986,True,False,True,True
8sc7,EGFR,active,train,True,,320,True,True,True,True
8ssn,ABL1,inactive,train,True,,420,True,True,True,True
8tdu,PIK3CA,active,test,True,,1021,True,False,True,True
8tgd,PIK3CA,active,test,True,,1027,True,False,True,True
8tjl,EGFR,active,train,True,,306,True,True,True,True
8to3,EGFR,inactive,train,True,,291,True,True,True,True
8to4,EGFR,inactive,train,True,,300,True,True,True,True
8ts7,PIK3CA,active,test,True,,997,True,False,True,True
8ts8,PIK3CA,active,test,True,,992,True,False,True,True
8ts9,PIK3CA,active,test,True,,1004,True,False,True,True
8tsa,PIK3CA,active,test,True,,1005,True,False,True,True
8tsb,PIK3CA,active,test,True,,999,True,False,True,True
8tsc,PIK3CA,active,test,True,,1008,True,False,True,True
8tsd,PIK3CA,active,test,True,,1005,True,False,True,True
8tu6,PIK3CA,active,test,True,,981,True,False,True,True
8twy,PIK3CA,active,test,True,,853,True,False,True,True
8u8x,ERBB2,inactive,train,True,,308,True,True,True,True
8uvy,AKT1,inactive,train,True,,396,True,False,True,True
8uw2,AKT1,inactive,train,True,,392,True,False,True,True
8uw7,AKT1,inactive,train,True,,397,True,False,True,True
8uw9,AKT1,inactive,train,True,,388,True,False,True,True
8v8h,PIK3CA,active,test,True,,1020,True,False,True,True
8v8i,PIK3CA,active,test,True,,990,True,False,True,True
8v8j,PIK3CA,active,test,True,,1017,True,False,True,True
8v8u,PIK3CA,active,test,True,,1054,True,False,True,True
8v8v,PIK3CA,active,test,True,,1012,True,False,True,True
8w9a,PIK3CA,active,test,True,,969,True,False,True,True
8w9b,PIK3CA,active,test,True,,966,True,False,True,True
8wd4,EGFR,active,train,True,,299,True,True,True,True
9bfb,BRAF,inactive,train,True,,272,True,True,True,True
9c1r,MET,inactive,val,True,,285,True,True,True,True
