kinase,inactive_pdb,active_pdb,aligned_ca_rmsd,alignment_coverage,sequence_identity,problematic_below_1A
BRAF,3og7,4xv1,0.26343023777008057,0.9763779527559056,0.9959677419354839,True
PIK3CA,5sxe,5swr,0.3257715106010437,0.9933396764985728,1.0,True
PIK3CA,5sxe,5swt,0.37482547760009766,0.9895931882686849,1.0,True
PIK3CA,5sxe,5sxi,0.3760571777820587,0.9894837476099426,1.0,True
PIK3CA,5sxe,5sxk,0.391655296087265,0.9886039886039886,1.0,True
PIK3CA,5sxe,5sxd,0.39227089285850525,0.9952335557673975,1.0,True
PIK3CA,5sxe,5swp,0.41586315631866455,0.9886578449905482,1.0,True
PIK3CA,5sxe,5sxc,0.42877402901649475,0.9904397705544933,1.0,True
PIK3CA,5sxe,5sxb,0.4338894486427307,0.9886363636363636,1.0,True
PIK3CA,5sxe,5sx9,0.4354499578475952,0.9952198852772467,1.0,True
PIK3CA,5sxe,5sxf,0.45795372128486633,0.9770554493307839,1.0,True
MET,7y4t,7b3w,0.4777064323425293,0.9217081850533808,1.0,True
MET,7y4u,7b3w,0.479227215051651,0.9217081850533808,1.0,True
PIK3CA,5sxe,5swo,0.48987653851509094,0.9895238095238095,1.0,True
MET,4gg5,7b3w,0.4997923970222473,0.9452554744525548,1.0,True
PIK3CA,5sxe,5sx8,0.5005246996879578,0.9895437262357415,1.0,True
PIK3CA,5sxe,5swg,0.5208580493927002,0.988527724665392,1.0,True
FGFR1,4v01,4nka,0.6108913421630859,0.9581881533101045,1.0,True
FGFR1,4v01,4uwc,0.6127238869667053,0.9136212624584718,1.0,True
FGFR1,4v01,3rhx,0.6146522760391235,0.9818181818181818,1.0,True
MET,2rfn,3efk,0.6156432032585144,0.9710144927536232,1.0,True
FGFR1,4v01,5a4c,0.6244205832481384,0.9615384615384616,1.0,True
FGFR1,4v01,5am6,0.6336919069290161,0.9464285714285714,1.0,True
FGFR1,4v01,1agw,0.6353036165237427,0.9709090909090909,1.0,True
FGFR1,4v01,4f63,0.6396566033363342,0.9709090909090909,1.0,True
FGFR1,4v01,5a46,0.6439191699028015,0.9259259259259259,1.0,True
FGFR1,4v01,5o49,0.6445305943489075,0.9615384615384616,1.0,True
FGFR1,4v01,4nks,0.6456800699234009,0.9709090909090909,1.0,True
EGFR,4g5p,5xgn,0.6469784379005432,0.9707792207792207,0.9966555183946488,True
FGFR1,4v01,5ew8,0.649281919002533,0.9482758620689655,1.0,True
PIK3CA,5sxe,5sxa,0.6546730399131775,0.9857006673021925,1.0,True
PIK3CA,5sxe,5sxj,0.66142737865448,0.9837476099426387,1.0,True
FGFR1,4v01,4rwl,0.6756560802459717,0.9539007092198581,1.0,True
FGFR1,4v01,7ozb,0.6891731023788452,0.9305555555555556,1.0,True
FGFR1,4v01,6p69,0.7029313445091248,0.9545454545454546,0.9963369963369964,True
FGFR1,4v01,6itj,0.7047857642173767,0.931740614334471,1.0,True
FGFR1,4v01,1fgk,0.7138625979423523,0.960431654676259,1.0,True
MET,3efj,3efk,0.7176172733306885,1.0,1.0,True
BRAF,4cqe,4xv1,0.7206361889839172,0.9799196787148594,1.0,True
FGFR1,4v01,5b7v,0.7292687892913818,0.9574468085106383,1.0,True
FGFR1,4v01,4f64,0.7328052520751953,0.960431654676259,1.0,True
FGFR1,4v01,7ozd,0.7385401725769043,0.9574468085106383,1.0,True
FGFR1,4v01,4nk9,0.7421683669090271,0.9716312056737588,1.0,True
FGFR1,4v01,5o4a,0.7443011403083801,0.9450171821305842,1.0,True
ALK,5iuh,2yjr,0.7448064088821411,0.9473684210526315,0.9962962962962963,True
FGFR1,4v01,4uwb,0.7467936277389526,0.9096989966555183,1.0,True
ALK,4fny,8arj,0.7535637021064758,0.9636363636363636,1.0,True
FGFR1,4v01,3wj6,0.7547714114189148,0.9747292418772563,1.0,True
ALK,4fny,2yjr,0.7625870108604431,0.9640287769784173,0.996268656716418,True
FGFR1,4v01,4v04,0.7755562663078308,0.9315068493150684,1.0,True
PIK3CA,8ilv,8dcp,0.7776356339454651,0.9572139303482587,1.0,True
PIK3CA,6nct,5sw8,0.7830396294593811,0.987487969201155,1.0,True
ALK,5iug,2yjr,0.7874570488929749,0.9473684210526315,0.9962962962962963,True
FGFR1,4v01,2fgi,0.7884544730186462,0.9672727272727273,1.0,True
PIK3CA,6nct,5sxa,0.7982149124145508,0.982840800762631,1.0,True
BRAF,3og7,4fk3,0.8031900525093079,0.9883268482490273,0.9960629921259843,True
FGFR1,4v01,3js2,0.8117979764938354,0.9220338983050848,1.0,True
ALK,4fny,6ebw,0.8181195855140686,0.9530685920577617,1.0,True
FGFR1,4v01,1fgi,0.8220804333686829,0.9709090909090909,1.0,True
FGFR1,4v01,5vnd,0.8222344517707825,0.9006622516556292,1.0,True
FGFR1,4v01,4uwy,0.8252379894256592,0.9527272727272728,1.0,True
FGFR1,4v01,5z0s,0.832477867603302,0.9508771929824561,1.0,True
ALK,4fny,6e0r,0.8369596600532532,0.942652329749104,1.0,True
FGFR1,4v01,6mzw,0.837708055973053,0.9345454545454546,1.0,True
ABL1,3ue4,2hz4,0.8405254483222961,0.9776119402985075,1.0,True
PIK3CA,6nct,5sxc,0.8407148718833923,0.9884504331087585,1.0,True
ERBB2,3rcd,7pcd,0.840883731842041,0.9558823529411765,1.0,True
FGFR1,4v01,6mzq,0.846169650554657,0.9309090909090909,1.0,True
ALK,4fny,7jy4,0.8485782146453857,0.9206896551724137,1.0,True
FGFR1,4v01,7ozf,0.8516111969947815,0.9409722222222222,1.0,True
PIK3CA,6nct,5sxf,0.8545752167701721,0.9797882579403272,1.0,True
PIK3CA,8ilv,8ilr,0.8572611212730408,0.9938587512794268,1.0,True
PIK3CA,6nct,5sxj,0.8574420809745789,0.9826756496631376,1.0,True
PIK3CA,8ilv,8ils,0.8642022609710693,0.9938587512794268,1.0,True
FGFR1,4v01,3ky2,0.8647841811180115,0.975,1.0,True
BRAF,3og7,4mnf,0.869063138961792,0.9299610894941635,1.0,True
PIK3CA,6nct,5sxd,0.8721678853034973,0.9818875119161106,1.0,True
FGFR1,4v01,3c4f,0.8824834823608398,0.9379310344827586,1.0,True
PIK3CA,6nct,5sxb,0.8829991817474365,0.9801136363636364,1.0,True
FGFR1,4v01,4v05,0.8835804462432861,0.9477351916376306,1.0,True
FGFR1,4v01,4rwi,0.8853734731674194,0.975,0.9963369963369964,True
ALK,4fny,5imx,0.8935858011245728,0.9267399267399268,1.0,True
PIK3CA,6nct,5swr,0.8938068151473999,0.9809705042816366,1.0,True
FGFR1,4v01,4zsa,0.8963752388954163,0.9645390070921985,1.0,True
FGFR1,4v01,5uq0,0.8983652591705322,0.9236363636363636,1.0,True
ABL1,2hzi,4twp,0.8997690081596375,0.9849624060150376,1.0,True
FGFR1,4v01,5am7,0.9121708273887634,0.9442508710801394,0.996309963099631,True
ALK,4fny,6edl,0.9154858589172363,0.9468085106382979,1.0,True
FGFR1,4v01,3tt0,0.9228562712669373,0.9527272727272728,1.0,True
PIK3CA,6nct,5swt,0.9242741465568542,0.9772942289498581,1.0,True
ALK,4fny,7jyr,0.926486611366272,0.9303135888501742,1.0,True
PIK3CA,7myn,5dxt,0.9318351745605469,0.8710337768679631,1.0,True
ALK,5iug,8arj,0.9350022673606873,0.9403508771929825,1.0,True
PIK3CA,6nct,5sxk,0.9355846047401428,0.98005698005698,1.0,True
ALK,4fny,4cd0,0.9379316568374634,0.911864406779661,0.9962825278810409,True
ALK,4fny,7jys,0.944146454334259,0.9395017793594306,1.0,True
PIK3CA,6nct,5swg,0.9487003684043884,0.9903938520653218,1.0,True
PIK3CA,8ilv,8ts7,0.9514070153236389,0.9638916750250752,1.0,True
ABL1,4yc8,2hz4,0.9522035717964172,0.9886363636363636,1.0,True
ALK,4fny,7jyt,0.9553844928741455,0.9395017793594306,1.0,True
PIK3CA,8ilv,5dxt,0.9579178094863892,0.8764160659114315,1.0,True
BRAF,3og7,3psd,0.9580192565917969,0.9122137404580153,1.0,True
ALK,5iuh,8arj,0.9588616490364075,0.9368421052631579,1.0,True
PIK3CA,8ilv,8exl,0.9607440233230591,0.8877445932028837,1.0,True
PIK3CA,6nct,5sx8,0.961840808391571,0.9790874524714829,1.0,True
PIK3CA,7myn,8exu,0.9634972214698792,0.8863868986693961,1.0,True
FGFR1,4v01,4f65,0.9661458730697632,0.967741935483871,1.0,True
PIK3CA,6nct,5swo,0.9670900702476501,0.9828571428571429,1.0,True
PIK3CA,7myn,8exl,0.9675718545913696,0.8822927328556807,1.0,True
PIK3CA,8ilv,8tu6,0.9678897261619568,0.9724770642201835,1.0,True
PIK3CA,8ilv,8exv,0.9693791270256042,0.8887744593202883,1.0,True
ALK,4fny,4ccb,0.9695652723312378,0.9233449477351916,1.0,True
PIK3CA,6nct,5swp,0.9706684350967407,0.9763705103969754,1.0,True
ALK,4fny,4tt7,0.9711421132087708,0.9140893470790378,1.0,True
ALK,4fny,4ccu,0.9737924933433533,0.9178082191780822,1.0,True
ALK,4fny,4joa,0.9749530553817749,0.8901098901098901,1.0,True
PIK3CA,8ilv,8gub,0.9769681096076965,0.9866939611054247,0.9989626556016598,True
ALK,4fny,7r7k,0.9811207056045532,0.9206896551724137,1.0,True
ALK,4fny,7r7r,0.9811998009681702,0.9209621993127147,1.0,True
PIK3CA,8ilv,6pys,0.9851971864700317,0.8867147270854789,1.0,True
PIK3CA,7myn,6pys,0.987948477268219,0.8812691914022518,1.0,True
PIK3CA,8ilv,8dd4,0.9880037903785706,0.9785932721712538,1.0,True
PIK3CA,8ilv,8exo,0.9896667003631592,0.8918640576725025,1.0,True
PIK3CA,7myn,8exo,0.9938620328903198,0.8863868986693961,1.0,True
ALK,4fny,2xp2,0.9950380921363831,0.9263157894736842,1.0,True
PIK3CA,6nct,5sxi,0.9952135682106018,0.9903846153846154,1.0,True
FGFR1,4v01,5zv2,0.9955952167510986,0.9577464788732394,1.0,True
ALK,4fny,6mx8,0.9965306520462036,0.950354609929078,1.0,True
PIK3CA,8ilv,8ts8,0.9973915219306946,0.9657258064516129,0.9989561586638831,True
PIK3CA,8ilv,8exu,0.997992753982544,0.8918640576725025,1.0,True
ALK,4fny,4z55,0.9984206557273865,0.9047619047619048,1.0,True
PIK3CA,6nct,5sx9,0.9996299147605896,0.9827586206896551,1.0,True
PIK3CA,5sxe,5sw8,1.0004839897155762,0.9818355640535373,1.0,False
ALK,4fny,4cmt,1.0005419254302979,0.9330985915492958,1.0,False
PIK3CA,7myn,8exv,1.0008175373077393,0.8833162743091095,1.0,False
ALK,4fny,4cmo,1.0017355680465698,0.9084745762711864,1.0,False
FGFR1,4v01,6c18,1.0034866333007812,0.9236363636363636,1.0,False
FGFR1,4v01,4rwk,1.004324197769165,0.9645390070921985,0.9963235294117647,False
PIK3CA,7myn,8gub,1.0094469785690308,0.9877175025588536,0.9989637305699481,False
PIK3CA,8ilv,3zim,1.0105713605880737,0.874356333676622,1.0,False
ALK,4fny,5j7h,1.0107038021087646,0.9243986254295533,1.0,False
PIK3CA,8ilv,7jiu,1.0107189416885376,0.8877445932028837,1.0,False
ALK,4fny,5aaa,1.016425371170044,0.9081632653061225,0.9962546816479401,False
PIK3CA,7myn,7jiu,1.0185333490371704,0.8822927328556807,1.0,False
ABL1,7dt2,4twp,1.0206005573272705,0.9887218045112782,0.9961977186311787,False
ALK,4fny,4mkc,1.0220284461975098,0.8877887788778878,1.0,False
ALK,4fny,2xb7,1.022457242012024,0.9370629370629371,1.0,False
ALK,4fny,4fnz,1.0288540124893188,0.9442508710801394,1.0,False
PIK3CA,7myn,8ils,1.0312347412109375,1.0,1.0,False
ALK,4fny,4ctb,1.033827543258667,0.9143835616438356,1.0,False
ALK,4fny,3lct,1.0440919399261475,0.8733766233766234,1.0,False
PIK3CA,7myn,7k6o,1.0443037748336792,0.8628454452405322,1.0,False
ALK,4fny,4cmu,1.0471205711364746,0.9081632653061225,1.0,False
ALK,4fny,4ctc,1.0482145547866821,0.9270833333333334,1.0,False
PIK3CA,8ilv,7k71,1.0492502450942993,0.8661174047373842,1.0,False
PIK3CA,8ilv,5ubr,1.0504904985427856,0.8836251287332647,1.0,False
EGFR,4wd5,5xgn,1.0535473823547363,0.9805194805194806,0.9966887417218543,False
ALK,4fny,4anq,1.0561907291412354,0.9112627986348123,0.9962546816479401,False
PIK3CA,7myn,8ilr,1.0568170547485352,1.0,1.0,False
PIK3CA,7myn,3zim,1.0578440427780151,0.8700102354145343,1.0,False
ALK,4fny,4cli,1.0630950927734375,0.9081632653061225,1.0,False
ALK,4fny,3lcs,1.064058780670166,0.881578947368421,1.0,False
ALK,4fny,5aa9,1.0646774768829346,0.9084745762711864,0.996268656716418,False
ALK,4fny,4clj,1.0648422241210938,0.911864406779661,0.9962825278810409,False
ALK,4fny,2yfx,1.0672059059143066,0.9075342465753424,0.9962264150943396,False
ALK,4fny,5kz0,1.0673110485076904,0.9146757679180887,1.0,False
ALK,4fny,5aab,1.0696630477905273,0.9146757679180887,0.9925373134328358,False
ALK,4fny,4ans,1.0701892375946045,0.9112627986348123,0.9925093632958801,False
PDGFRA,6joi,8pqi,1.0740509033203125,0.9765886287625418,1.0,False
PIK3CA,8ilv,8dd8,1.076413631439209,0.9584569732937686,1.0,False
ALK,5iug,4joa,1.078674554824829,0.8631578947368421,1.0,False
PIK3CA,8ilv,6oac,1.0838216543197632,0.8681771369721936,1.0,False
ABL1,7cc2,2hz4,1.0852892398834229,0.9923954372623575,1.0,False
PIK3CA,7myn,7r9y,1.0895328521728516,0.8638689866939611,1.0,False
ALK,5iuh,4joa,1.0897225141525269,0.8631578947368421,1.0,False
PIK3CA,7myn,7k71,1.0937862396240234,0.8607983623336745,1.0,False
ALK,4fny,7btt,1.0942145586013794,0.8848684210526315,1.0,False
EGFR,3ika,5xgn,1.0966968536376953,0.9806451612903225,0.9967105263157895,False
PIK3CA,8ilv,7k6n,1.0967937707901,0.8733264675592173,1.0,False
PIK3CA,8ilv,6gvh,1.0978206396102905,0.8949536560247168,1.0,False
PIK3CA,7myn,7r9v,1.0983887910842896,0.8648925281473899,1.0,False
ALK,4fny,6cdt,1.1004482507705688,0.910958904109589,1.0,False
PIK3CA,8ilv,6gvf,1.1094207763671875,0.8990731204943357,1.0,False
PIK3CA,7myn,8twy,1.1095693111419678,0.8638689866939611,1.0,False
PIK3CA,7myn,6gvh,1.1100995540618896,0.8894575230296827,1.0,False
ALK,4fny,2yhv,1.1113660335540771,0.9106529209621993,0.9962264150943396,False
PIK3CA,8ilv,6gvi,1.1121292114257812,0.8990731204943357,1.0,False
PDGFRA,6joi,8pqh,1.11350679397583,0.9127725856697819,1.0,False
FGFR1,4v01,6p68,1.1136152744293213,0.9512195121951219,1.0,False
PIK3CA,7myn,6oac,1.113893985748291,0.8628454452405322,1.0,False
PIK3CA,8ilv,7r9v,1.1141525506973267,0.8692070030895983,1.0,False
PIK3CA,7myn,7k6n,1.1149333715438843,0.8689866939611054,1.0,False
ALK,4fny,5a9u,1.1161556243896484,0.9178082191780822,0.996268656716418,False
ALK,4fny,4dce,1.1178028583526611,0.9375,1.0,False
ALK,4fny,4fob,1.1196097135543823,0.9152542372881356,1.0,False
PIK3CA,8ilv,8twy,1.1196759939193726,0.8681771369721936,1.0,False
PIK3CA,8ilv,7r9y,1.1207131147384644,0.8681771369721936,1.0,False
PIK3CA,7myn,5ubr,1.1239793300628662,0.8781985670419652,1.0,False
ALK,4fny,3l9p,1.1274417638778687,0.8877887788778878,1.0,False
PIK3CA,8ilv,7k6o,1.1277422904968262,0.8671472708547889,1.0,False
ERBB2,7jxh,3pp0,1.1294641494750977,0.951048951048951,0.9889705882352942,False
ALK,4fny,5ftq,1.1395912170410156,0.9146757679180887,1.0,False
ALK,4fny,4anl,1.1399383544921875,0.9143835616438356,0.9962546816479401,False
PIK3CA,8ilv,6gvg,1.1438136100769043,0.8990731204943357,1.0,False
ALK,4fny,5aa8,1.148057460784912,0.9178082191780822,0.9925373134328358,False
PIK3CA,7myn,7tz7,1.1489278078079224,0.9777327935222672,1.0,False
ALK,4fny,5aac,1.149200439453125,0.9178082191780822,0.996268656716418,False
ALK,4fny,4foc,1.150365948677063,0.9121621621621622,1.0,False
PIK3CA,7myn,5xgh,1.1522724628448486,0.9718026183282981,1.0,False
MET,4eev,3q6u,1.1538877487182617,0.9721254355400697,1.0,False
PIK3CA,7myn,6gvi,1.1565141677856445,0.8935516888433982,1.0,False
ALK,4fny,4cnh,1.1572059392929077,0.9263157894736842,1.0,False
PIK3CA,7myn,6gvf,1.1584091186523438,0.8935516888433982,1.0,False
FGFR1,4v01,7wcl,1.1584279537200928,0.8986928104575164,1.0,False
PIK3CA,8ilv,5xgi,1.159864068031311,0.9496544916090819,1.0,False
ALK,4fny,2xba,1.1612614393234253,0.9328621908127208,1.0,False
PIK3CA,7myn,8dd4,1.1616559028625488,0.9796126401630989,1.0,False
ABL1,4zog,2gqg,1.168520450592041,0.9528985507246377,1.0,False
PIK3CA,7myn,4tuu,1.1693012714385986,0.8710337768679631,1.0,False
FGFR1,4v01,8jmz,1.1694575548171997,0.8986928104575164,1.0,False
ALK,4fny,3aox,1.1719341278076172,0.8993288590604027,1.0,False
BRAF,3og7,3prf,1.1750749349594116,0.9694656488549618,0.9409448818897638,False
PIK3CA,7myn,4l2y,1.1756982803344727,0.9737638748738647,1.0,False
PIK3CA,8ilv,4tuu,1.176592469215393,0.8764160659114315,1.0,False
PIK3CA,8ilv,7mlk,1.179999589920044,0.878475798146241,1.0,False
PIK3CA,5sxe,5ubr,1.1800175905227661,0.844168260038241,1.0,False
ALK,5iug,6ebw,1.1824804544448853,0.9473684210526315,0.9962962962962963,False
ALK,4fny,5fto,1.1868054866790771,0.9060402684563759,1.0,False
PIK3CA,7myn,7mlk,1.1869295835494995,0.8741044012282497,1.0,False
EGFR,2jit,8h7x,1.1882691383361816,0.9866220735785953,0.9966101694915255,False
PIK3CA,8ilv,4tv3,1.1883653402328491,0.8764160659114315,1.0,False
PIK3CA,7myn,4tv3,1.188490629196167,0.8710337768679631,1.0,False
PIK3CA,5sxe,7k71,1.1903736591339111,0.8021032504780115,1.0,False
PIK3CA,5sxe,8exl,1.1945024728775024,0.8479923518164436,1.0,False
PIK3CA,7myn,6gvg,1.1952166557312012,0.8935516888433982,1.0,False
ALK,4fny,2yjs,1.196068525314331,0.9300699300699301,0.9962406015037594,False
ALK,5iuh,6ebw,1.1987370252609253,0.9473684210526315,0.9962962962962963,False
PIK3CA,7myn,4l1b,1.2053682804107666,0.9708249496981891,1.0,False
PIK3CA,5sxe,6oac,1.2090071439743042,0.8049713193116634,1.0,False
PIK3CA,8ilv,8tsd,1.2095792293548584,0.96318407960199,1.0,False
FGFR1,4v01,4rwj,1.2119452953338623,0.8925081433224755,1.0,False
PIK3CA,5sxe,5dxt,1.2164204120635986,0.8355640535372849,1.0,False
PIK3CA,5sxe,8exv,1.2182856798171997,0.8508604206500956,1.0,False
PIK3CA,5sxe,8twy,1.2189559936523438,0.8107074569789675,1.0,False
PIK3CA,7myn,8bfu,1.2199759483337402,0.8761514841351075,1.0,False
PIK3CA,7myn,8sbc,1.2207998037338257,0.9754350051177073,0.9958027282266527,False
PIK3CA,5sxe,7k6o,1.2209903001785278,0.8078393881453155,1.0,False
EGFR,6p1d,5gnk,1.2224136590957642,0.9033333333333333,1.0,False
ALK,5iug,5imx,1.2266985177993774,0.8947368421052632,1.0,False
PIK3CA,7myn,5itd,1.2299816608428955,0.9728643216080402,1.0,False
PIK3CA,8ilv,8bfu,1.2336373329162598,0.8815653964984552,1.0,False
PIK3CA,5sxe,7r9y,1.235002875328064,0.8107074569789675,1.0,False
EGFR,2jit,4rix,1.2361725568771362,0.959866220735786,1.0,False
PIK3CA,5sxe,7r9v,1.2365449666976929,0.8126195028680688,1.0,False
PIK3CA,5sxe,8exu,1.2377229928970337,0.8537284894837476,1.0,False
PIK3CA,8ilv,8ts9,1.2391356229782104,0.9641434262948207,0.9989669421487604,False
PIK3CA,8ilv,8w9a,1.2408543825149536,0.9917610710607621,0.9989615784008308,False
ABL1,4wa9,2f4j,1.2420742511749268,0.9581881533101045,1.0,False
PIK3CA,8ilv,8tsb,1.2487577199935913,0.965965965965966,1.0,False
PIK3CA,5sxe,6pys,1.2496474981307983,0.847036328871893,1.0,False
ALK,5iuh,5imx,1.2502732276916504,0.8947368421052632,1.0,False
ALK,5iug,6e0r,1.2525471448898315,0.9438596491228071,1.0,False
PIK3CA,8ilv,8tsa,1.2561314105987549,0.9611940298507463,0.9989648033126294,False
EGFR,2jit,4riy,1.2581785917282104,0.959866220735786,1.0,False
PIK3CA,7myn,4zop,1.2586053609848022,0.969,1.0,False
PIK3CA,5sxe,3zim,1.261427879333496,0.8451242829827916,1.0,False
ALK,5iuh,6e0r,1.2647727727890015,0.9473684210526315,1.0,False
PIK3CA,8ilv,8w9b,1.272325038909912,0.9897013388259527,0.9989594172736732,False
PIK3CA,8ilv,4l23,1.2736146450042725,0.9487179487179487,1.0,False
PIK3CA,5sxe,8exo,1.2739733457565308,0.8556405353728489,1.0,False
PIK3CA,6nct,4l2y,1.2763701677322388,0.944177093358999,1.0,False
EGFR,6v6o,5gnk,1.2800763845443726,0.9158249158249159,1.0,False
PIK3CA,7myn,4jps,1.2895007133483887,0.9679679679679679,1.0,False
PIK3CA,5sxe,7jiu,1.2955821752548218,0.8556405353728489,1.0,False
ALK,4fny,5iui,1.2967687845230103,0.8877887788778878,1.0,False
PIK3CA,7myn,8sbj,1.3134410381317139,0.9807302231237323,0.9958634953464323,False
PIK3CA,5sxe,5xgj,1.3190454244613647,0.9235181644359465,1.0,False
PIK3CA,8ilv,8tsc,1.3205385208129883,0.9623015873015873,0.9989690721649485,False
PIK3CA,8ilv,4l2y,1.331387996673584,0.9687184661957619,1.0,False
PIK3CA,8ilv,5xgh,1.3354034423828125,0.9667673716012085,1.0,False
PIK3CA,8ilv,8gua,1.3451367616653442,0.8795056642636457,0.9988290398126464,False
PIK3CA,5sxe,7k6n,1.346284031867981,0.8298279158699808,1.0,False
ABL1,8h7h,2gqg,1.357588529586792,0.967391304347826,1.0,False
ABL1,7w7y,2gqg,1.3583911657333374,0.967391304347826,1.0,False
PIK3CA,5sxe,7pg6,1.3729702234268188,0.9512428298279159,0.9979899497487437,False
PIK3CA,8ilv,4l1b,1.3743410110473633,0.96579476861167,1.0,False
PIK3CA,5sxe,6gvf,1.3747012615203857,0.858508604206501,1.0,False
PIK3CA,8ilv,7k6m,1.3869974613189697,0.8846549948506695,1.0,False
PIK3CA,7myn,5xgj,1.388200283050537,0.9775510204081632,1.0,False
PIK3CA,5sxe,6gvh,1.389106035232544,0.8661567877629063,1.0,False
PIK3CA,5sxe,4tuu,1.3934952020645142,0.8355640535372849,1.0,False
PIK3CA,7myn,7k6m,1.395696759223938,0.8802456499488229,1.0,False
PIK3CA,5sxe,8gua,1.396579384803772,0.8145315487571702,0.9988262910798122,False
PIK3CA,5sxe,7pg5,1.40946364402771,0.9531548757170172,0.9979939819458375,False
EGFR,2jit,4riw,1.4101606607437134,0.9464882943143813,1.0,False
PIK3CA,5sxe,6gvi,1.410327434539795,0.858508604206501,1.0,False
PIK3CA,8ilv,5ul1,1.414658784866333,0.967,0.9937952430196484,False
ABL1,4zog,2v7a,1.4162483215332031,0.9851301115241635,1.0,False
PIK3CA,5sxe,6gvg,1.419790506362915,0.858508604206501,1.0,False
PIK3CA,5sxe,5xgh,1.4203453063964844,0.9359464627151052,1.0,False
PIK3CA,5sxe,4tv3,1.4251654148101807,0.8355640535372849,1.0,False
PIK3CA,7myn,8gua,1.4262889623641968,0.8741044012282497,0.9988290398126464,False
PIK3CA,8ilv,7tz7,1.4269828796386719,0.9726720647773279,1.0,False
PIK3CA,6nct,5ul1,1.4331151247024536,0.9480269489894129,0.9939086294416244,False
PIK3CA,8ilv,5itd,1.4357261657714844,0.9678391959798995,1.0,False
PIK3CA,5sxe,8bfu,1.436083436012268,0.8384321223709369,1.0,False
PIK3CA,8ilv,5ukj,1.4397705793380737,0.9603567888999008,0.9938080495356038,False
PIK3CA,6nct,7pg6,1.445204734802246,0.9634263715110684,0.998001998001998,False
PIK3CA,5sxe,8tu6,1.4458333253860474,0.9282982791586998,1.0,False
PIK3CA,6nct,8tu6,1.456435203552246,0.9364773820981713,1.0,False
PIK3CA,8ilv,8sbc,1.4573607444763184,0.976313079299691,0.9957805907172996,False
PIK3CA,6nct,8sbj,1.4579287767410278,0.9345524542829644,0.995880535530381,False
PIK3CA,6nct,7pg5,1.4627395868301392,0.9653512993262753,0.9980059820538385,False
PIK3CA,7myn,8bfv,1.4661808013916016,0.8863868986693961,1.0,False
PIK3CA,6nct,5itd,1.466415524482727,0.9412897016361886,1.0,False
PIK3CA,8ilv,7pg6,1.4689568281173706,0.9463937621832359,1.0,False
PIK3CA,6nct,5ukj,1.4707697629928589,0.9547641963426372,0.9939516129032258,False
PIK3CA,7myn,8ow2,1.4726482629776,0.8863868986693961,0.9988452655889145,False
ALK,5iug,7jy4,1.4738352298736572,0.9551724137931035,0.9963898916967509,False
PIK3CA,8ilv,4zop,1.4762201309204102,0.964,1.0,False
PIK3CA,8ilv,8bfv,1.4834216833114624,0.8918640576725025,1.0,False
EGFR,6z4b,5gnk,1.4850467443466187,0.9747292418772563,0.9962962962962963,False
ABL1,7w7y,2v7a,1.486203908920288,0.9925650557620818,0.9962546816479401,False
PIK3CA,8ilv,5uk8,1.487640619277954,0.9603174603174603,0.993801652892562,False
PIK3CA,8ilv,8ow2,1.4901942014694214,0.8918640576725025,0.9988452655889145,False
ALK,5iuh,7jy4,1.4910426139831543,0.9517241379310345,0.9963768115942029,False
ABL1,8h7h,2v7a,1.4932435750961304,0.9925650557620818,0.9962546816479401,False
PIK3CA,8ilv,4waf,1.4937536716461182,0.9537856440511308,0.9979381443298969,False
PIK3CA,6nct,4jps,1.5031174421310425,0.9412897016361886,1.0,False
PIK3CA,8ilv,7pg5,1.507733941078186,0.9445525291828794,1.0,False
PIK3CA,6nct,4zop,1.51023268699646,0.9412897016361886,1.0,False
ALK,5iug,3lcs,1.5133717060089111,0.9111842105263158,0.9963898916967509,False
PIK3CA,6nct,7tz7,1.5202338695526123,0.9364773820981713,1.0,False
PIK3CA,8ilv,4jps,1.52226984500885,0.9629629629629629,1.0,False
ALK,4fny,4fod,1.5238332748413086,0.8831168831168831,1.0,False
PIK3CA,6nct,5uk8,1.5245063304901123,0.9538017324350336,0.9939455095862765,False
PIK3CA,6nct,8ilr,1.5341910123825073,0.9326275264677575,1.0,False
ALK,5iuh,3lcs,1.5378950834274292,0.9111842105263158,0.9963898916967509,False
PIK3CA,8ilv,5fi4,1.5379676818847656,0.9534192269573836,1.0,False
PIK3CA,5sxe,8sbc,1.5394189357757568,0.9110898661567878,0.9958027282266527,False
PIK3CA,8ilv,8am0,1.5396451950073242,0.94180407371484,1.0,False
PIK3CA,8ilv,8sbj,1.5407719612121582,0.9756592292089249,0.9958419958419958,False
ALK,4fny,4fnw,1.5410715341567993,0.8914473684210527,0.996309963099631,False
PIK3CA,6nct,4l1b,1.5438278913497925,0.9461020211742059,1.0,False
PIK3CA,8ilv,5xgj,1.5463002920150757,0.9714285714285714,1.0,False
PIK3CA,6nct,8dd8,1.565829873085022,0.9557266602502407,1.0,False
BRAF,6b8u,4xv1,1.5665284395217896,0.9209486166007905,1.0,False
PIK3CA,6nct,5fi4,1.570787787437439,0.9518768046198267,1.0,False
PIK3CA,6nct,4waf,1.5712519884109497,0.9595765158806545,0.9979939819458375,False
PIK3CA,6nct,8ils,1.5714104175567627,0.9326275264677575,1.0,False
PIK3CA,5sxe,5ul1,1.572920799255371,0.9388145315487572,0.9938900203665988,False
PIK3CA,6nct,8gub,1.57816743850708,0.9258902791145333,0.998960498960499,False
ALK,4fny,4fnx,1.580246925354004,0.9212328767123288,1.0,False
PIK3CA,5sxe,5ukj,1.5822398662567139,0.9455066921606119,0.993933265925177,False
PIK3CA,5sxe,4l23,1.5837430953979492,0.9521988527724665,1.0,False
ALK,5iug,7jyr,1.5847874879837036,0.9686411149825784,0.9964028776978417,False
PIK3CA,8ilv,8dcx,1.5855600833892822,0.9464469618949537,1.0,False
PIK3CA,5sxe,8dd8,1.5888980627059937,0.9455066921606119,1.0,False
ALK,5iug,7jys,1.5925731658935547,0.968421052631579,0.9963768115942029,False
PIK3CA,5sxe,4waf,1.5932462215423584,0.9474187380497132,0.9979818365287588,False
PIK3CA,7myn,8w9a,1.597308874130249,0.9866939611054247,0.9989626556016598,False
PIK3CA,5sxe,5fi4,1.597377061843872,0.9397705544933078,1.0,False
PIK3CA,7myn,8w9b,1.5995728969573975,0.984646878198567,0.998960498960499,False
ALK,5iug,7jyt,1.6000703573226929,0.968421052631579,0.9963768115942029,False
PIK3CA,6nct,4l23,1.6026228666305542,0.958614051973051,1.0,False
ALK,5iuh,7jyr,1.6086878776550293,0.9616724738675958,0.9963768115942029,False
PIK3CA,5sxe,5uk8,1.6136207580566406,0.9416826003824091,0.9939086294416244,False
ALK,5iuh,7jys,1.6152187585830688,0.9649122807017544,0.9963636363636363,False
MET,4gg7,3efk,1.6169865131378174,0.920863309352518,1.0,False
ALK,5iuh,7jyt,1.6222705841064453,0.9649122807017544,0.9963636363636363,False
ALK,5iug,2xba,1.627431035041809,0.9649122807017544,0.9963636363636363,False
PIK3CA,5sxe,7mlk,1.631137490272522,0.844168260038241,1.0,False
PIK3CA,6nct,8am0,1.6327427625656128,0.9701636188642926,1.0,False
ALK,5iug,2xb7,1.6375423669815063,0.972027972027972,0.9964028776978417,False
ALK,5iuh,2xba,1.639643907546997,0.968421052631579,0.9963768115942029,False
PIK3CA,6nct,8dd4,1.641324520111084,0.9287776708373436,1.0,False
ALK,5iuh,2xb7,1.6456725597381592,0.972027972027972,0.9964028776978417,False
EGFR,5ugc,4g5j,1.6497724056243896,0.8794788273615635,0.9888888888888889,False
PIK3CA,5sxe,8am0,1.650718331336975,0.9579349904397706,1.0,False
PIK3CA,8ilv,5sxb,1.6543569564819336,0.9090909090909091,1.0,False
PIK3CA,5sxe,5xgi,1.6547242403030396,0.9502868068833652,1.0,False
PIK3CA,8ilv,5sxd,1.658349871635437,0.9132507149666349,1.0,False
PIK3CA,5sxe,8gud,1.6617871522903442,0.7963671128107075,0.9987995198079231,False
PIK3CA,7myn,8gud,1.6635010242462158,0.8546571136131014,0.9988023952095808,False
EGFR,5ug9,4g5j,1.666191577911377,0.8794788273615635,0.9888888888888889,False
EGFR,7a2a,5cal,1.6683945655822754,0.88,0.9924242424242424,False
EGFR,2jit,7lgs,1.6701264381408691,0.9297658862876255,1.0,False
PIK3CA,8ilv,5sxc,1.6769216060638428,0.9229287090558767,1.0,False
PIK3CA,8ilv,5swt,1.680850863456726,0.9082308420056765,1.0,False
PIK3CA,8ilv,5swo,1.6825335025787354,0.9152380952380952,1.0,False
PIK3CA,8ilv,8gud,1.6842838525772095,0.858908341915551,0.9988009592326139,False
PIK3CA,8ilv,5sw8,1.6871212720870972,0.9281553398058252,1.0,False
PIK3CA,8ilv,5swr,1.6888147592544556,0.9134157944814463,1.0,False
PIK3CA,8ilv,4ovu,1.691117286682129,0.9224137931034483,1.0,False
PIK3CA,6nct,8v8v,1.693121314048767,0.9624639076034649,0.999,False
PIK3CA,8ilv,5sxj,1.69514799118042,0.9201154956689124,1.0,False
PIK3CA,8ilv,5swg,1.7010366916656494,0.9231508165225745,1.0,False
PIK3CA,8ilv,5sxi,1.7031712532043457,0.9230769230769231,1.0,False
PIK3CA,8ilv,5sxa,1.7037540674209595,0.9132507149666349,1.0,False
EGFR,7a2a,5c8k,1.7072293758392334,0.88,0.9924242424242424,False
PIK3CA,6nct,5xgi,1.7077386379241943,0.9576515880654476,1.0,False
PIK3CA,8ilv,5sx8,1.709627628326416,0.9115969581749049,1.0,False
EGFR,5ugc,7zym,1.710091471672058,0.8691588785046729,0.978494623655914,False
FGFR1,4v01,6c19,1.7124371528625488,0.9420289855072463,1.0,False
PIK3CA,8ilv,5swp,1.7185193300247192,0.9073724007561437,1.0,False
PIK3CA,8ilv,5sx9,1.7231022119522095,0.9176245210727969,1.0,False
EGFR,5zwj,5edq,1.7240890264511108,0.8959731543624161,0.9887640449438202,False
PIK3CA,7myn,8dcx,1.7259091138839722,0.9406345957011258,1.0,False
EGFR,5ugc,7b85,1.7274010181427002,0.8878205128205128,0.9891696750902527,False
PIK3CA,5sxe,8bfv,1.7281776666641235,0.8451242829827916,1.0,False
ERBB2,7jxh,7pcd,1.7296665906906128,0.9816176470588235,0.9925093632958801,False
PIK3CA,8ilv,5sxf,1.7297112941741943,0.9354838709677419,1.0,False
PIK3CA,5sxe,8ow2,1.729897141456604,0.8451242829827916,0.998868778280543,False
EGFR,5ug9,7zym,1.7316683530807495,0.8691588785046729,0.978494623655914,False
FGFR1,4v01,6c1o,1.7344965934753418,0.9357142857142857,1.0,False
PIK3CA,8ilv,4ovv,1.739356517791748,0.9222648752399232,1.0,False
EGFR,5ug8,7zym,1.7426996231079102,0.8691588785046729,0.978494623655914,False
ALK,5iug,7r7k,1.7598488330841064,0.9620689655172414,0.996415770609319,False
PIK3CA,6nct,8ts7,1.7631622552871704,0.9557266602502407,1.0,False
EGFR,6tfu,4g5j,1.7633843421936035,0.8208469055374593,1.0,False
EGFR,7a2a,5c8m,1.7738028764724731,0.8741721854304636,0.9924242424242424,False
EGFR,5ugc,4zau,1.7740349769592285,0.950530035335689,0.9888475836431226,False
ALK,5iuh,7r7k,1.774605393409729,0.9586206896551724,0.9964028776978417,False
PIK3CA,8ilv,5sxk,1.7763432264328003,0.912630579297246,1.0,False
ALK,5iug,4cd0,1.782979130744934,0.9525423728813559,0.9928825622775801,False
FGFR1,4v01,6nvl,1.7864683866500854,0.9418181818181818,1.0,False
ALK,5iug,4anl,1.7880159616470337,0.958904109589041,0.9928571428571429,False
ALK,5iug,4clj,1.793406367301941,0.9525423728813559,0.9928825622775801,False
EGFR,5hg9,7b85,1.793699860572815,0.8878205128205128,0.9891696750902527,False
ALK,5iuh,4cd0,1.794608473777771,0.9491525423728814,0.9928571428571429,False
EGFR,2jit,7a6i,1.7957186698913574,0.9431438127090301,0.9964539007092199,False
ALK,5iuh,4anl,1.7979655265808105,0.9554794520547946,0.992831541218638,False
EGFR,7a2a,5xdl,1.8020861148834229,0.9006849315068494,0.9885931558935361,False
EGFR,5ugc,7aei,1.8061686754226685,0.8857142857142857,0.989247311827957,False
ALK,5iuh,4clj,1.806822419166565,0.9491525423728814,0.9928571428571429,False
EGFR,7a2a,5edr,1.807827115058899,0.882943143812709,0.9924242424242424,False
PIK3CA,7myn,8tdu,1.808543086051941,0.9500489715964741,1.0,False
ALK,5iug,6mx8,1.8119359016418457,0.9789473684210527,0.996415770609319,False
EGFR,5ugc,8f1x,1.8135075569152832,0.8801261829652997,0.989247311827957,False
EGFR,5ugc,7kxz,1.8136744499206543,0.9331103678929766,0.989247311827957,False
PIK3CA,5sxe,8v8v,1.8143571615219116,0.9531548757170172,0.9989969909729187,False
ALK,5iug,4tt7,1.818271517753601,0.9587628865979382,0.992831541218638,False
PIK3CA,5sxe,8ts7,1.824329137802124,0.9464627151051626,1.0,False
PIK3CA,6nct,8dcp,1.825551152229309,0.9489894128970163,1.0,False
ALK,5iuh,6mx8,1.8275283575057983,0.9789473684210527,0.996415770609319,False
ALK,5iug,4ctc,1.83101487159729,0.9722222222222222,0.9964285714285714,False
EGFR,5ugc,7aem,1.8312170505523682,0.8942307692307693,0.989247311827957,False
ALK,5iug,2yjs,1.8328909873962402,0.972027972027972,0.9928057553956835,False
EGFR,2jit,4lrm,1.8356250524520874,0.9632107023411371,1.0,False
EGFR,7a2a,5edp,1.8368021249771118,0.8949152542372881,0.9924242424242424,False
EGFR,5ugc,7zyn,1.8369274139404297,0.8801261829652997,0.978494623655914,False
PIK3CA,5sxe,7k6m,1.8375375270843506,0.8288718929254302,1.0,False
EGFR,7a2a,5xgm,1.8447675704956055,0.9097222222222222,0.9961832061068703,False
EGFR,5ug9,7kxz,1.8468955755233765,0.9331103678929766,0.989247311827957,False
EGFR,5ugc,4wrg,1.8475830554962158,0.9238754325259516,0.9887640449438202,False
ALK,5iug,4cnh,1.847593903541565,0.968421052631579,0.9963768115942029,False
EGFR,5ug8,7kxz,1.8491638898849487,0.9331103678929766,0.989247311827957,False
ALK,5iuh,4ctc,1.849449872970581,0.96875,0.996415770609319,False
ALK,5iuh,2yjs,1.8526203632354736,0.9755244755244755,0.992831541218638,False
PIK3CA,6nct,8w9a,1.8538997173309326,0.9239653512993262,0.9989583333333333,False
ALK,5iuh,4tt7,1.8549811840057373,0.9553264604810997,0.9928057553956835,False
EGFR,7a2a,5zto,1.8567250967025757,0.8945578231292517,0.9923954372623575,False
ALK,5iuh,4cnh,1.8586162328720093,0.9719298245614035,0.9963898916967509,False
PIK3CA,5sxe,8dcp,1.8605875968933105,0.9455066921606119,1.0,False
EGFR,5ug9,7zyn,1.8629165887832642,0.8801261829652997,0.978494623655914,False
PIK3CA,5sxe,8v8i,1.8638743162155151,0.9369024856596558,0.9989795918367347,False
EGFR,5ugc,5fed,1.866796612739563,0.9409722222222222,0.988929889298893,False
PIK3CA,6nct,8ts8,1.8738523721694946,0.9499518768046198,0.9989868287740629,False
EGFR,5ugc,6lub,1.874122142791748,0.9136212624584718,0.9818181818181818,False
EGFR,5ug9,4wrg,1.876183032989502,0.9238754325259516,0.9887640449438202,False
PIK3CA,6nct,8tsb,1.8763000965118408,0.9576515880654476,1.0,False
EGFR,5ug8,4wrg,1.8796340227127075,0.9238754325259516,0.9887640449438202,False
ALK,5iug,4fnz,1.880784273147583,0.975609756097561,1.0,False
EGFR,5hg7,8f1x,1.882205843925476,0.8801261829652997,0.989247311827957,False
EGFR,5ugc,5ugb,1.88593327999115,0.9087947882736156,0.989247311827957,False
EGFR,5ugc,5fee,1.8899972438812256,0.9372822299651568,0.9925650557620818,False
EGFR,5ugc,5feq,1.891591191291809,0.9413793103448276,0.9926739926739927,False
PIK3CA,6nct,8w9b,1.892447829246521,0.9210779595765158,0.9989550679205852,False
EGFR,5hg9,8f1x,1.8946601152420044,0.8801261829652997,0.989247311827957,False
EGFR,5ugc,5em8,1.8949291706085205,0.9108910891089109,0.9891304347826086,False
EGFR,5hg7,7aei,1.8956350088119507,0.8857142857142857,0.989247311827957,False
EGFR,5ug9,5fed,1.8962212800979614,0.9409722222222222,0.988929889298893,False
EGFR,5ugc,4tks,1.8965330123901367,0.9087947882736156,0.989247311827957,False
EGFR,7a6k,4rj7,1.8969995975494385,0.8813559322033898,0.9923076923076923,False
EGFR,5ug8,5fed,1.9021774530410767,0.9409722222222222,0.988929889298893,False
PIK3CA,8ilv,8v8v,1.9039888381958008,0.9545454545454546,0.9989648033126294,False
PIK3CA,6nct,8ts9,1.9051481485366821,0.958614051973051,0.998995983935743,False
BRAF,4wo5,4mnf,1.9052376747131348,0.9377431906614786,1.0,False
EGFR,5ug9,6lub,1.905348300933838,0.9136212624584718,0.9818181818181818,False
PIK3CA,8ilv,3hiz,1.906671166419983,0.935546875,0.9989561586638831,False
EGFR,7a6k,5cau,1.908159852027893,0.8787878787878788,0.9923371647509579,False
EGFR,5ugc,7ukv,1.9085222482681274,0.9310344827586207,0.9888888888888889,False
EGFR,6tfz,5cal,1.9091185331344604,0.87,0.9923371647509579,False
EGFR,5ugc,4wkq,1.9091858863830566,0.9222972972972973,0.989010989010989,False
EGFR,6tfz,5y25,1.9100357294082642,0.8904109589041096,0.9923076923076923,False
EGFR,4i21,4riy,1.9112091064453125,0.9238410596026491,1.0,False
EGFR,5hg9,7zyn,1.9127345085144043,0.8801261829652997,0.978494623655914,False
EGFR,5ug8,6lub,1.9129244089126587,0.9136212624584718,0.9818181818181818,False
BRAF,5jrq,4yht,1.9151848554611206,0.9341085271317829,1.0,False
PIK3CA,6nct,8tsd,1.916338324546814,0.9576515880654476,1.0,False
PIK3CA,6nct,8tsa,1.9170039892196655,0.9634263715110684,0.999000999000999,False
PIK3CA,7myn,2rd0,1.9176461696624756,0.9578736208625878,1.0,False
ALK,5iuh,4fnz,1.9176769256591797,0.9790940766550522,1.0,False
EGFR,5hg7,7aem,1.919378638267517,0.8942307692307693,0.989247311827957,False
EGFR,5ug9,5feq,1.9207843542099,0.9413793103448276,0.9926739926739927,False
EGFR,5ug9,5fee,1.921013593673706,0.9372822299651568,0.9925650557620818,False
EGFR,5ugc,3ug1,1.921313762664795,0.9256756756756757,0.9890510948905109,False
ALK,5iug,4dce,1.92216157913208,0.9756944444444444,1.0,False
EGFR,5ugc,4i23,1.9227190017700195,0.9078947368421053,0.9891304347826086,False
EGFR,5ug9,4tks,1.9243801832199097,0.9087947882736156,0.989247311827957,False
EGFR,5ugc,8f1z,1.924813151359558,0.9,0.989247311827957,False
EGFR,2jit,8sc7,1.9252525568008423,0.915625,0.9965870307167235,False
EGFR,5ug8,5fee,1.9256292581558228,0.9372822299651568,0.9925650557620818,False
ALK,5iuh,4dce,1.927888035774231,0.9722222222222222,1.0,False
EGFR,6tfu,4zau,1.928224802017212,0.901060070671378,1.0,False
PIK3CA,5sxe,8ts8,1.9286750555038452,0.9397705544933078,0.9989827060020345,False
PIK3CA,6nct,8tsc,1.9311268329620361,0.960538979788258,0.998997995991984,False
EGFR,5hg5,8h7x,1.9311734437942505,0.9536423841059603,0.9895833333333334,False
BRAF,1uwj,3psd,1.9334874153137207,0.9923954372623575,1.0,False
EGFR,5ug9,4wkq,1.936424970626831,0.9222972972972973,0.989010989010989,False
EGFR,6tfw,5hcx,1.9402525424957275,0.8791946308724832,0.9923664122137404,False
EGFR,5ug9,7ukv,1.9409258365631104,0.9310344827586207,0.9888888888888889,False
PIK3CA,7myn,8v8h,1.9414585828781128,0.9470588235294117,0.9989648033126294,False
ALK,5iug,6edl,1.943101167678833,0.968421052631579,0.9963768115942029,False
EGFR,5ug8,4wkq,1.9442074298858643,0.9222972972972973,0.989010989010989,False
BRAF,1uwj,3ppj,1.944767951965332,0.9923954372623575,1.0,False
PIK3CA,8ilv,8v8i,1.9482758045196533,0.9656565656565657,0.9989539748953975,False
EGFR,6tfz,5cao,1.949157476425171,0.8666666666666667,0.9923076923076923,False
ALK,5iug,4cmo,1.950119972229004,0.9525423728813559,0.99644128113879,False
EGFR,5ugc,6lud,1.9507884979248047,0.9,0.982078853046595,False
EGFR,7a6k,4rj8,1.9520149230957031,0.8758389261744967,0.9923371647509579,False
PIK3CA,8ilv,8v8u,1.9532361030578613,0.9193548387096774,0.9989680082559339,False
EGFR,5ug9,3ug1,1.9538214206695557,0.9256756756756757,0.9890510948905109,False
ALK,5iug,3lct,1.9542338848114014,0.9123376623376623,0.99644128113879,False
PIK3CA,5sxe,8tsb,1.9542585611343384,0.9474187380497132,1.0,False
EGFR,2jit,7u99,1.9550777673721313,0.9769736842105263,0.9966329966329966,False
EGFR,5u8l,4riy,1.9554380178451538,0.9461279461279462,1.0,False
EGFR,5ug8,3ug1,1.9582940340042114,0.9256756756756757,0.9890510948905109,False
EGFR,5ug9,8f1z,1.9584921598434448,0.9,0.989247311827957,False
BRAF,4wo5,3ppj,1.9586050510406494,0.9274809160305344,1.0,False
PIK3CA,7myn,5dxh,1.9614211320877075,0.9683995922528033,1.0,False
EGFR,5u8l,4riw,1.9641165733337402,0.9453924914675768,1.0,False
ALK,5iuh,4cmo,1.9646116495132446,0.9491525423728814,0.9964285714285714,False
ALK,5iuh,6edl,1.9670308828353882,0.968421052631579,0.9963768115942029,False
PIK3CA,8ilv,3hhm,1.9673433303833008,0.9292635658914729,0.9989572471324296,False
ALK,5iug,4cmu,1.9697238206863403,0.9523809523809523,0.9964285714285714,False
EGFR,2jit,2j6m,1.9704326391220093,0.9673202614379085,0.9966216216216216,False
EGFR,2jit,7t4i,1.971548080444336,0.9644012944983819,0.9966442953020134,False
BRAF,4rzv,7shv,1.9717909097671509,0.9961685823754789,0.9423076923076923,False
ALK,5iug,4ccu,1.9723278284072876,0.9623287671232876,0.99644128113879,False
ALK,5iug,4ctb,1.9725298881530762,0.9623287671232876,0.99644128113879,False
BRAF,8f7p,4fk3,1.9727908372879028,0.9844357976653697,1.0,False
EGFR,2jit,3vjn,1.9747177362442017,0.9765886287625418,0.9965753424657534,False
ALK,5iug,4cli,1.975964069366455,0.9523809523809523,0.9964285714285714,False
EGFR,5ugc,3vjo,1.9767826795578003,0.9261744966442953,0.9891304347826086,False
EGFR,5ugc,8f1y,1.97688627243042,0.9351535836177475,0.9890510948905109,False
ALK,5iug,2yfx,1.9775495529174805,0.9554794520547946,0.992831541218638,False
EGFR,5hg7,5em8,1.9793747663497925,0.9108910891089109,0.9891304347826086,False
ALK,5iug,4ccb,1.979861855506897,0.9651567944250871,0.9963898916967509,False
EGFR,5hg7,4tks,1.9814482927322388,0.9087947882736156,0.989247311827957,False
ALK,5iug,4cmt,1.9814707040786743,0.9719298245614035,0.9963898916967509,False
EGFR,5hg7,5ugb,1.9816653728485107,0.9087947882736156,0.989247311827957,False
ALK,5iug,4fob,1.9816854000091553,0.9593220338983051,1.0,False
EGFR,5ug9,6lud,1.9825618267059326,0.9,0.982078853046595,False
EGFR,5ugc,7u9a,1.9845558404922485,0.9254237288135593,0.989010989010989,False
EGFR,6tfz,5c8k,1.9856393337249756,0.87,0.9923371647509579,False
EGFR,5ugc,3ug2,1.9858475923538208,0.919732441471572,0.9890909090909091,False
ALK,5iuh,4cmu,1.9860132932662964,0.9489795918367347,0.996415770609319,False
ALK,5iug,2yhv,1.9866993427276611,0.9587628865979382,0.992831541218638,False
EGFR,5ug8,6lud,1.9868100881576538,0.9,0.982078853046595,False
PIK3CA,8ilv,8tdu,1.98713219165802,0.9441723800195886,1.0,False
ALK,5iuh,4ctb,1.9872132539749146,0.958904109589041,0.9964285714285714,False
EGFR,6tfw,8wd4,1.9875725507736206,0.8795986622073578,0.9885931558935361,False
ALK,5iug,4mkc,1.987635850906372,0.9306930693069307,0.9964539007092199,False
BRAF,1uwh,3q4c,1.9880881309509277,0.9962121212121212,0.9961977186311787,False
ALK,5iug,5kz0,1.9882267713546753,0.9590443686006825,0.99644128113879,False
PIK3CA,5sxe,8ts9,1.9886835813522339,0.9474187380497132,0.9989909182643795,False
EGFR,2jit,2itp,1.988986849784851,0.9704918032786886,0.9932432432432432,False
ALK,5iuh,4ccu,1.9890309572219849,0.958904109589041,0.9964285714285714,False
EGFR,5hg9,5feq,1.9891283512115479,0.9413793103448276,0.9926739926739927,False
ALK,5iug,7btt,1.9912348985671997,0.9276315789473685,0.9964539007092199,False
EGFR,7a6k,4rj6,1.9923195838928223,0.8787878787878788,0.9923371647509579,False
EGFR,6tfw,5hcz,1.9925414323806763,0.8733333333333333,0.9923664122137404,False
ALK,5iuh,3lct,1.9927458763122559,0.9123376623376623,0.99644128113879,False
ALK,5iuh,4cli,1.993125319480896,0.9489795918367347,0.996415770609319,False
EGFR,8a27,5edq,1.9931479692459106,0.9026845637583892,0.9925650557620818,False
ALK,5iug,4z55,1.9933531284332275,0.9489795918367347,0.996415770609319,False
ALK,5iuh,4fob,1.9934217929840088,0.9559322033898305,1.0,False
BRAF,6uan,6q0k,1.994051456451416,0.9859154929577465,1.0,False
ALK,5iuh,2yfx,1.9943333864212036,0.952054794520548,0.9928057553956835,False
ALK,5iug,5aaa,1.9950181245803833,0.9523809523809523,0.9928571428571429,False
ALK,5iuh,4ccb,1.9955414533615112,0.9616724738675958,0.9963768115942029,False
ALK,5iug,2xp2,1.995627522468567,0.9719298245614035,0.9963898916967509,False
ERBB2,3rcd,3pp0,1.9961373805999756,0.9125874125874126,1.0,False
ALK,5iug,4foc,1.9970121383666992,0.9527027027027027,1.0,False
ALK,5iuh,4cmt,1.9971033334732056,0.968421052631579,0.9963768115942029,False
ALK,5iug,6cdt,1.999492883682251,0.958904109589041,0.9964285714285714,False
EGFR,5ugc,6vh4,2.000900983810425,0.9322033898305084,0.9890909090909091,False
ALK,5iuh,2yhv,2.000985622406006,0.9553264604810997,0.9928057553956835,False
BRAF,4jvg,4mnf,2.0017666816711426,0.9382239382239382,1.0,False
ALK,5iuh,4mkc,2.0021278858184814,0.9273927392739274,0.99644128113879,False
ALK,5iug,5ftq,2.0021820068359375,0.9556313993174061,0.9928571428571429,False
ALK,5iug,3l9p,2.0022220611572266,0.9273927392739274,0.99644128113879,False
ALK,5iug,4ans,2.0028743743896484,0.9590443686006825,0.9893238434163701,False
ALK,5iuh,7btt,2.002906560897827,0.9243421052631579,0.99644128113879,False
ALK,5iuh,5kz0,2.003307580947876,0.9556313993174061,0.9964285714285714,False
EGFR,5ug9,8f1y,2.004096508026123,0.9351535836177475,0.9890510948905109,False
ALK,5iuh,5ftq,2.0054221153259277,0.9556313993174061,0.9928571428571429,False
CDK6,6oql,4tth,2.0067365169525146,0.8973384030418251,1.0,False
CDK6,6oqo,1xo2,2.0071394443511963,0.9204152249134948,1.0,False
ALK,5iug,4anq,2.007293701171875,0.9590443686006825,0.9928825622775801,False
CDK6,5l2i,4tth,2.007490396499634,0.9,1.0,False
EGFR,2jit,8hva,2.008087158203125,0.9667774086378738,0.9896907216494846,False
EGFR,5ug8,8f1y,2.008312940597534,0.9351535836177475,0.9890510948905109,False
EGFR,6tfw,5em7,2.0090577602386475,0.8733333333333333,0.9923664122137404,False
EGFR,6tfw,5em6,2.0091819763183594,0.8704318936877077,0.9923664122137404,False
ALK,5iuh,4foc,2.0105221271514893,0.9527027027027027,1.0,False
EGFR,5hg7,4i23,2.0108535289764404,0.9078947368421053,0.9891304347826086,False
CDK6,6oqo,2euf,2.010935068130493,0.9042553191489362,1.0,False
EGFR,5ug9,7u9a,2.01118540763855,0.9254237288135593,0.989010989010989,False
EGFR,5uga,7a6i,2.0112688541412354,0.9964664310954063,0.9964539007092199,False
EGFR,6tfw,5hic,2.0113790035247803,0.8708609271523179,0.9923954372623575,False
ALK,5iuh,5aaa,2.011430263519287,0.9489795918367347,0.992831541218638,False
ALK,5iuh,4z55,2.0116329193115234,0.9421768707482994,0.9963898916967509,False
ALK,5iug,7r7r,2.012455940246582,0.9656357388316151,0.99644128113879,False
ALK,5iug,3aox,2.013667345046997,0.9429530201342282,0.99644128113879,False
EGFR,4zjv,4rix,2.0139057636260986,0.9427609427609428,1.0,False
CDK6,5l2s,4tth,2.014087200164795,0.8973384030418251,1.0,False
ALK,5iuh,6cdt,2.0141561031341553,0.9554794520547946,0.996415770609319,False
EGFR,2jit,5cav,2.01424241065979,0.9673202614379085,0.9966216216216216,False
EGFR,6tfw,5cal,2.014641284942627,0.8766666666666667,0.9923954372623575,False
ALK,5iug,5aa9,2.01604962348938,0.9525423728813559,0.9928825622775801,False
EGFR,5ug8,3vjo,2.016664981842041,0.9261744966442953,0.9891304347826086,False
EGFR,4i21,4rix,2.0167949199676514,0.9238410596026491,1.0,False
ALK,5iuh,2xp2,2.017348051071167,0.968421052631579,0.9963768115942029,False
PIK3CA,5sxe,8tsd,2.017425775527954,0.9464627151051626,1.0,False
ALK,5iuh,4ans,2.0177197456359863,0.9556313993174061,0.9892857142857143,False
EGFR,5ug9,3ug2,2.0199644565582275,0.919732441471572,0.9890909090909091,False
ALK,5iuh,3aox,2.0202677249908447,0.9429530201342282,0.99644128113879,False
ALK,5iug,5a9u,2.020606279373169,0.9623287671232876,0.9928825622775801,False
BRAF,4wo5,3prf,2.021338939666748,0.9809160305343512,0.9455252918287937,False
EGFR,5hg5,7a6i,2.0214524269104004,0.9337748344370861,0.9964539007092199,False
EGFR,5ug8,3ug2,2.0221378803253174,0.919732441471572,0.9890909090909091,False
ALK,5iuh,4anq,2.023808479309082,0.9556313993174061,0.9928571428571429,False
EGFR,6tfw,5can,2.0241498947143555,0.8737541528239202,0.9923954372623575,False
PIK3CA,8ilv,8tgd,2.0250320434570312,0.9396299902629016,0.9989637305699481,False
EGFR,5ugc,8tjl,2.0251147747039795,0.9052287581699346,0.9891696750902527,False
EGFR,5hg7,8f1z,2.026388168334961,0.9,0.989247311827957,False
PIK3CA,5sxe,8tsc,2.0264010429382324,0.9493307839388145,0.998992950654582,False
EGFR,6tfw,4rj6,2.027292013168335,0.8787878787878788,0.9923371647509579,False
BRAF,4g9r,3q4c,2.0283524990081787,0.9886363636363636,1.0,False
ALK,5iuh,7r7r,2.0289440155029297,0.9621993127147767,0.9964285714285714,False
EGFR,5hg7,7oxb,2.0304439067840576,0.898360655737705,0.9963503649635036,False
EGFR,5ug9,6vh4,2.0306243896484375,0.9322033898305084,0.9890909090909091,False
ALK,5iug,5aa8,2.0311732292175293,0.9623287671232876,0.9893238434163701,False
EGFR,5ugc,5y9t,2.0332891941070557,0.93,0.992831541218638,False
EGFR,6tfw,5cau,2.0342345237731934,0.8821548821548821,0.9923664122137404,False
ALK,5iuh,5aa9,2.034754514694214,0.9491525423728814,0.9928571428571429,False
ALK,5iuh,3l9p,2.035856008529663,0.9273927392739274,0.99644128113879,False
BRAF,4rzv,2fb8,2.0358951091766357,0.9348659003831418,1.0,False
ALK,5iug,5aab,2.037228584289551,0.9590443686006825,0.9893238434163701,False
PIK3CA,8ilv,2rd0,2.037290096282959,0.9518555667001003,1.0,False
ALK,5iug,5fto,2.039653778076172,0.9463087248322147,0.9929078014184397,False
ALK,5iuh,5fto,2.0401296615600586,0.9463087248322147,0.9929078014184397,False
EGFR,6tfw,5cas,2.0404536724090576,0.8762541806020067,0.9923664122137404,False
EGFR,6tfw,4rj8,2.0415120124816895,0.8791946308724832,0.9923664122137404,False
ALK,5iuh,5a9u,2.0442698001861572,0.958904109589041,0.9928571428571429,False
ALK,5iug,5aac,2.045511484146118,0.9623287671232876,0.9928825622775801,False
ALK,5iug,5j7h,2.047205924987793,0.9656357388316151,0.99644128113879,False
EGFR,2jit,5j9y,2.0503358840942383,0.98,1.0,False
ALK,5iug,5iui,2.0505964756011963,0.9273927392739274,1.0,False
EGFR,6tfw,5c8n,2.0518853664398193,0.8733333333333333,0.9923664122137404,False
EGFR,5ugc,6d8e,2.054269313812256,0.9013157894736842,0.9890510948905109,False
ALK,5iuh,5aa8,2.054691791534424,0.958904109589041,0.9892857142857143,False
PIK3CA,5sxe,8tsa,2.05511212348938,0.9521988527724665,0.998995983935743,False
ALK,5iuh,5j7h,2.0600483417510986,0.9656357388316151,0.99644128113879,False
ALK,5iuh,5aab,2.0612783432006836,0.9556313993174061,0.9892857142857143,False
FGFR1,4v01,6c1b,2.0616817474365234,0.9381818181818182,1.0,False
EGFR,5hg7,3vjo,2.065993070602417,0.9261744966442953,0.9891304347826086,False
EGFR,6tfw,8hy7,2.0673749446868896,0.8729096989966555,0.9923371647509579,False
ALK,5iuh,5aac,2.068265676498413,0.958904109589041,0.9928571428571429,False
EGFR,6tfu,6jrk,2.068700075149536,0.9045936395759717,1.0,False
EGFR,5hg9,7u9a,2.0700206756591797,0.9254237288135593,0.989010989010989,False
ALK,5iuh,5iui,2.0701420307159424,0.9273927392739274,1.0,False
EGFR,2jit,8hv8,2.070286512374878,0.9672131147540983,0.9830508474576272,False
EGFR,5ug9,6d8e,2.075690507888794,0.9013157894736842,0.9890510948905109,False
EGFR,6tfw,6s9b,2.0767860412597656,0.9037800687285223,0.9923954372623575,False
EGFR,5uga,4li5,2.0771048069000244,0.9248366013071896,0.9893992932862191,False
EGFR,6tfz,5xdl,2.080209732055664,0.8904109589041096,0.9884615384615385,False
EGFR,2jit,8hv9,2.0837559700012207,0.9640522875816994,0.9830508474576272,False
EGFR,6tfw,5c8k,2.0839767456054688,0.8766666666666667,0.9923954372623575,False
EGFR,6tfw,4rj4,2.0862958431243896,0.8762541806020067,0.9923664122137404,False
EGFR,7a6k,8hy7,2.0869369506835938,0.8729096989966555,0.9923371647509579,False
FGFR1,4v01,6c1c,2.0895631313323975,0.9420289855072463,1.0,False
MET,3u6i,3q6u,2.091453790664673,0.9790940766550522,0.9928825622775801,False
EGFR,2jit,2j5e,2.0927157402038574,0.9611650485436893,0.9966329966329966,False
EGFR,6tfz,5edr,2.093212127685547,0.8729096989966555,0.9923371647509579,False
FGFR1,4v01,5ur1,2.096353769302368,0.9424460431654677,1.0,False
EGFR,5hg9,6vh4,2.097008466720581,0.9322033898305084,0.9890909090909091,False
EGFR,2jit,2itq,2.0972001552581787,0.9866666666666667,0.9932432432432432,False
EGFR,6tfw,8kfq,2.099544048309326,0.8704318936877077,0.9923664122137404,False
BRAF,4rzv,3psb,2.1004626750946045,0.9318181818181818,1.0,False
EGFR,6tfw,5caq,2.1016218662261963,0.8737541528239202,0.9923954372623575,False
EGFR,2jit,6vhp,2.102363109588623,0.948051948051948,0.9965753424657534,False
EGFR,2jit,8hv1,2.1029441356658936,0.9546925566343042,0.9864406779661017,False
EGFR,7a6k,8g63,2.107027769088745,0.9214285714285714,0.9922480620155039,False
EGFR,2jit,8hv5,2.111814498901367,0.9640522875816994,0.9864406779661017,False
CDK6,6oqo,2f2c,2.1183273792266846,0.9035714285714286,1.0,False
EGFR,5hg9,6d8e,2.1220510005950928,0.9013157894736842,0.9890510948905109,False
PIK3CA,7myn,8v8j,2.1252951622009277,0.9498525073746312,0.9989648033126294,False
EGFR,2jit,5xdk,2.1259944438934326,0.9706840390879479,1.0,False
EGFR,2jit,7zyp,2.12943172454834,0.9770491803278688,0.9865771812080537,False
EGFR,5hg7,5y9t,2.1315431594848633,0.9333333333333333,0.9928571428571429,False
EGFR,4zjv,7lgs,2.1328418254852295,0.9752650176678446,1.0,False
PIK3CA,8ilv,5dxh,2.1346545219421387,0.963302752293578,1.0,False
BRAF,4rzv,3ppk,2.1355326175689697,0.9318181818181818,1.0,False
EGFR,6z4d,5hic,2.1357107162475586,0.8807947019867549,0.9924812030075187,False
EGFR,2jit,2itx,2.1427485942840576,0.9576547231270358,0.9965986394557823,False
EGFR,2jit,2eb2,2.1430110931396484,0.9639344262295082,0.9931972789115646,False
EGFR,2jit,8hv4,2.143796682357788,0.9638157894736842,0.9897610921501706,False
EGFR,5hg7,8tjl,2.1444904804229736,0.9084967320261438,0.9892086330935251,False
BRAF,4rzv,3d4q,2.1461451053619385,0.9318181818181818,1.0,False
EGFR,7a2a,7tvd,2.147886276245117,0.9006849315068494,0.9923954372623575,False
EGFR,6tfz,5edp,2.149082899093628,0.888135593220339,0.9923664122137404,False
EGFR,6tfw,5c8m,2.1500942707061768,0.8708609271523179,0.9923954372623575,False
EGFR,7a6k,6vhn,2.152977705001831,0.9090909090909091,0.9923076923076923,False
EGFR,2jit,6s8a,2.156364917755127,0.9488817891373802,0.9865319865319865,False
EGFR,6tfz,5zto,2.16438627243042,0.8843537414965986,0.9923076923076923,False
EGFR,6z4d,5can,2.167994499206543,0.8837209302325582,0.9924812030075187,False
FGFR1,4v01,4wun,2.1724801063537598,0.925531914893617,1.0,False
EGFR,2jit,8f1h,2.172927141189575,0.9706840390879479,0.9966442953020134,False
EGFR,7lg8,5j9z,2.178178071975708,0.9243986254295533,0.9962825278810409,False
EGFR,6tfw,5xdl,2.1813807487487793,0.8972602739726028,0.9885496183206107,False
EGFR,2jit,2itw,2.1828794479370117,0.99,0.9966329966329966,False
EGFR,2jit,5y9t,2.186997652053833,0.98,1.0,False
EGFR,6tfw,5edp,2.1887335777282715,0.8915254237288136,0.9923954372623575,False
PIK3CA,6nct,8dcx,2.190951347351074,0.890279114533205,1.0,False
BRAF,1uwh,7shv,2.1930227279663086,0.9810606060606061,1.0,False
CDK6,6oqo,1jow,2.193875312805176,0.9169675090252708,1.0,False
EGFR,6tfz,5xgm,2.197457790374756,0.9027777777777778,0.9961538461538462,False
EGFR,6tfw,8g63,2.202982187271118,0.9285714285714286,0.9923076923076923,False
EGFR,2jit,3w2q,2.203429937362671,0.9706840390879479,0.9932885906040269,False
ALK,5iug,4fnx,2.206883430480957,0.9657534246575342,1.0,False
ALK,5iug,4fnw,2.2116806507110596,0.9342105263157895,0.9964788732394366,False
BRAF,5fd2,4mne,2.2143096923828125,0.9659090909090909,1.0,False
BRAF,1uwh,3pri,2.2166621685028076,0.9962121212121212,1.0,False
ALK,5iuh,4fnx,2.2242608070373535,0.9691780821917808,1.0,False
EGFR,2jit,8hv3,2.226710081100464,0.9641693811074918,0.9864864864864865,False
ABL1,2g2h,6xr6,2.226801872253418,0.9477351916376306,0.9963235294117647,False
ALK,5iuh,4fnw,2.22694730758667,0.9342105263157895,0.9964788732394366,False
BRAF,4rzv,3pri,2.2287936210632324,0.9886363636363636,0.9425287356321839,False
EGFR,6z4d,5caq,2.2290117740631104,0.8837209302325582,0.9924812030075187,False
ALK,5iug,4fod,2.2331278324127197,0.922077922077922,1.0,False
EGFR,2jit,4r3p,2.233391761779785,0.964516129032258,0.9933110367892977,False
EGFR,5uga,7si1,2.2366621494293213,0.8975265017667845,0.9881889763779528,False
EGFR,2jit,6jrx,2.2402408123016357,0.9866666666666667,0.9966216216216216,False
ALK,5iuh,4fod,2.2402946949005127,0.922077922077922,1.0,False
EGFR,5hg8,4riw,2.241985321044922,0.93,1.0,False
EGFR,2jit,8hv6,2.2433621883392334,0.9641693811074918,0.9831081081081081,False
EGFR,6tfy,6jrk,2.2434706687927246,0.9151943462897526,1.0,False
EGFR,6z4d,7vre,2.245549440383911,0.8525641025641025,0.9924812030075187,False
BRAF,4ehe,4mne,2.2456881999969482,0.9624060150375939,1.0,False
MET,8ow3,3q6u,2.2459840774536133,0.8989547038327527,1.0,False
EGFR,5uwd,5gmp,2.2497899532318115,0.8852459016393442,0.9925925925925926,False
BRAF,4g9c,3pri,2.251035213470459,1.0,1.0,False
BRAF,4xv9,3psd,2.2602927684783936,0.9885496183206107,0.9420849420849421,False
BRAF,4g9c,3d4q,2.2669260501861572,1.0,1.0,False
BRAF,4xv9,3ppj,2.270967483520508,0.9885496183206107,0.9420849420849421,False
BRAF,4g9c,3psb,2.2736854553222656,1.0,1.0,False
EGFR,6tfw,6jrj,2.2752511501312256,0.90625,0.9923371647509579,False
EGFR,3lzb,4rj5,2.2816689014434814,0.8581081081081081,1.0,False
BRAF,5jsm,7shv,2.2893576622009277,0.9849056603773585,0.9425287356321839,False
EGFR,4i21,7lgs,2.289741277694702,0.9105960264900662,1.0,False
BRAF,4g9c,3ppk,2.2907278537750244,1.0,1.0,False
EGFR,5u8l,5j9y,2.2908995151519775,0.9366666666666666,0.9928825622775801,False
BRAF,6n0p,4e26,2.2909996509552,0.9851851851851852,1.0,False
EGFR,2jit,3w2o,2.297337055206299,0.9770491803278688,0.9932885906040269,False
EGFR,2jit,5czh,2.3029191493988037,0.9614147909967846,0.9933110367892977,False
EGFR,5u8l,7u99,2.3040335178375244,0.930921052631579,0.9893992932862191,False
EGFR,6tfv,5y25,2.307460069656372,0.8972602739726028,1.0,False
EGFR,2jit,6s89,2.3085577487945557,0.9580645161290322,0.9865319865319865,False
EGFR,6z4d,5c8m,2.309393882751465,0.8807947019867549,0.9924812030075187,False
EGFR,5u8l,2j6m,2.3199894428253174,0.9248366013071896,0.9893992932862191,False
EGFR,2jit,5czi,2.321298837661743,0.964516129032258,0.9933110367892977,False
EGFR,5u8l,8sc7,2.321458101272583,0.884375,0.9893992932862191,False
EGFR,6tfv,5cao,2.3266167640686035,0.8733333333333333,1.0,False
EGFR,5uga,8f1h,2.331834554672241,0.9218241042345277,0.9893992932862191,False
EGFR,5u8l,5xdk,2.344937324523926,0.9381107491856677,0.9930555555555556,False
BRAF,6uan,6q0j,2.3562302589416504,0.9859154929577465,1.0,False
EGFR,5u8l,8hv4,2.3570921421051025,0.9276315789473685,0.9893617021276596,False
EGFR,6z4d,6s9d,2.3590471744537354,0.89,0.9925093632958801,False
EGFR,5u8l,3w2q,2.3646771907806396,0.9413680781758957,0.9965397923875432,False
EGFR,5u8l,6s8a,2.367125988006592,0.9073482428115016,0.9788732394366197,False
EGFR,5u8l,6jrx,2.369471788406372,0.9433333333333334,0.9893992932862191,False
BRAF,4pp7,4e26,2.3757095336914062,0.9814814814814815,1.0,False
EGFR,6tfv,4rj5,2.3769428730010986,0.8817567567567568,1.0,False
EGFR,6z4d,5hcy,2.3798775672912598,0.8841059602649006,0.9925093632958801,False
EGFR,5u8l,6s89,2.3803133964538574,0.9161290322580645,0.9788732394366197,False
EGFR,2jit,3w2p,2.3805813789367676,0.9675324675324676,0.9932885906040269,False
BRAF,4mbj,4e26,2.3810856342315674,0.9888888888888889,1.0,False
FGFR1,4v01,3gql,2.3883204460144043,0.9563636363636364,1.0,False
EGFR,6z4d,6s9c,2.391991138458252,0.8870431893687708,0.9925093632958801,False
EGFR,2jit,4r3r,2.399073839187622,0.9644012944983819,0.9932885906040269,False
EGFR,5u8l,4r3p,2.411400318145752,0.932258064516129,0.9930795847750865,False
EGFR,3lzb,5em5,2.416067123413086,0.8523489932885906,1.0,False
EGFR,5u8l,4lrm,2.428584098815918,0.9556313993174061,1.0,False
EGFR,6z4d,6s9b,2.43131685256958,0.9140893470790378,0.9924812030075187,False
EGFR,5u8l,6jz0,2.4314463138580322,0.9196141479099679,0.9895104895104895,False
EGFR,6tfz,7tvd,2.440040349960327,0.8904109589041096,0.9923076923076923,False
EGFR,7a6j,2eb3,2.4431145191192627,0.9149659863945578,0.9888475836431226,False
EGFR,2jit,8d73,2.44563364982605,0.9288025889967637,0.9930313588850174,False
PIK3CA,5sxe,8v8h,2.448535680770874,0.9541108986615678,0.998997995991984,False
BRAF,4rzv,4yht,2.465663433074951,0.9310344827586207,1.0,False
EGFR,5u8l,5czi,2.4720618724823,0.932258064516129,0.9930795847750865,False
EGFR,5u8l,5czh,2.476047992706299,0.9292604501607717,0.9930795847750865,False
EGFR,6tfv,5em5,2.488447904586792,0.8758389261744967,1.0,False
PIK3CA,5sxe,8tgd,2.5038607120513916,0.9627151051625239,0.9990069513406157,False
EGFR,5hg5,2itp,2.521207094192505,0.9344262295081968,0.9859649122807017,False
EGFR,5hg5,8hv1,2.5241620540618896,0.9288025889967637,0.9860627177700348,False
PIK3CA,6nct,8v8i,2.5331027507781982,0.9499518768046198,0.9989868287740629,False
BRAF,6p3d,2fb8,2.534191370010376,0.928030303030303,1.0,False
EGFR,5hg8,2itp,2.5366644859313965,0.9344262295081968,0.9859649122807017,False
EGFR,5hg8,3vjn,2.5368831157684326,0.9366666666666666,0.9893238434163701,False
EGFR,5hg8,8hv1,2.5389037132263184,0.9288025889967637,0.9860627177700348,False
EGFR,5hg5,2itq,2.5396718978881836,0.9437086092715232,0.9859649122807017,False
EGFR,5hg8,5j9y,2.5454258918762207,0.9433333333333334,0.9929328621908127,False
EGFR,5hg5,8hv8,2.5485281944274902,0.940983606557377,0.9825783972125436,False
EGFR,3w33,7er2,2.550562620162964,0.9393939393939394,0.992831541218638,False
EGFR,5hg5,7t4i,2.5518434047698975,0.941747572815534,0.9896907216494846,False
EGFR,5hg5,2j6m,2.553372383117676,0.9313725490196079,0.9894736842105263,False
EGFR,5hg8,2itq,2.5546071529388428,0.95,0.9859649122807017,False
EGFR,5hg8,8hv8,2.5605576038360596,0.940983606557377,0.9825783972125436,False
EGFR,5hg5,2eb2,2.5615224838256836,0.9377049180327869,0.986013986013986,False
EGFR,5hg5,7zyp,2.56398868560791,0.9377049180327869,0.9790209790209791,False
EGFR,5hg8,7t4i,2.567023277282715,0.941747572815534,0.9896907216494846,False
EGFR,5hg8,7u99,2.5675559043884277,0.9375,0.9894736842105263,False
EGFR,5hg5,8hv5,2.5700159072875977,0.9379084967320261,0.9860627177700348,False
EGFR,5hg5,8hv9,2.5704538822174072,0.9379084967320261,0.9825783972125436,False
EGFR,5hg8,2eb2,2.574307918548584,0.9377049180327869,0.986013986013986,False
EGFR,5hg8,7zyp,2.5780720710754395,0.9377049180327869,0.9790209790209791,False
EGFR,5hg8,8hv9,2.5820741653442383,0.9379084967320261,0.9825783972125436,False
EGFR,5hg8,8hv5,2.583697557449341,0.9379084967320261,0.9860627177700348,False
PIK3CA,5sxe,8v8j,2.5857648849487305,0.9512428298279159,0.9989949748743718,False
EGFR,5hg5,2itw,2.5893566608428955,0.9437086092715232,0.9894736842105263,False
EGFR,5hg8,5xdk,2.5938527584075928,0.9446254071661238,0.993103448275862,False
EGFR,5hg5,7si1,2.5942673683166504,0.8642384105960265,0.9885057471264368,False
EGFR,5hg5,5cav,2.5981502532958984,0.9313725490196079,0.9894736842105263,False
EGFR,5hg8,2itw,2.598790168762207,0.95,0.9894736842105263,False
EGFR,5hg8,3w2q,2.602065086364746,0.9543973941368078,0.9965870307167235,False
EGFR,5hg8,7si1,2.605085611343384,0.87,0.9885057471264368,False
EGFR,5hg5,2j5e,2.6103978157043457,0.9352750809061489,0.9896193771626297,False
EGFR,5hg8,5cav,2.6132586002349854,0.9313725490196079,0.9894736842105263,False
EGFR,5hg5,8hv3,2.6141247749328613,0.9348534201954397,0.9860627177700348,False
EGFR,4zjv,6jx0,2.614143133163452,0.9757785467128027,0.9964539007092199,False
PIK3CA,5sxe,8v8u,2.6156458854675293,0.9724857685009488,0.9990243902439024,False
EGFR,5hg8,8hv4,2.61759614944458,0.9342105263157895,0.9894366197183099,False
EGFR,5hg8,6jrx,2.6181325912475586,0.95,0.9894736842105263,False
BRAF,5csx,4mne,2.6205031871795654,0.9195402298850575,1.0,False
EGFR,5hg5,3w2o,2.624882698059082,0.9540983606557377,0.9965635738831615,False
EGFR,5hg8,8hv3,2.626565933227539,0.9348534201954397,0.9860627177700348,False
EGFR,5hg8,2j5e,2.628188371658325,0.9352750809061489,0.9896193771626297,False
EGFR,5hg5,8f1h,2.631147861480713,0.9381107491856677,0.9895833333333334,False
EGFR,5hg8,3w2o,2.63301682472229,0.9540983606557377,0.9965635738831615,False
EGFR,5hg8,4r3p,2.633272647857666,0.9387096774193548,0.993127147766323,False
EGFR,7lg8,5cap,2.6386547088623047,0.9075907590759076,0.9927272727272727,False
EGFR,3w33,7vra,2.641695737838745,0.936026936026936,0.9928057553956835,False
ABL1,3ue4,2g2i,2.656002998352051,0.981549815498155,1.0,False
BRAF,6uan,6q0t,2.664196014404297,0.9823943661971831,1.0,False
EGFR,5hg5,8hv6,2.6660120487213135,0.9348534201954397,0.9825783972125436,False
EGFR,4i20,8d76,2.6714601516723633,0.9134615384615384,0.9964912280701754,False
EGFR,7u98,4zau,2.67596435546875,0.9094076655052264,0.9923371647509579,False
EGFR,5hg8,8hv6,2.6780033111572266,0.9348534201954397,0.9825783972125436,False
EGFR,5hg8,5czi,2.6868486404418945,0.9387096774193548,0.993127147766323,False
EGFR,4i20,8d73,2.6905877590179443,0.9223300970873787,0.9964912280701754,False
EGFR,5hg5,4r3r,2.6968252658843994,0.9385113268608414,0.993103448275862,False
EGFR,5hg5,3w2p,2.6989314556121826,0.948051948051948,0.9965753424657534,False
EGFR,5hg8,5czh,2.7005627155303955,0.9356913183279743,0.993127147766323,False
EGFR,5hg8,4r3r,2.702692985534668,0.9385113268608414,0.993103448275862,False
EGFR,6tfv,7tvd,2.703303098678589,0.8972602739726028,1.0,False
EGFR,5hg8,3w2p,2.707516670227051,0.948051948051948,0.9965753424657534,False
ABL1,4wa9,2g2i,2.744213342666626,0.9637681159420289,1.0,False
BRAF,5jsm,4yht,2.763282299041748,0.9207547169811321,1.0,False
EGFR,4i1z,8d73,2.764622211456299,0.9223300970873787,1.0,False
EGFR,8a2a,8hv7,2.780627727508545,0.9281045751633987,0.9894366197183099,False
ABL1,6bl8,2g2i,2.7829997539520264,0.9630996309963099,1.0,False
EGFR,6xl4,5j9z,2.7954511642456055,0.9351535836177475,0.9963503649635036,False
EGFR,8a2a,8hv2,2.8010621070861816,0.9215686274509803,1.0,False
EGFR,8to3,5j9z,2.810807466506958,0.9347079037800687,0.9963235294117647,False
BRAF,6n0p,6xag,2.861999750137329,0.9090909090909091,1.0,False
EGFR,8a2a,5hib,2.8686842918395996,0.9490445859872612,0.9932885906040269,False
MET,8ouu,3r7o,2.8902029991149902,0.939799331103679,0.99644128113879,False
EGFR,4i21,5jeb,2.8967702388763428,0.9536423841059603,1.0,False
EGFR,3w33,6vhn,2.9022557735443115,0.9259259259259259,1.0,False
EGFR,3w2s,5gmp,2.923891544342041,0.9706840390879479,0.9966442953020134,False
EGFR,3w2r,2eb3,2.9253346920013428,0.9629629629629629,0.9965034965034965,False
EGFR,7jxw,5y25,2.9428975582122803,0.952054794520548,0.9928057553956835,False
EGFR,8a2a,5x26,2.95202898979187,0.954248366013072,0.9965753424657534,False
EGFR,4i21,8d76,2.9538886547088623,0.9455128205128205,1.0,False
EGFR,8a2a,5x27,2.954261302947998,0.954248366013072,0.9965753424657534,False
MET,8ouu,4iwd,2.9622979164123535,0.939799331103679,0.99644128113879,False
MET,8ouu,3q6w,2.9734854698181152,0.9461279461279462,0.99644128113879,False
EGFR,8a2a,2ito,2.9749672412872314,0.9575163398692811,0.9965870307167235,False
EGFR,8a2a,2itz,2.9766387939453125,0.9575163398692811,0.9965870307167235,False
EGFR,8a2a,2j5f,2.995063543319702,0.9642857142857143,1.0,False
EGFR,8a2a,8hva,3.0072476863861084,0.9281045751633987,0.9859154929577465,False
EGFR,2rfd,4lqm,3.02127742767334,0.9245901639344263,1.0,False
EGFR,8a2a,4lqm,3.0259552001953125,0.9607843137254902,0.9965986394557823,False
EGFR,8a2a,2ity,3.0353829860687256,0.9509803921568627,1.0,False
EGFR,8a2a,2itt,3.0495543479919434,0.9575163398692811,0.9965870307167235,False
EGFR,8a2a,5x28,3.0572333335876465,0.967741935483871,0.9966666666666667,False
EGFR,2rfd,7vre,3.064417839050293,0.8974358974358975,1.0,False
BRAF,4mbj,6xag,3.067377805709839,0.9163636363636364,1.0,False
PDGFRA,6jol,8pqi,3.073115110397339,0.8996655518394648,0.9962825278810409,False
PIK3CA,6nct,5dxh,3.109508752822876,0.9393647738209817,1.0,False
EGFR,8a2a,2itv,3.1124508380889893,0.9575163398692811,0.9965870307167235,False
EGFR,8a2a,2itn,3.1199951171875,0.9607843137254902,0.9965986394557823,False
PDGFRA,5grn,8pqi,3.1301445960998535,0.9063545150501672,0.996309963099631,False
EGFR,8a2a,2itu,3.136181354522705,0.9607843137254902,0.9965986394557823,False
BRAF,4pp7,6xag,3.15163516998291,0.9090909090909091,1.0,False
EGFR,7jxw,6jrj,3.1620094776153564,0.9409722222222222,0.992619926199262,False
PIK3CA,6nct,8v8h,3.1662943363189697,0.9672762271414822,0.9990049751243781,False
PIK3CA,6nct,8tdu,3.1778628826141357,0.9720885466794995,1.0,False
PIK3CA,6nct,8tgd,3.201883316040039,0.9749759384023099,0.9990128331688055,False
PIK3CA,6nct,8v8j,3.2438230514526367,0.9653512993262753,0.9990029910269193,False
EGFR,7jxm,6jrj,3.243957996368408,0.9340277777777778,0.9925650557620818,False
EGFR,5hg8,6s89,3.267155408859253,0.932258064516129,0.9792387543252595,False
EGFR,4i21,6jx0,3.268958330154419,0.9470198675496688,1.0,False
EGFR,8a2a,6jx4,3.279287338256836,0.9650793650793651,0.9967105263157895,False
PIK3CA,6nct,8v8u,3.281956672668457,0.9705882352941176,0.9990224828934506,False
EGFR,8a2a,6jwl,3.3019580841064453,0.9561128526645768,0.9967213114754099,False
EGFR,2rfd,7er2,3.313528537750244,0.9486301369863014,1.0,False
EGFR,8a2a,6vhp,3.3164353370666504,0.948051948051948,1.0,False
EGFR,8a2a,4r5s,3.324270009994507,0.9509803921568627,0.9965635738831615,False
EGFR,7jxm,5cau,3.328179121017456,0.936026936026936,0.9928057553956835,False
EGFR,8a2a,5gtz,3.3343231678009033,0.9652996845425867,0.9967320261437909,False
EGFR,7jxm,5cas,3.3344051837921143,0.9297658862876255,0.9928057553956835,False
KIT,6xv9,8pqb,3.367017984390259,0.9417808219178082,1.0,False
KIT,6xva,8pqb,3.370290756225586,0.9375,1.0,False
EGFR,2jit,8d76,3.403136730194092,0.9294871794871795,0.993103448275862,False
EGFR,8a2a,5x2k,3.423610210418701,0.9554140127388535,0.9966666666666667,False
EGFR,6p1l,5zto,3.4805946350097656,0.9421768707482994,0.9927797833935018,False
EGFR,5hg5,8sc7,3.504441976547241,0.925,0.9898648648648649,False
EGFR,7jxm,8g63,3.5110833644866943,0.926829268292683,0.9924812030075187,False
EGFR,7jxw,5xgm,3.5338199138641357,0.9375,0.9962962962962963,False
EGFR,2jiu,6jx0,3.5378613471984863,0.9352750809061489,1.0,False
EGFR,6jxt,5x2k,3.5444839000701904,0.8757961783439491,0.9927272727272727,False
EGFR,7jxm,5hcx,3.5540201663970947,0.9328859060402684,0.9928057553956835,False
EGFR,5hg8,6s8a,3.573986291885376,0.9297124600638977,0.979381443298969,False
EGFR,7jxm,5hcz,3.607944965362549,0.93,0.992831541218638,False
KIT,4u0i,8pqb,3.6316075325012207,0.9393939393939394,0.931899641577061,False
EGFR,7jxm,5em7,3.632575511932373,0.9266666666666666,0.9928057553956835,False
EGFR,7jxm,5c8n,3.66471529006958,0.93,0.992831541218638,False
BRAF,6uan,6u2h,3.6678626537323,0.9401408450704225,1.0,False
EGFR,8gb4,5edq,3.6756978034973145,0.9530201342281879,0.9929577464788732,False
EGFR,7jxw,4rj5,3.6830461025238037,0.9459459459459459,0.9928571428571429,False
EGFR,7jxm,4rj6,3.6859235763549805,0.936026936026936,0.9928057553956835,False
EGFR,7u98,6jrk,3.7056496143341064,0.926829268292683,0.9924812030075187,False
EGFR,7jxm,8hy7,3.723445415496826,0.9297658862876255,0.9928057553956835,False
PIK3CA,7myn,4ykn,3.732276678085327,0.8058091286307054,1.0,False
AKT1,8uw7,4ekk,3.7630419731140137,0.7002518891687658,1.0,False
EGFR,8a2d,6jx4,3.7745985984802246,0.8698412698412699,0.9890510948905109,False
EGFR,2rfd,7ukv,3.7819721698760986,0.9482758620689655,1.0,False
AKT1,8uw7,3ocb,3.7863919734954834,0.7002518891687658,1.0,False
AKT1,8uw7,3mv5,3.788300037384033,0.7002518891687658,1.0,False
EGFR,6xl4,5cap,3.7969160079956055,0.9504950495049505,0.9930555555555556,False
AKT1,8uw7,3cqw,3.8103787899017334,0.7002518891687658,1.0,False
EGFR,7ky0,2eb3,3.8129594326019287,0.9285714285714286,0.989010989010989,False
AKT1,8uw7,6buu,3.822816848754883,0.7002518891687658,1.0,False
EGFR,7jxk,5cap,3.8252477645874023,0.9504950495049505,0.9930555555555556,False
AKT1,8uw7,6c0i,3.8285000324249268,0.7002518891687658,1.0,False
EGFR,6duk,4ll0,3.8305890560150146,0.9391891891891891,1.0,False
EGFR,4g5p,5x28,3.8360249996185303,0.9419354838709677,1.0,False
EGFR,4g5p,6jx4,3.8403778076171875,0.9492063492063492,1.0,False
AKT1,8uw7,3mvh,3.849579095840454,0.6977329974811083,1.0,False
AKT1,8uw7,3cqu,3.8607234954833984,0.7002518891687658,1.0,False
AKT1,8uw7,4gv1,3.871187686920166,0.7002518891687658,1.0,False
AKT1,8uw7,6ccy,3.8829457759857178,0.7002518891687658,0.9856115107913669,False
BRAF,3ii5,4fk3,3.8835976123809814,0.9844357976653697,0.04743083003952569,False
EGFR,8a2d,4r5s,3.898897647857666,0.9163879598662207,0.9963503649635036,False
EGFR,4g5p,2j5f,3.8999130725860596,0.9448051948051948,1.0,False
AKT1,8uw7,4ekl,3.9142353534698486,0.7002518891687658,1.0,False
EGFR,7jxm,4rj4,3.9195399284362793,0.9331103678929766,0.992831541218638,False
EGFR,7jxm,4rj8,3.921759843826294,0.9395973154362416,0.9928571428571429,False
EGFR,6v5n,4ll0,3.9281833171844482,0.9387755102040817,1.0,False
EGFR,4g5p,5x26,3.929826259613037,0.9504950495049505,1.0,False
EGFR,4g5p,5x2k,3.944201946258545,0.9426751592356688,1.0,False
EGFR,4g5p,5x27,3.9500484466552734,0.9504950495049505,1.0,False
AKT1,8uw7,3ow4,3.9518496990203857,0.7002518891687658,1.0,False
AKT1,8uw7,3qkk,3.9620201587677,0.7002518891687658,1.0,False
BRAF,6n0p,6u2h,3.9647879600524902,0.9042553191489362,1.0,False
EGFR,4g5p,2itn,3.9658989906311035,0.944078947368421,1.0,False
AKT1,8uw7,3qkl,3.9757115840911865,0.7002518891687658,1.0,False
EGFR,4g5p,5gtz,3.9829795360565186,0.943217665615142,1.0,False
EGFR,4g5p,2itz,3.9855310916900635,0.9504950495049505,1.0,False
AKT1,8uw7,3qkm,3.9870901107788086,0.7002518891687658,1.0,False
EGFR,6p1l,5edr,3.9898858070373535,0.939799331103679,0.9928825622775801,False
EGFR,4g5p,8hv7,3.99265718460083,0.9471947194719472,1.0,False
EGFR,8a2d,2itz,3.997387409210205,0.9072847682119205,0.9963503649635036,False
EGFR,4wd5,8hv7,4.002559661865234,0.9473684210526315,1.0,False
EGFR,7jxm,5em6,4.004345417022705,0.9335548172757475,0.9928825622775801,False
EGFR,4wd5,8hv2,4.01279354095459,0.9572368421052632,1.0,False
EGFR,4wd5,5hib,4.017641544342041,0.9617834394904459,1.0,False
EGFR,4g5p,6jwl,4.018989562988281,0.9310344827586207,1.0,False
EGFR,4g5p,2ity,4.020050048828125,0.9504950495049505,1.0,False
EGFR,8a2d,2ity,4.020291805267334,0.9133333333333333,0.9927007299270073,False
EGFR,4wd5,6vhp,4.02672004699707,0.9448051948051948,1.0,False
EGFR,4wd5,6jwl,4.030985355377197,0.9341692789968652,1.0,False
FGFR1,4v01,3gqi,4.032599925994873,0.8881578947368421,1.0,False
EGFR,8a2d,2itu,4.046397686004639,0.9013157894736842,0.9963503649635036,False
EGFR,4wd5,5gtz,4.1049675941467285,0.9400630914826499,1.0,False
BRAF,1uwj,2fb8,4.107959270477295,0.9847908745247148,0.04633204633204633,False
EGFR,8fv3,6s9d,4.111895561218262,0.9533333333333334,0.993006993006993,False
EGFR,7jxm,8kfq,4.120904445648193,0.9368770764119602,0.9929078014184397,False
BRAF,5vam,6u2h,4.125839710235596,0.9042553191489362,1.0,False
EGFR,7jxw,5cao,4.142390727996826,0.9466666666666667,0.9929577464788732,False
BRAF,1uwh,3d4q,4.150341510772705,0.9924242424242424,0.04961832061068702,False
EGFR,4wd5,2itx,4.163486480712891,0.9609120521172638,1.0,False
EGFR,4g5p,2ito,4.171994686126709,0.9471947194719472,1.0,False
EGFR,4g5p,2itu,4.173888206481934,0.9473684210526315,1.0,False
EGFR,8a2d,2ito,4.1752777099609375,0.9075907590759076,0.9890909090909091,False
EGFR,3ika,2itx,4.175313949584961,0.964516129032258,1.0,False
EGFR,7jxw,5em5,4.177248954772949,0.9463087248322147,0.9929078014184397,False
EGFR,4g5p,4r5s,4.180919647216797,0.9504950495049505,1.0,False
BRAF,1uwh,3ppk,4.186511993408203,0.9924242424242424,0.04961832061068702,False
BRAF,1uwh,3psb,4.197790622711182,0.9924242424242424,0.04961832061068702,False
BRAF,8c7y,6q0t,4.201945781707764,0.967741935483871,0.9407407407407408,False
BRAF,8c7y,6q0j,4.213711261749268,0.9642857142857143,0.9407407407407408,False
EGFR,8a2d,2j5f,4.213960647583008,0.8928571428571429,0.9927272727272727,False
BRAF,8c7x,6q0t,4.2143473625183105,0.967741935483871,0.9444444444444444,False
EGFR,8a2d,2itt,4.2253737449646,0.9105960264900662,0.9963636363636363,False
BRAF,8c7x,6q0j,4.225977420806885,0.9642857142857143,0.9444444444444444,False
EGFR,8a2d,2itn,4.247426509857178,0.9046052631578947,0.9890909090909091,False
EGFR,8a2d,2itv,4.248483657836914,0.9075907590759076,0.9963636363636363,False
EGFR,4g5p,2itt,4.25982666015625,0.9471947194719472,1.0,False
BRAF,1uwj,3prf,4.280949115753174,0.9923954372623575,0.04980842911877394,False
ABL1,1opl,6xr6,4.308218002319336,0.736986301369863,1.0,False
ABL1,1opl,2f4j,4.316583633422852,0.736986301369863,1.0,False
KIT,6gqm,8pqc,4.33211088180542,0.9595959595959596,1.0,False
EGFR,4g5p,2itv,4.341161251068115,0.9471947194719472,1.0,False
FGFR1,4v01,3kxx,4.349384784698486,0.9440559440559441,1.0,False
KIT,6xv9,8pqc,4.351101398468018,0.9764309764309764,1.0,False
BRAF,4g9c,3q4c,4.358617305755615,0.9962121212121212,0.049429657794676805,False
EGFR,4g5p,8dsw,4.3650665283203125,0.9315960912052117,1.0,False
FGFR1,4v01,5flf,4.398915767669678,0.9417808219178082,0.9963636363636363,False
KIT,6itv,8pqg,4.519737720489502,0.9528619528619529,0.9399293286219081,False
EGFR,7jxq,5gmp,4.5237860679626465,0.940983606557377,0.9965156794425087,False
PIK3CA,8ilv,4ykn,4.551549434661865,0.8008298755186722,1.0,False
EGFR,4zse,6s9d,4.5798821449279785,0.95,1.0,False
EGFR,4i21,8h7x,4.6032938957214355,0.9635761589403974,1.0,False
BRAF,8c7y,6q0k,4.6328816413879395,0.9107142857142857,1.0,False
MET,3f66,3r7o,4.638699531555176,0.8862876254180602,1.0,False
MET,3f66,3q6w,4.669832229614258,0.8922558922558923,1.0,False
MET,3f66,4iwd,4.672966480255127,0.8862876254180602,1.0,False
EGFR,8a2d,5x27,4.721726417541504,0.9139072847682119,0.9963768115942029,False
EGFR,8a2d,5x26,4.721897125244141,0.9139072847682119,0.9963768115942029,False
EGFR,8a2d,5x28,4.731123924255371,0.8903225806451613,0.9963768115942029,False
BRAF,8c7x,6q0k,4.741738796234131,0.9142857142857143,1.0,False
KIT,6gqj,8pqc,4.746492385864258,0.9899328859060402,1.0,False
CDK4,2w9z,7sj3,4.758542537689209,0.9337979094076655,1.0,False
KIT,6kla,8pqg,4.836581707000732,0.9288025889967637,0.9407665505226481,False
CDK4,2w99,7sj3,4.844447135925293,0.9347079037800687,1.0,False
CDK4,2w96,7sj3,4.885379791259766,0.9304029304029304,1.0,False
EGFR,8to4,6s9b,4.886267185211182,0.9266666666666666,0.9928057553956835,False
EGFR,8to4,5hcx,4.90006160736084,0.9533333333333334,0.993006993006993,False
KIT,6itt,8pqg,5.024533748626709,0.9124579124579124,1.0,False
PDGFRA,6jol,8pqh,5.0411248207092285,0.8691588785046729,0.996415770609319,False
KIT,6xv9,8pqf,5.048949718475342,0.9795918367346939,1.0,False
KIT,6xv9,8pqd,5.071203708648682,0.9797979797979798,1.0,False
PDGFRA,5grn,8pqh,5.105315685272217,0.8722741433021807,0.9964285714285714,False
EGFR,5yu9,4ll0,5.106802940368652,0.94,1.0,False
MET,3vw8,3r7o,5.109012126922607,0.9372937293729373,0.9788732394366197,False
MET,3vw8,4iwd,5.117099761962891,0.9372937293729373,0.9788732394366197,False
EGFR,8to4,4rj4,5.1258440017700195,0.9566666666666667,0.9930313588850174,False
MET,3vw8,3q6w,5.138819217681885,0.9372937293729373,0.9788732394366197,False
CDK4,6p8h,5fwp,5.145411014556885,0.751937984496124,1.0,False
CDK4,6p8e,5fwp,5.1537675857543945,0.7461538461538462,1.0,False
CDK4,6p8h,5fwk,5.155262470245361,0.751937984496124,1.0,False
CDK4,6p8e,5fwk,5.16387414932251,0.7461538461538462,1.0,False
CDK4,6p8f,5fwp,5.169788360595703,0.7480916030534351,1.0,False
EGFR,8to4,5hcz,5.170614242553711,0.96,0.9930555555555556,False
EGFR,8to4,5em7,5.1717610359191895,0.9566666666666667,0.9930313588850174,False
CDK4,6p8f,5fwk,5.1791253089904785,0.7480916030534351,1.0,False
KIT,7zy6,8pqa,5.194602012634277,0.9658703071672355,0.9540636042402827,False
EGFR,7jxl,4rj7,5.200553894042969,0.9593220338983051,0.9929328621908127,False
EGFR,8to4,5c8n,5.209589004516602,0.96,0.9930555555555556,False
EGFR,8to4,5hcy,5.2259602546691895,0.956953642384106,0.9930795847750865,False
KIT,7zw8,8pqa,5.23183536529541,0.9501661129568106,0.951048951048951,False
EGFR,8fv4,5can,5.238748073577881,0.9568106312292359,0.9930555555555556,False
EGFR,8to4,8kfq,5.2407708168029785,0.9634551495016611,0.993103448275862,False
KIT,6itv,8pqf,5.242349624633789,0.9629629629629629,0.9405594405594405,False
KIT,6itv,8pqd,5.247114181518555,0.9764309764309764,0.9379310344827586,False
KIT,6xv9,7khj,5.263606071472168,0.934931506849315,1.0,False
KIT,6itv,8pq9,5.268508434295654,0.9730639730639731,0.9411764705882353,False
EGFR,8fv4,5hcy,5.30925178527832,0.956953642384106,0.9930795847750865,False
KIT,1t46,8pqa,5.321394443511963,0.9797979797979798,0.9484536082474226,False
KIT,7zy6,1pkg,5.328100681304932,0.9215017064846417,1.0,False
KIT,6xv9,7khk,5.344382286071777,0.9417808219178082,1.0,False
EGFR,8to4,8wd4,5.352851390838623,0.9433333333333334,0.9893992932862191,False
EGFR,8to4,5em6,5.357885360717773,0.9634551495016611,0.993103448275862,False
EGFR,4zse,8wd4,5.367721080780029,0.9364548494983278,1.0,False
AKT1,8uw7,6npz,5.374091148376465,0.7052896725440806,1.0,False
KIT,6xva,7khk,5.374309062957764,0.9278350515463918,1.0,False
EGFR,4zse,6s9c,5.399401664733887,0.9401993355481728,1.0,False
EGFR,4i21,3vjn,5.4227399826049805,0.9470198675496688,1.0,False
EGFR,8fv4,5hic,5.442508220672607,0.9602649006622517,0.993103448275862,False
KIT,7zw8,7khj,5.454439163208008,0.9368770764119602,0.9574468085106383,False
KIT,6kla,8pqd,5.486809253692627,0.9514563106796117,0.9387755102040817,False
KIT,6kla,8pqf,5.487563610076904,0.9385113268608414,0.9413793103448276,False
KIT,6kla,8pq9,5.493070602416992,0.948220064724919,0.9419795221843004,False
EGFR,8fv4,5caq,5.506446838378906,0.9634551495016611,0.993103448275862,False
CDK6,1blx,1xo2,5.510946750640869,0.9475409836065574,1.0,False
EGFR,2jit,4li5,5.523343563079834,0.9738562091503268,0.9966442953020134,False
EGFR,2jit,7aei,5.5312371253967285,0.9396825396825397,0.9966216216216216,False
KIT,7zw8,1pkg,5.533033847808838,0.9003322259136213,1.0,False
KIT,1t46,7khj,5.533109188079834,0.9663299663299664,0.9581881533101045,False
EGFR,2jit,7aem,5.542273998260498,0.9519230769230769,0.9966329966329966,False
EGFR,4i22,5cas,5.561265468597412,0.9632107023411371,0.9965277777777778,False
EGFR,2jit,5ugb,5.569230556488037,0.9674267100977199,0.9966329966329966,False
EGFR,2jit,4i23,5.576147556304932,0.9671052631578947,0.9965986394557823,False
EGFR,5gty,7vra,5.60569429397583,0.9259259259259259,1.0,False
EGFR,4i22,4rj7,5.6184868812561035,0.9629629629629629,0.9965034965034965,False
EGFR,8fv3,6s9c,5.623985290527344,0.9501661129568106,0.993006993006993,False
KIT,6gqj,7khk,5.625046730041504,0.9731543624161074,0.9655172413793104,False
KIT,6itt,8pq9,5.661308765411377,0.9326599326599326,1.0,False
EGFR,8to4,7vre,5.681217670440674,0.9487179487179487,0.9932432432432432,False
PIK3CA,5sxe,4ykn,5.684902191162109,0.8348547717842324,1.0,False
CDK6,1blx,2euf,5.713869571685791,0.9245901639344263,1.0,False
EGFR,4i22,6vhn,5.831371784210205,0.9259259259259259,0.9890909090909091,False
CDK6,1blx,2f2c,5.839435577392578,0.9180327868852459,1.0,False
CDK6,1blx,1jow,5.857295513153076,0.9081967213114754,1.0,False
AKT1,6s9w,4ekk,6.541975498199463,0.7250608272506083,1.0,False
AKT1,6s9w,3ocb,6.5573811531066895,0.7250608272506083,1.0,False
AKT1,6s9w,3cqw,6.573133945465088,0.7250608272506083,1.0,False
AKT1,6s9w,3mv5,6.578907489776611,0.7250608272506083,1.0,False
AKT1,6s9w,6buu,6.581657409667969,0.7250608272506083,1.0,False
AKT1,6s9w,6c0i,6.585384845733643,0.7250608272506083,1.0,False
AKT1,6s9w,3cqu,6.615590572357178,0.7250608272506083,1.0,False
AKT1,6s9w,3mvh,6.634784698486328,0.7226277372262774,1.0,False
PIK3CA,5sxe,3hhm,6.672116756439209,0.9703632887189293,0.9950738916256158,False
AKT1,6s9w,4gv1,6.673194408416748,0.7274939172749392,0.9966555183946488,False
AKT1,6s9w,4ekl,6.696101665496826,0.7250608272506083,1.0,False
EGFR,2rfd,7oxb,6.6985344886779785,0.9245901639344263,1.0,False
AKT1,6s9w,3qkl,6.713672161102295,0.7250608272506083,1.0,False
AKT1,6s9w,6ccy,6.71860933303833,0.7299270072992701,0.98,False
AKT1,6s9w,3ow4,6.719241619110107,0.7250608272506083,1.0,False
AKT1,6s9w,3qkk,6.721943378448486,0.7250608272506083,1.0,False
AKT1,6s9w,3qkm,6.7534050941467285,0.7250608272506083,1.0,False
EGFR,5hg9,7t4j,6.8072590827941895,0.9857142857142858,0.2536231884057971,False
EGFR,5ugc,7t4j,6.813384056091309,0.9857142857142858,0.2536231884057971,False
EGFR,5ug9,7t4j,6.824035167694092,0.9857142857142858,0.2536231884057971,False
EGFR,4i21,4lrm,6.881730556488037,0.9437086092715232,0.27017543859649124,False
CDK6,1g3n,1xo2,7.046847820281982,0.9726962457337884,1.0,False
PIK3CA,6nct,3hhm,7.051480293273926,0.9797882579403272,0.9950884086444007,False
PIK3CA,6nct,2rd0,7.125516414642334,0.9538017324350336,0.9939455095862765,False
KIT,1t46,1pkg,7.13490629196167,0.9259259259259259,1.0,False
CDK6,1g3n,2euf,7.146878242492676,0.9488054607508533,1.0,False
AKT1,6s9w,6npz,7.168820858001709,0.732360097323601,1.0,False
AKT1,6hhj,4ekk,7.174022674560547,0.7317073170731707,1.0,False
AKT1,6hhj,3ocb,7.189390182495117,0.7317073170731707,1.0,False
AKT1,6hhj,3cqw,7.206239223480225,0.7317073170731707,1.0,False
AKT1,6hhj,6buu,7.2066850662231445,0.7317073170731707,1.0,False
AKT1,6hhj,6c0i,7.213630676269531,0.7317073170731707,1.0,False
AKT1,6hhj,3mv5,7.216067790985107,0.7317073170731707,1.0,False
CDK6,1g3n,1jow,7.23642635345459,0.9453924914675768,1.0,False
AKT1,6hhj,3cqu,7.252521514892578,0.7317073170731707,1.0,False
AKT1,6hhj,3mvh,7.272100448608398,0.7292682926829268,1.0,False
CDK6,1g3n,2f2c,7.307117462158203,0.9419795221843004,1.0,False
AKT1,6hhj,4gv1,7.312533378601074,0.7317073170731707,1.0,False
AKT1,6hhj,4ekl,7.329090118408203,0.7317073170731707,1.0,False
AKT1,6hhj,3qkl,7.346323490142822,0.7317073170731707,1.0,False
AKT1,6hhj,3ow4,7.353041648864746,0.7317073170731707,1.0,False
AKT1,6hhj,3qkk,7.356812477111816,0.7317073170731707,1.0,False
AKT1,6hhj,6ccy,7.362561225891113,0.7317073170731707,0.9866666666666667,False
AKT1,6hhj,3qkm,7.385549545288086,0.7317073170731707,1.0,False
PIK3CA,6nct,4ovv,7.485065937042236,0.989443378119002,0.9922405431619786,False
PIK3CA,5sxe,4ovv,7.493875026702881,0.98565965583174,0.9922405431619786,False
PIK3CA,6nct,4ovu,7.5072150230407715,0.9865900383141762,0.9922330097087378,False
PIK3CA,5sxe,4ovu,7.516825199127197,0.9837476099426387,0.9922254616132167,False
PIK3CA,5sxe,3hiz,7.694915771484375,0.9579349904397706,0.9910179640718563,False
PIK3CA,6nct,3hiz,7.8784098625183105,0.9682386910490857,0.9910536779324056,False
AKT1,6hhj,6npz,8.089179992675781,0.7365853658536585,1.0,False
EGFR,2jit,6jz0,8.249367713928223,0.9581993569131833,0.9966442953020134,False
ERBB2,8u8x,3pp0,8.31369400024414,0.9025974025974026,0.26618705035971224,False
EGFR,8a2a,8dsw,8.460912704467773,0.9446254071661238,0.2620689655172414,False
ERBB2,8u8x,7pcd,8.791951179504395,0.8701298701298701,0.27611940298507465,False
EGFR,4i21,6jz0,9.179741859436035,0.9453376205787781,1.0,False
EGFR,8a2d,8dsw,9.508626937866211,0.8925081433224755,0.2664233576642336,False
EGFR,4i21,4li5,9.765960693359375,0.954248366013072,1.0,False
EGFR,2rf9,7oxb,18.178281784057617,0.8229508196721311,0.04780876494023904,False
EGFR,2rf9,4lqm,18.250560760498047,0.8131147540983606,0.04838709677419355,False
EGFR,2rf9,8tjl,18.313793182373047,0.8333333333333334,0.047058823529411764,False
EGFR,2rf9,7b85,18.3853702545166,0.8076923076923077,0.047619047619047616,False
EGFR,2rf9,5em8,18.40447425842285,0.8382838283828383,0.047244094488188976,False
ABL1,6npv,4twp,18.75465965270996,0.9135338345864662,0.053497942386831275,False
ABL1,2g2f,6xr6,18.849308013916016,0.9024390243902439,0.05019305019305019,False
EGFR,2gs7,8hv2,19.184490203857422,0.8494983277591973,0.047244094488188976,False
EGFR,2gs7,5hib,19.272361755371094,0.8248407643312102,0.04633204633204633,False
EGFR,2gs7,8hva,19.281423568725586,0.8504983388704319,0.046875,False
EGFR,5hg7,4jrv,19.605995178222656,0.8533333333333334,0.046875,False
EGFR,5ugc,4jrv,19.888595581054688,0.8533333333333334,0.046875,False
EGFR,5ug9,4jrv,19.908798217773438,0.8533333333333334,0.046875,False
EGFR,5hg7,2gs2,20.061397552490234,0.8590163934426229,0.04961832061068702,False
EGFR,5cno,7er2,20.09134292602539,0.8766666666666667,0.049429657794676805,False
EGFR,5cno,7vra,20.10199737548828,0.8633333333333333,0.05019305019305019,False
EGFR,5ugc,2gs2,20.18209457397461,0.8590163934426229,0.04961832061068702,False
EGFR,5ug8,2gs2,20.225677490234375,0.8590163934426229,0.04961832061068702,False
EGFR,5hg7,2gs6,20.316150665283203,0.8488745980707395,0.04924242424242424,False
EGFR,5ugc,2gs6,20.407602310180664,0.8488745980707395,0.04924242424242424,False
EGFR,2jit,4jr3,20.43509864807129,0.8910891089108911,0.04814814814814815,False
EGFR,5ug9,2gs6,20.435815811157227,0.8488745980707395,0.04924242424242424,False
EGFR,2jit,4jq7,20.44620704650879,0.8910891089108911,0.04814814814814815,False
EGFR,2jit,4jq8,20.461872100830078,0.8910891089108911,0.04814814814814815,False
EGFR,2jit,5jeb,20.680543899536133,0.9297658862876255,0.046762589928057555,False
EGFR,5hg7,5jeb,20.710813522338867,0.8996655518394648,0.04460966542750929,False
EGFR,5u8l,4jq7,20.82184410095215,0.8844884488448845,0.04477611940298507,False
EGFR,5u8l,4jr3,20.827470779418945,0.8844884488448845,0.04477611940298507,False
EGFR,5u8l,4jq8,20.839069366455078,0.8844884488448845,0.04477611940298507,False
EGFR,5u8l,1m14,20.966388702392578,0.8827361563517915,0.04428044280442804,False
EGFR,5u8l,1m17,21.09796714782715,0.8878205128205128,0.04693140794223827,False
EGFR,2jit,1m14,21.104087829589844,0.8892508143322475,0.047619047619047616,False
ABL1,2fo0,2f4j,21.176998138427734,0.6172043010752688,0.059233449477351915,False
EGFR,5hg5,4jq7,21.202594757080078,0.9075907590759076,0.04363636363636364,False
EGFR,5hg5,4jr3,21.20875358581543,0.9075907590759076,0.04363636363636364,False
EGFR,5hg5,4jq8,21.229530334472656,0.9075907590759076,0.04363636363636364,False
EGFR,5hg5,1m14,21.386381149291992,0.9087947882736156,0.043010752688172046,False
EGFR,5hg5,1m17,21.428821563720703,0.9102564102564102,0.045774647887323945,False
EGFR,2jit,1m17,21.730850219726562,0.8942307692307693,0.05017921146953405,False
PIK3CA,5sxe,7myo,32.59115982055664,0.09847036328871893,1.0,False
PIK3CA,6nct,7myo,32.66645050048828,0.09913378248315688,1.0,False
PIK3CA,8ilv,7myo,33.262718200683594,0.09062821833161688,1.0,False
