relative_residue_index,importance,DFG_membership_fraction,alphaC_membership_fraction,activation_loop_membership_fraction,HRD_membership_fraction,dominant_region,dominant_region_fraction
53,0.1212589085121905,0.0011587485515643105,0.009269988412514484,0.7358053302433372,0.0,activation_loop,0.7358053302433372
52,0.0725952541869041,0.21089223638470453,0.0034762456546929316,0.7358053302433372,0.0,activation_loop,0.7358053302433372
54,0.0660592181917463,0.0,0.009269988412514484,0.7346465816917729,0.0,activation_loop,0.7346465816917729
10,0.0630533557894094,0.0220162224797219,0.08111239860950174,0.06720741599073002,0.0,other,0.08111239860950174
2,0.0545940548280935,0.055619930475086905,0.27809965237543455,0.05330243337195829,0.0,alphaC,0.27809965237543455
3,0.0529291852417316,0.055619930475086905,0.3314020857473928,0.05330243337195829,0.0,alphaC,0.3314020857473928
11,0.0513986105266166,0.02433371958285052,0.08342989571263036,0.07415990730011587,0.0,other,0.08342989571263036
43,0.0476157073782153,0.002317497103128621,0.0,0.10544611819235226,0.5990730011587485,HRD,0.5990730011587485
31,0.0472857124342941,0.0011587485515643105,0.07647740440324449,0.0996523754345307,0.005793742757821553,other,0.0996523754345307
59,0.0469152644578754,0.0,0.0,0.7300115874855156,0.0,activation_loop,0.7300115874855156
23,0.0464775120491452,0.012746234067207415,0.07647740440324449,0.0996523754345307,0.0,other,0.0996523754345307
32,0.0451148848129006,0.0011587485515643105,0.07531865585168018,0.10081112398609501,0.002317497103128621,other,0.10081112398609501
6,0.0412179740386079,0.019698725376593278,0.5098493626882966,0.055619930475086905,0.0,alphaC,0.5098493626882966
7,0.0398131536372994,0.019698725376593278,0.48899188876013905,0.06141367323290846,0.0,alphaC,0.48899188876013905
62,0.0370645555618458,0.0,0.0,0.10428736964078796,0.0,other,0.10428736964078796
60,0.0353143708129757,0.0220162224797219,0.0,0.03360370799536501,0.0,other,0.03360370799536501
51,0.0349429180080885,0.7288528389339514,0.0011587485515643105,0.6129779837775203,0.0,DFG,0.7288528389339514
15,0.0344192303707109,0.019698725376593278,0.09501738122827347,0.07879490150637311,0.0,other,0.09501738122827347
4,0.0341979044018708,0.06141367323290846,0.6118192352259559,0.054461181923522596,0.0,alphaC,0.6118192352259559
9,0.0341811511566987,0.02549246813441483,0.0880648899188876,0.06720741599073002,0.0,other,0.0880648899188876
30,0.0338677370415933,0.0011587485515643105,0.07647740440324449,0.0996523754345307,0.008111239860950173,other,0.0996523754345307
61,0.0335888009878411,0.0011587485515643105,0.0,0.11471610660486674,0.0,other,0.11471610660486674
26,0.0335108990791596,0.005793742757821553,0.07647740440324449,0.0996523754345307,0.0,other,0.0996523754345307
29,0.0328381110499406,0.0,0.07647740440324449,0.0996523754345307,0.005793742757821553,other,0.0996523754345307
57,0.0318827326123677,0.0,0.0,0.7346465816917729,0.0,activation_loop,0.7346465816917729
42,0.0318036055053868,0.002317497103128621,0.0,0.10892236384704519,0.2085747392815759,other,0.2085747392815759
5,0.0312951828774502,0.06720741599073002,0.5341830822711472,0.054461181923522596,0.0,alphaC,0.5341830822711472
8,0.0307411084096263,0.02433371958285052,0.38006952491309387,0.06141367323290846,0.0,alphaC,0.38006952491309387
44,0.0297187731266523,0.002317497103128621,0.0,0.05793742757821553,0.09385863267670916,other,0.09385863267670916
18,0.0296549956889872,0.019698725376593278,0.09038238702201622,0.08690614136732329,0.0,other,0.09038238702201622
13,0.0283618474361085,0.023174971031286212,0.08227114716106605,0.07531865585168018,0.0011587485515643105,other,0.08227114716106605
48,0.0271487721055108,0.0,0.0,0.028968713789107765,0.0,other,0.028968713789107765
33,0.0270685341878212,0.002317497103128621,0.027809965237543453,0.10081112398609501,0.004634994206257242,other,0.10081112398609501
14,0.0253095219555996,0.019698725376593278,0.0880648899188876,0.07879490150637311,0.0011587485515643105,other,0.0880648899188876
0,0.0251905823844812,0.054461181923522596,0.3047508690614137,0.04982618771726535,0.009269988412514484,alphaC,0.3047508690614137
46,0.0242623814190219,0.0,0.0,0.047508690614136734,0.0011587485515643105,other,0.047508690614136734
39,0.0238478546414575,0.002317497103128621,0.0,0.11123986095017381,0.0,other,0.11123986095017381
55,0.0235835010371793,0.0,0.005793742757821553,0.7346465816917729,0.0,activation_loop,0.7346465816917729
1,0.0233241520915501,0.054461181923522596,0.287369640787949,0.04982618771726535,0.004634994206257242,alphaC,0.287369640787949
58,0.0228390004648889,0.0,0.0,0.7323290845886443,0.0,activation_loop,0.7323290845886443
16,0.0226830822610853,0.0220162224797219,0.09269988412514485,0.07879490150637311,0.0,other,0.09269988412514485
50,0.0225596685380208,0.5631517960602549,0.0011587485515643105,0.0660486674391657,0.0,DFG,0.5631517960602549
12,0.0217880762805708,0.023174971031286212,0.08227114716106605,0.07531865585168018,0.0011587485515643105,other,0.08227114716106605
49,0.0214586983019531,0.013904982618771726,0.0011587485515643105,0.02549246813441483,0.0,other,0.02549246813441483
40,0.0205879793799047,0.0,0.0,0.10892236384704519,0.0011587485515643105,other,0.10892236384704519
17,0.019507655224831,0.015063731170336037,0.09269988412514485,0.08111239860950174,0.0,other,0.09269988412514485
41,0.019214588245479,0.0,0.0,0.10892236384704519,0.006952491309385863,other,0.10892236384704519
27,0.0191649181762117,0.0034762456546929316,0.07647740440324449,0.0996523754345307,0.0,other,0.0996523754345307
22,0.0190120059779768,0.01853997682502897,0.07647740440324449,0.09617612977983778,0.0,other,0.09617612977983778
25,0.0186498048787736,0.010428736964078795,0.07647740440324449,0.0996523754345307,0.0,other,0.0996523754345307
19,0.0181469946034941,0.01853997682502897,0.08574739281575898,0.08922363847045191,0.0,other,0.08922363847045191
35,0.0179037873761804,0.0011587485515643105,0.0220162224797219,0.10312862108922363,0.0,other,0.10312862108922363
21,0.0173812493827521,0.02085747392815759,0.08342989571263036,0.09385863267670916,0.0,other,0.09385863267670916
63,0.0166126788100487,0.0,0.0,0.0,0.0,other,0.0
34,0.0164356173076302,0.0034762456546929316,0.02549246813441483,0.10312862108922363,0.002317497103128621,other,0.10312862108922363
38,0.0164166256238486,0.004634994206257242,0.005793742757821553,0.10892236384704519,0.0,other,0.10892236384704519
56,0.0162305687849158,0.0,0.0011587485515643105,0.7346465816917729,0.0,activation_loop,0.7346465816917729
47,0.0161596881100695,0.0,0.0,0.03592120509849363,0.0,other,0.03592120509849363
24,0.0160947673980355,0.010428736964078795,0.07647740440324449,0.0996523754345307,0.0,other,0.0996523754345307
36,0.0159347821316649,0.0,0.01738122827346466,0.10312862108922363,0.0,other,0.10312862108922363
45,0.0150271773415296,0.002317497103128621,0.0,0.05330243337195829,0.027809965237543453,other,0.05330243337195829
20,0.0131853957453409,0.01738122827346466,0.08574739281575898,0.08922363847045191,0.0,other,0.08922363847045191
28,0.0123454598642728,0.0,0.07647740440324449,0.0996523754345307,0.0034762456546929316,other,0.0996523754345307
37,0.0112117097555623,0.005793742757821553,0.011587485515643106,0.10428736964078796,0.0,other,0.10428736964078796
